hostname,mass_msun,age_gyr,feh,chi2,n_bands,dist_pc,st_met_in,age_flag,chi2_flag,reliable
HIP 65 A,0.7545,0.048,0.2082,3.6958,10,61.78,0.18,ok,ok,True
WASP-136,1.2727,3.6747,-0.0857,10.1678,10,266.45,-0.18,ok,high,False
KELT-1,1.1909,4.7197,0.1755,9.4469,10,269.87,0.052,ok,ok,True
HATS-34,1.0,0.0316,0.3714,342.2901,10,504.79,0.25,lower_boundary,high,False
WASP-96,0.9727,9.1996,0.2735,93.7208,10,347.29,0.14,ok,high,False
TOI-198,0.3455,0.0441,-0.7714,0.7063,6,23.76,-0.7,ok,ok,True
WASP-44,0.9455,0.0316,0.1102,200.5193,10,358.45,-0.003,lower_boundary,high,False
Gliese 12,0.2364,0.1543,-0.3143,0.3213,6,12.16,-0.32,ok,ok,True
WASP-32,0.9455,9.1996,-0.1184,41.4054,10,276.28,-0.13,ok,high,False
WASP-158,1.1091,7.1626,0.1102,127.6695,10,530.45,0.24,ok,high,False
HD 1397,1.3,4.3419,0.1755,2.4784,10,79.98,0.29,ok,ok,True
TOI-6016,1.0545,9.1996,0.4041,56.8291,10,359.21,0.28,ok,high,False
WASP-26,1.1364,4.7197,0.3061,1.9974,10,250.37,0.16,ok,ok,True
TOI-260,0.5364,0.048,-0.6082,0.2206,6,20.2,-0.47,ok,ok,True
Qatar-4,0.8909,0.0316,0.2408,227.0232,10,323.46,0.103,lower_boundary,high,False
WASP-20,1.1636,5.5767,-0.0531,28.4659,10,338.34,-0.008,ok,high,False
WASP-1,1.0273,9.1996,0.0449,70.4758,10,376.53,0.17,ok,high,False
WASP-45,0.9182,0.0316,0.1102,42.018,10,213.64,-0.03,lower_boundary,high,False
HATS-30,0.9727,10.0,0.2082,118.6452,10,340.41,0.06,upper_boundary,high,False
TOI-5322,1.0,10.0,0.0776,327.4282,10,472.89,-0.048,upper_boundary,high,False
HATS-49,0.7545,0.0316,0.2082,202.5174,10,320.97,0.208,lower_boundary,high,False
HATS-46,0.9182,0.0316,0.0449,338.706,10,447.0,-0.06,lower_boundary,high,False
Qatar-5,1.0,8.4632,0.502,128.1301,10,370.02,0.377,ok,high,False
TOI-178,0.6455,5.5767,-0.1837,0.3368,10,62.8,-0.23,ok,ok,True
HD 2685,1.3,2.4214,-0.0857,0.5575,10,196.97,0.02,ok,ok,True
WASP-190,1.1636,5.1303,-0.1184,189.6762,10,543.5,-0.02,ok,high,False
TOI-6029,1.2727,5.1303,0.3388,8.692,10,594.12,0.37,ok,ok,True
HD 3167,0.8364,10.0,0.0122,1.2473,10,47.24,0.04,upper_boundary,ok,False
TOI-2406,0.1545,0.1677,-0.3796,1.436,6,55.39,-0.26,ok,ok,True
WASP-93,1.3,2.861,0.0449,1.6025,10,367.7,0.07,ok,ok,True
HAT-P-19,0.8364,0.0374,0.1429,92.7748,10,201.06,0.166,ok,high,False
HAT-P-16,1.0545,6.0619,0.0449,20.4194,10,221.12,0.17,ok,high,False
K2-149,0.5909,0.0522,-0.0204,101.9689,10,123.15,0.11,ok,high,False
TOI-1470,0.4818,0.1543,-0.1184,7.7784,10,51.71,0.0,ok,ok,True
TOI-244,0.3182,0.0567,-0.249,2.8023,10,22.07,-0.39,ok,ok,True
LHS 1140,0.1818,0.1823,-0.249,2.2237,6,14.96,-0.15,ok,ok,True
K2-206,0.8364,0.0316,-0.0204,142.8335,10,245.5,-0.14,lower_boundary,high,False
K2-217,1.0,10.0,0.1429,227.5531,10,379.14,0.04,upper_boundary,high,False
K2-216,0.7273,0.0567,0.1429,97.7325,10,114.83,0.0,ok,high,False
K2-207,0.9727,0.0316,0.2408,278.9873,10,363.26,0.11,lower_boundary,high,False
HD 5278,0.9727,7.1626,-0.249,0.8088,10,57.39,-0.12,ok,ok,True
K2-385,0.7818,0.0316,-0.0857,367.7809,10,401.77,-0.224,lower_boundary,high,False
K2-220,0.9182,9.1996,0.0776,30.2013,10,231.42,-0.05,ok,high,False
K2-203,0.7818,0.0344,-0.151,60.1376,10,168.47,-0.021,ok,high,False
K2-218,0.9727,9.1996,0.3714,150.1262,10,385.24,0.25,ok,high,False
TOI-3980,1.0545,10.0,0.2735,143.4675,10,494.83,0.188,upper_boundary,high,False
K2-219,1.0,10.0,0.2735,57.7375,10,322.98,0.13,upper_boundary,high,False
TOI-5301,1.3273,3.6747,0.0449,97.7121,10,586.51,0.03,ok,high,False
HAT-P-28,0.9455,10.0,0.2408,113.2578,10,401.22,0.12,upper_boundary,high,False
EPIC 220674823,0.9727,0.0316,0.1429,109.0093,10,242.45,-0.005,lower_boundary,high,False
K2-213,1.0273,10.0,0.3061,132.9129,10,393.42,0.25,upper_boundary,high,False
K2-283,0.8909,0.0316,0.3714,317.9924,10,400.94,0.28,lower_boundary,high,False
K2-282,0.8636,0.0316,-0.1184,370.3969,10,485.08,-0.23,lower_boundary,high,False
TOI-1472,0.8909,0.048,0.3061,0.6991,10,121.55,0.27,ok,ok,True
K2-148,0.6182,0.0441,-0.249,74.0117,10,123.87,-0.11,ok,high,False
K2-209,0.7545,8.4632,0.0776,1.1181,10,76.25,-0.06,ok,ok,True
K2-214,1.0,10.0,0.1755,82.7848,10,307.03,0.04,upper_boundary,high,False
HATS-68,1.1364,6.5893,0.0776,115.1182,10,596.15,0.21,ok,high,False
K2-205,0.9455,9.1996,-0.1184,193.1421,10,396.47,-0.26,ok,high,False
TOI-261,0.8909,9.1996,-0.4449,0.4437,10,113.3,-0.35,ok,ok,True
HATS-71,0.3727,0.0406,0.0449,214.1959,10,139.79,0.17,ok,high,False
HD 6061,0.9455,6.0619,-0.151,0.4875,10,67.55,-0.05,ok,ok,True
TOI-3693,0.8636,4.7197,0.2082,34.1878,10,174.8,0.071,ok,high,False
TOI-6651,1.3,3.9944,0.3714,0.5321,10,209.9,0.225,ok,ok,True
TOI-2046,0.9727,10.0,0.0449,39.3912,10,284.12,-0.06,upper_boundary,high,False
K2-281,0.8364,0.0316,0.2408,451.0484,10,464.96,0.22,lower_boundary,high,False
K2-222,0.9182,7.7858,-0.2816,0.3242,10,99.27,-0.315,ok,ok,True
TOI-1468,0.3727,0.1823,-0.0531,1.0956,10,24.71,-0.01,ok,ok,True
K2-221,1.0,0.0316,0.2735,127.6,10,309.17,0.13,lower_boundary,high,False
EPIC 220492298,0.9727,8.4632,0.4041,346.0777,10,597.0,0.28,ok,high,False
TOI-169,1.0273,10.0,0.3714,84.4017,10,407.61,0.24,upper_boundary,high,False
K2-204,1.0273,10.0,0.3388,252.6624,10,541.62,0.21,upper_boundary,high,False
WASP-187,1.5455,2.632,0.1429,6.5853,10,356.03,0.0,ok,ok,True
K2-210,0.8636,0.0344,-0.0857,0.7753,10,176.89,0.0,ok,ok,True
TOI-4406,1.0818,7.1626,0.2082,37.7884,10,260.55,0.1,ok,high,False
K2-386,0.9455,8.4632,0.2082,289.7989,10,421.8,0.074,ok,high,False
K2-150,0.4,0.0861,-0.0531,61.7078,10,102.47,0.09,ok,high,False
K2-212,0.6727,6.5893,0.1429,34.9452,10,107.29,0.03,ok,high,False
K2-215,0.9455,10.0,0.2408,141.1625,10,400.43,0.11,upper_boundary,high,False
WASP-186,1.0818,6.0619,-0.151,22.3244,10,281.43,-0.08,ok,high,False
TOI-277,0.5091,0.0861,-0.1184,0.1825,6,64.86,-0.01,ok,ok,True
TOI-1467,0.5091,0.2546,-0.1837,3.7589,10,37.47,-0.062,ok,ok,True
K2-151,0.4545,0.1201,-0.2163,18.224,10,69.13,-0.19,ok,high,False
K2-387,0.5636,0.0316,-0.0204,247.3566,10,267.44,0.126,lower_boundary,high,False
K2-113,1.0,10.0,0.4041,256.7936,10,618.67,0.27,upper_boundary,high,False
WASP-118,1.3818,3.3805,0.2735,60.1974,10,381.68,0.16,ok,high,False
K2-295,,,,inf,3,232.68,0.14,ok,inf,False
TOI-2236,1.0545,8.4632,0.0449,21.0118,10,346.62,0.119,ok,high,False
TOI-4010,0.8636,6.0619,0.4694,3.0622,10,176.1,0.37,ok,ok,True
GJ 3090,0.5364,0.3008,0.0449,2.3635,10,22.44,-0.06,ok,ok,True
K2-384,0.3182,0.1017,-0.0204,73.1033,10,81.53,0.068,ok,high,False
K2-208,0.9182,0.0316,0.0449,129.8641,10,259.26,-0.064,lower_boundary,high,False
HAT-P-51,0.9455,9.1996,0.4367,160.8963,10,436.41,0.302,ok,high,False
K2-211,0.8636,0.0344,0.0776,115.2027,10,277.32,0.134,ok,high,False
TOI-4515,0.8636,10.0,0.1755,27.8923,10,192.18,0.05,upper_boundary,high,False
HAT-P-53,0.9727,10.0,0.1102,345.2328,10,671.93,0.0,upper_boundary,high,False
TOI-1695,0.5364,0.1982,0.1102,0.8917,10,44.98,0.0,ok,ok,True
TOI-6330,0.4545,0.0522,-0.0531,114.6827,10,142.74,0.08,ok,high,False
TIC 237913194,0.9727,10.0,0.2408,107.9267,10,305.29,0.14,upper_boundary,high,False
TOI-2120,0.2636,0.6373,0.2408,21.2337,6,32.13,0.39,ok,high,False
NGTS-11,0.8364,10.0,0.3061,86.4888,10,188.26,0.22,upper_boundary,high,False
TOI-125,0.8636,6.062,0.0775,0.9919,10,110.15,-0.02,ok,ok,True
WASP-105,1.0,0.0316,0.4041,27.6615,10,216.67,0.28,lower_boundary,high,False
WASP-18,1.2182,1.4678,0.0449,0.9345,10,122.61,0.107,ok,ok,True
WASP-97,1.0273,5.5767,0.2408,1.2158,10,150.5,0.23,ok,ok,True
HIP 8152,0.9455,5.5767,0.0449,0.6591,10,101.39,0.007,ok,ok,True
TOI-2152,1.1091,8.4632,0.4041,1.8585,10,317.15,0.282,ok,ok,True
WASP-76,1.3818,2.861,0.2408,0.7158,10,188.04,0.366,ok,ok,True
WASP-181,0.9455,10.0,0.1755,155.3698,10,425.44,0.09,upper_boundary,high,False
HAT-P-60,1.4091,3.11,0.1102,1.3823,10,227.25,0.037,ok,ok,True
TOI-849,0.8909,10.0,0.3061,60.4755,10,224.24,0.19,upper_boundary,high,False
WASP-71,1.3273,3.9944,0.2408,8.488,10,350.75,0.15,ok,ok,True
HIP 9618,0.9727,3.6747,0.0776,0.7264,10,67.14,-0.018,ok,ok,True
HAT-P-32,0.9455,10.0,-0.1837,57.5749,10,283.05,-0.16,upper_boundary,high,False
TOI-2328,0.9455,0.0316,0.1755,26.1732,10,230.71,0.09,lower_boundary,high,False
WASP-53,0.8636,5.5767,0.3388,1.1507,10,199.96,0.22,ok,ok,True
TOI-262,0.9455,0.8898,0.2735,0.368,6,44.1,0.26,ok,ok,True
WASP-156,0.8636,5.1303,0.4367,7.1651,10,121.37,0.305,ok,ok,True
HAT-P-29,1.0273,9.1996,0.3388,32.1602,10,314.27,0.21,ok,high,False
TOI-2421,1.0818,8.4632,0.1755,8.4774,10,321.67,0.19,ok,ok,True
WASP-116,1.0,10.0,-0.0204,181.4132,10,517.68,0.0,upper_boundary,high,False
HAT-P-38,0.9455,0.0316,0.1755,111.9495,10,250.35,0.06,lower_boundary,high,False
TOI-2384,0.6727,0.0441,0.2082,89.2551,10,186.81,0.332,ok,high,False
WASP-33,1.5455,0.5863,0.0776,0.9236,10,121.14,0.1,ok,ok,True
WASP-117,1.0545,5.5767,0.0122,0.6686,10,157.48,-0.11,ok,ok,True
HD 15337,0.8636,6.5893,0.1755,1.8778,10,44.81,0.03,ok,ok,True
WASP-77 A,0.9182,9.1996,0.0449,33.4769,10,105.33,-0.1,ok,high,False
TOI-1062,0.9455,0.8898,0.2408,1.0635,10,82.28,0.14,ok,ok,True
HD 15906,0.7818,0.0522,0.0776,0.9186,10,45.69,0.02,ok,ok,True
TOI-1601,1.4364,3.3805,0.4367,1.0257,10,332.2,0.343,ok,ok,True
GPX-1,1.3545,3.9944,0.3714,254.6931,10,665.68,0.35,ok,high,False
TIC 4672985,1.0,9.1996,0.2735,56.7001,10,250.08,0.14,ok,high,False
TOI-3688 A,1.0273,9.1996,0.4041,103.3003,10,395.46,0.262,ok,high,False
TOI-4145 A,0.9182,0.0344,0.2408,69.049,10,203.07,0.168,ok,high,False
WASP-99,1.1909,5.1303,0.1429,0.4517,10,159.86,0.21,ok,ok,True
TOI-2443,0.6182,0.067,-0.249,0.5075,6,23.89,-0.29,ok,ok,True
WASP-72,1.2455,3.9944,-0.151,22.4931,10,415.27,-0.06,ok,high,False
WASP-138,1.0,9.1996,-0.0857,96.3709,10,401.7,-0.09,ok,high,False
TOI-1201,0.4273,0.0316,0.0122,50.5591,10,37.64,0.05,lower_boundary,high,False
TOI-558,1.1636,5.1303,0.0449,51.8929,10,401.43,-0.004,ok,high,False
HD 17156,1.2455,3.6747,0.3061,0.3475,10,77.31,0.208,ok,ok,True
TOI-4641,1.4364,1.7343,0.0122,0.7492,10,87.36,-0.09,ok,ok,True
HAT-P-52,0.9182,0.0316,0.4041,300.9823,10,359.24,0.28,lower_boundary,high,False
HR 858,1.1636,2.632,-0.0204,0.8737,10,31.68,0.025,ok,ok,True
TOI-1736,1.0273,9.1996,0.2082,2.0677,10,87.98,0.148,ok,ok,True
WASP-50,0.8909,0.0344,-0.0204,21.3453,10,181.27,-0.12,ok,high,False
TOI-4184,0.1545,0.0728,-0.3796,151.5275,10,68.95,-0.27,ok,high,False
TOI-2345,0.7273,0.0567,0.0122,0.735,10,81.21,-0.1,ok,ok,True
HD 18599,0.8091,0.0441,-0.0204,1.6458,10,38.62,0.0,ok,ok,True
LHS 1478,0.2636,0.4962,-0.249,6.4819,6,18.21,-0.13,ok,ok,True
TOI-1648,0.8364,6.5893,0.3061,0.6643,10,69.65,0.2,ok,ok,True
LTT 1445 A,0.2091,0.1017,-0.4449,0.6735,6,6.86,-0.34,ok,ok,True
TOI-1669,0.9455,9.1996,0.2082,1.1133,10,111.55,0.274,ok,ok,True
TOI-6041,0.9182,1.8852,0.1102,0.4721,10,72.5,0.104,ok,ok,True
NGTS-20,1.3,3.9944,0.2408,15.132,10,362.33,0.15,ok,high,False
TOI-6303,0.6455,0.0728,0.3061,79.7095,10,150.79,0.44,ok,high,False
TOI-559,1.0273,7.1626,0.0776,0.5448,10,231.51,-0.069,ok,ok,True
WASP-11,0.8636,0.0316,0.1429,10.7899,10,129.14,0.0,lower_boundary,high,False
TOI-5678,0.8909,8.4632,0.0449,0.5997,10,163.4,0.0,ok,ok,True
TOI-257,1.3818,3.11,0.2408,2.6968,10,76.78,0.175,ok,ok,True
TOI-3261,0.8364,10.0,0.2082,1.9556,10,298.25,0.138,upper_boundary,ok,False
HAT-P-25,0.9727,0.0316,0.4367,185.6281,10,299.69,0.294,lower_boundary,high,False
HD 20329,0.9455,9.1996,0.0776,1.8388,10,63.75,-0.07,ok,ok,True
TOI-406,0.3182,0.067,-0.1184,0.8961,6,30.91,-0.02,ok,ok,True
WASP-139,0.8636,8.4632,0.3061,39.6342,10,212.16,0.2,ok,high,False
TOI-2407,0.5364,0.0861,0.0776,49.2928,10,91.89,0.21,ok,high,False
TOI-6109,0.9455,7.1626,0.2082,0.2896,10,147.79,0.0895,ok,ok,True
TOI-3682,1.0818,9.1996,0.5347,32.4919,10,390.7,0.416,ok,high,False
TOI-5076,0.8091,8.4632,0.2082,0.7945,10,82.51,0.082,ok,ok,True
TOI-2202,0.8636,0.0344,0.1755,67.9065,10,235.89,0.059,ok,high,False
K2-86,0.7818,0.0316,-0.3143,106.147,10,253.5,-0.35,lower_boundary,high,False
HD 21520,1.0545,2.632,0.1102,0.5605,10,79.37,0.049,ok,ok,True
TOI-6038 A,1.2455,4.3419,0.2408,0.7454,10,177.12,0.124,ok,ok,True
GJ 143,0.7545,2.861,0.1429,0.4461,6,16.33,0.003,ok,ok,True
K2-30,0.8636,0.0316,-0.0531,192.6282,10,328.54,-0.15,lower_boundary,high,False
K2-175,1.0545,9.1996,0.1755,16.6785,10,238.18,0.05,ok,high,False
WASP-22,0.9727,10.0,0.0122,92.4883,10,313.72,-0.05,upper_boundary,high,False
K2-178,0.9182,0.0316,0.1429,59.4741,10,216.01,0.09,lower_boundary,high,False
TOI-908,0.9455,0.0316,-0.0531,0.6288,10,175.24,0.08,lower_boundary,ok,False
BD+20 594,0.9182,9.1996,-0.0531,4.2987,10,176.32,-0.15,ok,ok,True
TOI-2537,0.8091,0.0316,0.1102,60.7183,10,181.42,0.08,lower_boundary,high,False
HD 22946,1.0818,2.861,-0.0531,0.3461,10,62.84,-0.08,ok,ok,True
K2-77,0.8091,0.0406,0.1429,22.5012,10,140.64,0.13,ok,high,False
K2-177,1.0818,9.1996,0.5347,84.6159,10,489.47,0.41,ok,high,False
K2-79,0.9727,9.1996,0.1755,105.2065,10,257.63,0.035,ok,high,False
HD 23472,0.7,0.0522,-0.1837,2.8913,10,39.08,-0.2,ok,ok,True
K2-84,0.9182,0.0316,0.4041,112.796,10,284.43,0.278,lower_boundary,high,False
WASP-119,0.9455,10.0,0.2082,24.162,10,300.96,0.14,upper_boundary,high,False
TOI-6054,1.1364,6.0619,0.0776,3.7309,10,78.58,-0.07,ok,ok,True
TOI-1634,0.4818,0.1543,0.2082,0.6052,10,35.07,0.19,ok,ok,True
TOI-2416,1.0273,10.0,0.4367,178.4817,10,555.54,0.32,upper_boundary,high,False
TIC 279401253,0.9727,10.0,0.2082,44.8036,10,283.93,0.2,upper_boundary,high,False
K2-411,0.9727,10.0,0.2735,66.359,10,295.88,0.1415,upper_boundary,high,False
NGTS-16,1.0,10.0,0.4694,377.9311,10,876.82,0.35,upper_boundary,high,False
K2-176,0.9182,0.0316,0.2735,71.561,10,245.95,0.15,lower_boundary,high,False
WASP-98,0.7818,0.0316,-0.3469,181.2421,10,278.77,-0.49,lower_boundary,high,False
K2-179,0.7818,0.0344,-0.0204,112.2142,10,187.58,0.03,ok,high,False
K2-80,0.8909,0.0316,0.2082,120.6709,10,198.39,0.07,lower_boundary,high,False
K2-90,0.6182,0.0316,-0.3469,81.8281,10,133.49,-0.225,lower_boundary,high,False
TOI-5340,1.0818,8.4632,0.1102,148.8062,10,523.76,0.208,ok,high,False
K2-85,0.6727,0.067,0.0449,23.1531,10,96.72,0.14,ok,high,False
K2-111,0.8909,10.0,-0.3143,36.343,10,197.33,-0.46,upper_boundary,high,False
TOI-858 B,1.0,10.0,0.1429,12.6487,10,250.66,0.153,upper_boundary,high,False
K2-173,0.8636,0.0316,-0.1184,79.7804,10,225.61,-0.25,lower_boundary,high,False
WASP-140,0.9455,0.067,0.2408,6.7054,10,116.42,0.12,ok,ok,True
HD 25463,1.1636,3.6747,-0.0857,0.8322,10,45.11,-0.018,ok,ok,True
K2-174,0.7273,1.1428,0.1755,0.8474,10,100.02,0.113,ok,ok,True
HATS-57,0.9455,9.1996,0.4041,95.6682,10,277.02,0.268,ok,high,False
HATS-75,0.6182,0.0792,0.4041,158.5171,10,195.84,0.522,ok,high,False
V1298 Tau,0.9727,9.1996,0.2408,43.7288,10,107.52,0.1,ok,high,False
TOI-2714,1.0273,9.1996,0.4367,260.8926,10,601.18,0.3,ok,high,False
HATS-61,1.0545,10.0,0.3061,207.0852,10,675.01,0.247,upper_boundary,high,False
TOI-2373,1.0,9.1996,0.4367,186.5061,10,492.95,0.3,ok,high,False
TOI-954,1.1909,6.0619,0.3061,0.763,10,238.12,0.215,ok,ok,True
TOI-2580,1.1636,6.5893,0.2082,59.5639,10,372.79,0.26,ok,high,False
WASP-120,1.2727,3.3805,-0.1184,11.8895,10,380.24,-0.05,ok,high,False
K2-29,0.8909,0.0316,0.2735,193.4288,10,176.74,0.16,lower_boundary,high,False
TOI-5344,0.5909,0.0792,0.3061,95.1589,10,136.09,0.425,ok,high,False
K2-25,0.2909,0.1982,0.1429,60.5536,10,44.62,0.15,ok,high,False
WASP-126,1.0,10.0,0.3388,18.0564,10,216.95,0.2068,upper_boundary,high,False
WASP-78,1.1091,5.5767,-0.3143,121.2749,10,708.75,-0.35,ok,high,False
LP 890-9,0.1273,0.3008,-0.151,2.969,6,32.28,-0.028,ok,ok,True
TOI-444,0.8636,0.4962,0.0776,1.2475,10,57.39,0.08,ok,ok,True
LP 714-47,0.6182,0.1306,0.2735,0.5233,10,52.3,0.41,ok,ok,True
HD 28109,1.2182,3.11,0.1102,0.5073,10,140.09,0.1,ok,ok,True
TOI-1696,0.2909,0.2546,0.2082,107.6423,10,64.43,0.336,ok,high,False
XO-3,1.1909,3.11,-0.3143,0.4885,10,204.12,-0.18,ok,ok,True
K2-155,0.5364,0.0861,-0.3469,19.6658,10,72.89,-0.3,ok,high,False
K2-87,0.9455,10.0,0.4694,607.1546,10,488.52,0.328,upper_boundary,high,False
HAT-P-15,0.9727,0.0316,0.3061,84.8146,10,191.46,0.22,lower_boundary,high,False
WASP-79,1.3818,1.7343,0.1102,3.4764,10,244.7,0.03,ok,ok,True
HATS-5,0.8909,8.4632,0.3388,72.16,10,245.92,0.19,ok,high,False
K2-136,0.6727,8.4632,-0.0531,0.6436,10,58.75,-0.02,ok,ok,True
HATS-63,0.9455,10.0,0.2082,352.9873,10,625.36,0.081,upper_boundary,high,False
K2-370,0.9455,0.0316,0.1102,31.6101,10,140.18,0.018,lower_boundary,high,False
TOI-2449,1.0,4.7197,-0.1184,1.9201,10,154.52,-0.03,ok,ok,True
WASP-159,1.2455,4.7197,0.0776,78.947,10,717.81,0.22,ok,high,False
TOI-270,0.3455,0.1017,-0.3143,0.5026,6,22.47,-0.17,ok,ok,True
TOI-1685,0.4818,0.1982,0.1429,1.3061,10,37.6,0.01,ok,ok,True
HAT-P-58,0.9727,10.0,-0.0857,285.9092,10,519.95,-0.224,upper_boundary,high,False
WASP-100,1.3545,2.4214,-0.0531,0.8692,10,354.87,-0.03,ok,ok,True
HAT-P-64,1.0273,8.4632,-0.151,196.4096,10,668.87,-0.113,ok,high,False
TOI-3714,0.5091,0.0728,0.0449,49.9137,10,112.52,0.1,ok,high,False
HATS-76,0.6727,0.0441,0.1755,499.9376,10,388.45,0.322,ok,high,False
NGTS-23,1.0273,6.0619,-0.151,4.9298,10,1011.01,-0.26,ok,ok,True
K2-395,0.7273,0.0316,-0.151,223.1715,10,285.87,-0.033,lower_boundary,high,False
TOI-2447,1.0273,3.3805,0.0776,1.0899,10,149.02,0.18,ok,ok,True
TOI-2154,1.0273,7.7858,-0.0857,21.509,10,296.22,0.011,ok,high,False
K2-394,0.6182,0.0616,-0.249,1.1383,10,97.58,-0.388,ok,ok,True
TOI-2719,1.0818,8.4632,0.1429,127.9507,10,600.03,0.27,ok,high,False
WASP-141,1.0545,9.1996,0.3388,122.8858,10,504.94,0.29,ok,high,False
WASP-82,1.3,3.6747,0.0122,0.7773,10,273.35,0.12,ok,ok,True
TOI-813,1.2182,4.7197,0.1102,0.4024,10,262.47,0.1,ok,ok,True
NGTS-17,1.0273,9.1996,0.2735,392.418,10,991.26,0.15,ok,high,False
NGTS-15,1.0,0.0316,0.2735,455.1056,10,762.04,0.15,lower_boundary,high,False
TOI-157,0.9727,9.1996,0.3714,52.5311,10,353.8,0.24,ok,high,False
K2-232,1.1091,3.9944,0.2408,2.7465,10,129.22,0.1,ok,ok,True
TOI-216,0.8364,9.1996,0.4367,28.4962,10,177.72,0.32,ok,high,False
TOI-5350,0.9727,10.0,0.1429,81.4778,10,280.89,0.044,upper_boundary,high,False
HAT-P-62,1.0,9.1996,0.5347,139.4927,10,350.48,0.414,ok,high,False
HAT-P-70,1.6545,1.2422,-0.0857,15.5557,10,315.88,-0.059,ok,high,False
K2-396,0.9182,0.0316,0.2735,93.1028,10,272.84,0.237,lower_boundary,high,False
TOI-871,0.7545,0.0522,-0.0531,0.8171,10,67.81,-0.07,ok,ok,True
WASP-61,1.0,7.7858,-0.2163,85.9474,10,476.94,-0.1,ok,high,False
HAT-P-61,0.9727,0.0316,0.3061,254.6113,10,340.29,0.194,lower_boundary,high,False
NGTS-6,0.8364,0.0316,0.2408,217.3772,10,303.93,0.11,lower_boundary,high,False
TOI-269,0.3455,0.0728,-0.3796,4.5097,10,56.8,-0.29,ok,ok,True
WASP-35,0.9455,10.0,-0.0204,39.2189,10,201.33,-0.15,upper_boundary,high,False
K2-412,0.8909,0.0316,0.1429,90.5959,10,668.62,0.014,lower_boundary,high,False
K2-291,0.9727,1.1428,0.1102,0.388,10,89.27,0.08,ok,ok,True
TOI-942,0.8364,0.0316,-0.1184,40.1838,10,150.9,-0.221,lower_boundary,high,False
K2-260,1.1636,6.5893,0.2082,124.6208,10,667.94,0.334,ok,high,False
TOI-4137,1.1091,7.7858,0.2735,135.1969,10,335.39,0.182,ok,high,False
KELT-7,1.3818,2.2275,-0.0204,1.0373,10,134.9,0.0,ok,ok,True
EPIC 246851721,1.1636,6.5893,0.2408,40.9526,10,373.37,0.141,ok,high,False
K2-284,0.6182,4.7197,-0.0531,16.4797,10,106.05,0.0,ok,high,False
TOI-2458,1.0545,6.0619,-0.0531,3.6221,10,111.06,-0.1,ok,ok,True
TOI-163,1.3545,3.11,0.3388,40.4056,10,404.65,0.22,ok,high,False
K2-397,0.9727,0.0316,0.2408,54.7672,10,197.84,0.11,lower_boundary,high,False
TOI-4364,0.4818,0.2154,0.0776,0.6577,10,43.83,0.148,ok,ok,True
TOI-199,0.9455,0.1982,0.3061,1.2666,10,101.65,0.22,ok,ok,True
NGTS-31,1.0,10.0,0.1429,341.2282,10,645.55,0.0,upper_boundary,high,False
HATS-43,0.8909,0.0316,0.0776,235.7327,10,357.97,0.05,lower_boundary,high,False
TOI-2338,0.9727,9.1996,0.3388,103.265,10,305.01,0.22,ok,high,False
HD 35843,0.9182,3.3805,-0.151,1.089,10,69.26,-0.27,ok,ok,True
TOI-421,0.8636,0.0374,-0.0204,0.9192,10,74.85,-0.044,ok,ok,True
TOI-544,0.6182,8.4632,-0.2163,0.7053,10,40.86,-0.17,ok,ok,True
NGTS-1,0.5909,0.0616,-0.0204,235.6313,10,216.11,0.0,ok,high,False
TOI-431,0.8091,2.4214,0.1755,0.915,10,32.61,0.2,ok,ok,True
TOI-4603,1.6273,2.4214,0.4694,0.9047,10,222.62,0.342,ok,ok,True
TIC 46432937,0.5636,0.2342,0.1755,21.5581,10,90.34,0.323,ok,high,False
TOI-2796,0.9727,10.0,0.3714,108.1954,10,346.35,0.239,upper_boundary,high,False
HD 39091,1.0273,5.5767,-0.0204,0.2765,6,18.29,0.09,ok,ok,True
HATS-44,0.8909,0.0316,0.2735,315.5276,10,433.11,0.32,lower_boundary,high,False
TOI-532,0.6455,0.067,0.2408,94.998,10,134.6,0.338,ok,high,False
TOI-892,1.0818,7.7858,0.2082,54.8349,10,330.94,0.24,ok,high,False
TOI-2525,0.8636,0.0316,0.1429,198.6264,10,395.97,0.14,lower_boundary,high,False
WASP-62,1.1909,2.2275,0.1429,1.3146,10,175.47,0.04,ok,ok,True
TOI-2570,0.9727,10.0,0.3388,94.5057,10,355.13,0.191,upper_boundary,high,False
TOI-201,1.3545,0.0344,0.3388,0.5831,10,112.08,0.24,ok,ok,True
WASP-160 B,0.9455,0.0316,0.3714,212.7943,10,288.94,0.27,lower_boundary,high,False
TOI-2346,1.0818,7.1626,0.1102,66.823,10,436.56,-0.03,ok,high,False
HATS-6,0.6182,0.0522,0.0776,118.4722,10,168.62,0.2,ok,high,False
TOI-480,1.1909,3.9944,0.0449,0.4576,10,54.22,0.164,ok,ok,True
TOI-2364,0.8909,10.0,0.4694,69.1254,10,216.45,0.344,upper_boundary,high,False
TOI-904,0.5364,0.1677,-0.0531,0.5994,10,46.06,0.022,ok,ok,True
NGTS-4,0.8091,0.0316,-0.2163,163.9513,10,277.29,-0.28,lower_boundary,high,False
TOI-2497,1.5727,2.0492,0.1429,0.4632,10,275.74,0.094,ok,ok,True
TOI-4734,1.1091,7.7858,0.1429,122.7172,10,585.4,0.288,ok,high,False
TOI-4201,0.6455,0.0728,0.3714,141.296,10,187.55,0.52,ok,high,False
TOI-286,0.7818,9.1996,-0.0857,1.6196,10,59.26,-0.05,ok,ok,True
TOI-3757,0.6182,0.0441,-0.1184,110.1619,10,177.42,0.0,ok,high,False
WASP-49,0.8909,9.1996,-0.0857,41.1393,10,193.74,-0.23,ok,high,False
LHS 1815,0.4818,0.0728,-0.1837,1.5474,6,29.79,-0.12,ok,ok,True
TOI-5153,1.0818,7.1626,0.0776,105.2054,10,385.14,0.12,ok,high,False
TOI-220,0.8364,0.0316,-0.2163,3.7092,10,90.87,-0.217,lower_boundary,ok,False
NGTS-10,0.6727,0.0316,-0.151,176.9361,10,258.39,-0.02,lower_boundary,high,False
TOI-1338 A,1.0,9.1996,-0.0204,64.6626,10,399.22,0.01,ok,high,False
KELT-2 A,1.2182,4.7197,0.0122,0.7896,10,133.92,0.0,ok,ok,True
TOI-712,0.7273,0.8898,-0.0204,1.0401,10,58.65,-0.02,ok,ok,True
HD 42813,0.9727,0.0344,0.2735,0.5647,10,67.91,0.24,ok,ok,True
TOI-2803 A,0.9455,10.0,-0.151,135.8421,10,488.69,-0.105,upper_boundary,high,False
TIC 434398831,0.8909,10.0,0.0449,82.4306,10,213.25,-0.081,upper_boundary,high,False
TOI-470,0.8909,2.0492,0.2082,0.9917,10,129.74,0.1,ok,ok,True
HATS-4,1.0,0.0316,0.502,206.659,10,412.3,0.43,lower_boundary,high,False
TOI-880,0.8091,9.1996,0.1755,2.0472,10,60.48,0.23,ok,ok,True
K2-26,0.4818,0.0567,-0.249,36.4955,10,99.31,-0.13,ok,high,False
TOI-1710,0.9727,3.9944,0.0449,0.5803,10,80.99,0.147,ok,ok,True
WASP-63,1.0818,8.4632,0.1755,1.2231,10,287.58,0.08,ok,ok,True
TOI-5110,1.3273,3.6747,0.0449,1.4257,10,384.07,0.065,ok,ok,True
NGTS-3 A,0.9727,0.0316,0.2408,362.1305,10,726.64,0.12,lower_boundary,high,False
XO-6,1.1909,2.632,-0.2163,11.1637,10,230.52,-0.07,ok,high,False
CoRoT-31,1.0273,10.0,0.0776,841.0327,10,1811.47,0.0,upper_boundary,high,False
TIC 241249530,1.0,10.0,0.0776,37.0899,10,333.02,0.09,upper_boundary,high,False
TOI-2498,1.0545,7.7858,0.2408,14.2893,10,274.3,0.167,ok,high,False
TOI-512,0.8636,0.0316,-0.1184,1.1596,10,67.14,-0.11,lower_boundary,ok,False
WASP-168,0.9727,9.1996,0.0776,90.9207,10,297.28,-0.01,ok,high,False
CoRoT-19,1.0273,10.0,0.0776,341.6623,10,812.2,-0.02,upper_boundary,high,False
TOI-700,0.4273,9.1996,-0.1184,2.0641,10,31.13,-0.07,ok,ok,True
WASP-12,1.1091,7.7858,0.1755,95.8834,10,405.85,0.12,ok,high,False
CoRoT-20,0.9727,10.0,0.2735,672.9186,10,861.68,0.14,upper_boundary,high,False
TOI-1694,0.8091,10.0,0.1429,10.3692,10,123.69,0.131,upper_boundary,high,False
CoRoT-18,0.9455,0.0316,0.0449,713.4248,10,759.7,-0.1,lower_boundary,high,False
WASP-101,1.2182,2.2275,0.0776,0.3039,10,199.02,0.2,ok,ok,True
GJ 238,0.4545,0.4565,0.0449,0.8707,6,15.21,0.15,ok,ok,True
TOI-628,1.0818,7.1626,0.1102,7.6041,10,184.77,0.258,ok,ok,True
HD 260655,0.4545,0.1201,-0.3469,0.4408,6,9.99,-0.43,ok,ok,True
TOI-640,1.4091,3.11,0.1102,15.0685,10,337.91,0.072,ok,high,False
HAT-P-54,0.6455,0.0441,-0.249,60.313,10,142.75,-0.127,ok,high,False
CoRoT-32,0.9182,10.0,0.1429,626.4911,10,553.87,0.0,upper_boundary,high,False
HATS-40,1.3545,3.3805,-0.0531,476.7177,10,1353.27,0.01,ok,high,False
CoRoT-12,0.9727,10.0,0.3061,941.4641,10,1096.19,0.16,upper_boundary,high,False
TOI-2184,1.5727,2.632,0.2735,55.3231,10,757.67,0.14,ok,high,False
HAT-P-56,1.1364,5.1303,-0.0531,58.443,10,311.45,0.0,ok,high,False
CoRoT-7,0.8909,0.0374,0.1755,97.3326,10,158.7,0.05,ok,high,False
CoRoT-21,1.0273,10.0,0.0776,880.265,10,1693.73,0.0,upper_boundary,high,False
WASP-64,0.9182,9.1996,0.0122,2.3092,10,358.55,-0.08,ok,ok,True
WASP-23,0.8364,0.0344,-0.0204,44.8983,10,205.28,-0.05,ok,high,False
CoRoT-5,0.9455,10.0,-0.1184,524.0652,10,834.75,-0.25,upper_boundary,high,False
HATS-66,1.1364,6.0619,-0.0857,514.5437,10,1465.22,-0.017,ok,high,False
CoRoT-24,0.8636,0.0316,0.3061,490.3405,10,594.99,0.3,lower_boundary,high,False
HATS-45,1.0,10.0,0.0449,346.7496,10,773.16,0.02,upper_boundary,high,False
CoRoT-1,0.9455,10.0,-0.151,320.0697,10,743.85,-0.3,upper_boundary,high,False
CoRoT-4,1.0,9.1996,0.1755,392.0584,10,712.18,0.05,ok,high,False
CoRoT-13,1.0,10.0,0.1429,730.6161,10,1201.21,0.01,upper_boundary,high,False
TOI-530,0.5636,0.327,0.2408,2.4948,10,146.68,0.376,ok,ok,True
CoRoT-14,1.0273,10.0,0.0776,802.7268,10,1825.93,0.05,upper_boundary,high,False
HATS-41,1.2182,5.1303,0.3388,196.5858,10,703.3,0.47,ok,high,False
TOI-1716,1.0,7.7858,0.0122,0.4605,10,103.56,0.096,ok,ok,True
TOI-4127,1.0545,7.1626,0.0776,53.6866,10,320.23,0.14,ok,high,False
TOI-500,0.7273,0.0616,0.1755,0.7816,10,47.38,0.12,ok,ok,True
TOI-5082,0.9182,6.0619,-0.0531,1.0506,10,42.96,0.09,ok,ok,True
TOI-5592,1.0545,8.4632,0.1102,172.0097,10,578.87,-0.013,ok,high,False
TOI-2589,0.9455,10.0,0.2082,20.2971,10,198.61,0.12,upper_boundary,high,False
WASP-121,1.3545,1.5955,0.2408,0.2104,10,262.4,0.17,ok,ok,True
NGTS-33,1.2455,3.6747,-0.0204,58.8834,10,435.67,-0.11,ok,high,False
HD 56414,1.7636,0.5863,0.1429,0.2924,10,267.16,0.0,ok,ok,True
TOI-1221,0.9182,8.4632,0.0449,0.373,10,136.95,0.06,ok,ok,True
TOI-2842,1.0273,10.0,0.3714,156.9848,10,450.24,0.233,upper_boundary,high,False
KELT-14,1.0273,10.0,0.2082,9.6045,10,245.87,0.32,upper_boundary,ok,False
HATS-42,1.0273,10.0,0.3061,289.9591,10,786.59,0.22,upper_boundary,high,False
HAT-P-24,0.9727,9.1996,-0.2163,103.5219,10,405.08,-0.16,ok,high,False
HATS-70,1.6,1.5955,-0.0531,360.1548,10,1273.29,0.041,ok,high,False
TOI-4791,1.0818,7.7858,0.2408,20.3756,10,315.85,0.207,ok,high,False
TOI-2886,1.0545,8.4632,0.3714,105.7524,10,412.18,0.284,ok,high,False
HAT-P-9,1.0545,8.4632,0.2082,171.2794,10,455.78,0.12,ok,high,False
TOI-2876,0.9455,0.0344,0.4694,97.0373,10,221.28,0.353,ok,high,False
TOI-4214,1.0273,10.0,0.1755,43.1251,10,334.52,0.294,upper_boundary,high,False
XO-4,1.0818,6.0619,-0.151,13.6556,10,262.64,-0.04,ok,high,False
TOI-4794,1.0,10.0,-0.0204,186.8854,10,548.84,-0.102,upper_boundary,high,False
TOI-481,1.1364,7.1626,0.3388,0.4879,10,177.41,0.26,ok,ok,True
KELT-19 A,1.4091,1.8852,-0.2163,43.6755,10,291.95,-0.12,ok,high,False
HAT-P-20,0.7545,7.1626,0.4367,0.9836,10,71.22,0.35,ok,ok,True
TOI-4562,1.0,9.1996,0.1755,110.4278,10,344.43,0.08,ok,high,False
HATS-39,1.1636,6.0619,0.1102,200.062,10,779.75,0.0,ok,high,False
TOI-150,1.0818,8.4632,0.2735,28.916,10,332.38,0.28,ok,high,False
HAT-P-33,1.3545,2.861,0.1755,38.8515,10,391.89,0.05,ok,high,False
HAT-P-39,1.2455,4.7197,0.1755,142.7711,10,693.43,0.19,ok,high,False
TOI-715,0.1545,0.1017,-0.3143,47.3908,10,42.46,-0.25,ok,high,False
TOI-1011,0.9182,6.5893,0.1429,1.5103,10,52.35,0.03,ok,ok,True
HATS-55,1.0,9.1996,0.2408,224.1417,10,599.17,0.108,ok,high,False
TOI-4504,0.9455,0.0316,0.3061,78.4808,10,336.72,0.16,lower_boundary,high,False
TOI-4773,1.1909,4.7197,0.0449,104.1766,10,501.5,0.11,ok,high,False
TOI-969,0.7273,7.1626,0.2082,2.4539,10,77.71,0.175,ok,ok,True
TOI-2587 A,1.0818,8.4632,0.1429,73.1143,10,370.03,0.13,ok,high,False
TOI-1937 A,0.9727,9.1996,0.3388,133.7406,10,410.32,0.196,ok,high,False
XO-5,0.9455,10.0,0.1755,129.5586,10,271.19,0.05,upper_boundary,high,False
TOI-1723,0.9727,9.1996,0.2082,13.2792,10,100.39,0.159,ok,high,False
TOI-2322,0.6727,9.1996,-0.1184,0.7192,10,59.86,-0.12,ok,ok,True
XO-2 N,1.0,0.0344,0.4367,0.5226,10,149.38,0.43,ok,ok,True
KELT-15,1.1364,6.0619,0.1755,9.2472,10,314.69,0.05,ok,ok,True
HD 63433,1.0,0.1677,0.0449,0.8406,10,22.36,-0.07,ok,ok,True
HD 63935,0.9182,7.1626,0.0449,0.5426,10,48.77,0.107,ok,ok,True
HAT-P-50,1.0818,7.1626,-0.0857,150.6826,10,477.78,-0.18,ok,high,False
HAT-P-68,0.6727,0.0441,-0.1837,119.3196,10,200.92,-0.059,ok,high,False
TOI-283,0.8364,3.9944,-0.0857,0.9668,10,82.44,-0.09,ok,ok,True
TOI-2529,1.0273,10.0,0.1102,7.9462,10,296.92,0.1,upper_boundary,ok,False
TOI-2818,0.9727,9.1996,0.0776,4.4502,10,309.48,-0.02,ok,ok,True
GJ 3470,0.5091,0.142,0.0776,1.4729,10,29.38,0.2,ok,ok,True
GJ 3473,0.3727,9.1996,0.0122,2.11,6,27.3,0.11,ok,ok,True
TOI-1728,0.6455,2.0492,0.1429,0.7489,10,60.82,0.25,ok,ok,True
TOI-3819,1.0545,9.1996,0.1755,137.4856,10,545.75,0.273,ok,high,False
K2-373,1.0545,7.7858,0.0122,20.0788,10,226.34,0.049,ok,high,False
HAT-P-35,1.0545,9.1996,0.1755,223.4072,10,518.4,0.11,ok,high,False
TOI-521,0.3727,0.0728,-0.2163,6.048,10,60.84,-0.12,ok,ok,True
K2-108,1.0818,9.1996,0.4041,84.7109,10,465.76,0.36,ok,high,False
WASP-180 A,1.1909,1.4678,0.1102,1.4069,10,249.65,0.1,ok,ok,True
HAT-P-30,1.1636,4.7197,0.2082,15.866,10,207.18,0.13,ok,high,False
TIC 139270665,1.1636,3.9944,0.2082,0.4216,10,185.34,0.156,ok,ok,True
K2-338,0.6727,5.5767,-0.0857,75.9618,10,157.91,-0.23,ok,high,False
L 98-59,0.2091,0.0616,-0.5102,0.4162,6,10.61,-0.46,ok,ok,True
TOI-519,0.3455,0.1017,0.1429,210.3629,10,114.6,0.27,ok,high,False
K2-355,0.9182,0.0316,-0.0204,333.2273,10,487.99,-0.12,lower_boundary,high,False
K2-183,0.9727,0.0316,0.2082,226.4303,10,318.36,0.09,lower_boundary,high,False
K2-271,0.8636,9.1996,-0.151,485.5325,10,529.93,-0.3,ok,high,False
TOI-622,1.2455,2.4214,0.0449,0.5817,10,122.55,0.09,ok,ok,True
K2-105,0.8909,10.0,0.2408,61.9909,10,197.89,0.22,upper_boundary,high,False
TOI-6420,1.0545,9.1996,0.3714,198.0759,10,600.2,0.24,ok,high,False
KELT-17,1.5727,0.8898,0.0122,0.3255,10,225.96,-0.018,ok,ok,True
K2-276,0.8636,0.0316,0.1429,401.8302,10,470.77,0.07,lower_boundary,high,False
K2-346,0.6727,0.0522,-0.2816,6.5352,10,105.22,-0.18,ok,ok,True
WASP-161,1.1909,4.7197,0.0122,38.0137,10,352.91,0.16,ok,high,False
K2-347,0.6455,0.0316,-0.3469,472.1128,10,315.68,-0.26,lower_boundary,high,False
TOI-1478,0.9727,6.5893,0.1755,0.4334,10,151.79,0.078,ok,ok,True
K2-180,0.7273,0.0316,-0.5429,79.68,10,202.54,-0.578,lower_boundary,high,False
K2-122,0.6182,9.1996,0.2082,6.7347,10,72.25,0.32,ok,ok,True
K2-98,1.0,9.1996,-0.151,216.804,10,513.5,-0.044,ok,high,False
K2-115,0.8636,5.1303,-0.2163,5.1335,10,400.7,-0.198,ok,ok,True
HIP 41378,1.1364,3.6747,-0.0531,0.6017,10,105.6,-0.1,ok,ok,True
K2-330,1.1909,3.6747,0.0122,0.2974,10,157.97,-0.03,ok,ok,True
K2-121,0.7273,0.0567,0.1755,151.4031,10,168.55,0.04,ok,high,False
WASP-169,1.2727,3.9944,-0.0531,94.3993,10,606.31,0.06,ok,high,False
K2-181,0.9455,10.0,0.2735,231.7436,10,356.58,0.18,upper_boundary,high,False
K2-34,1.0273,9.1996,0.0776,105.4977,10,342.32,0.01,ok,high,False
K2-337,0.9455,10.0,-0.151,181.1888,10,423.35,-0.27,upper_boundary,high,False
K2-97,1.1636,7.1626,0.2408,130.1545,10,805.99,0.328,ok,high,False
K2-114,0.9182,0.0316,0.4367,405.9683,10,469.66,0.42,lower_boundary,high,False
K2-340,0.9455,9.1996,0.2082,530.8372,10,701.8,0.08,ok,high,False
K2-371,0.8091,0.0316,-0.0204,434.3805,10,438.73,-0.107,lower_boundary,high,False
K2-356,0.8909,0.0316,0.0122,260.0764,10,354.46,-0.11,lower_boundary,high,False
TIC 172900988 Aa,1.3818,3.3805,0.3714,0.3143,10,244.36,0.34,ok,ok,True
HAT-P-43,0.9727,10.0,0.3388,281.9988,10,516.47,0.2,upper_boundary,high,False
K2-354,0.3727,0.0616,-0.1837,105.0779,10,90.5,-0.04,ok,high,False
K2-184,0.7545,10.0,-0.249,0.835,10,75.48,-0.1,upper_boundary,ok,False
K2-274,0.7545,0.0316,-0.2816,224.6789,10,226.92,-0.16,lower_boundary,high,False
K2-95,0.2909,0.0316,-0.0204,654.1026,10,178.3,0.1,lower_boundary,high,False
K2-335,1.0273,10.0,0.2082,362.9335,10,523.95,0.1,upper_boundary,high,False
TOI-6695,1.2455,4.3419,0.2408,15.4342,10,281.15,0.2,ok,high,False
K2-100,1.0273,8.4632,0.2082,70.4289,10,181.74,0.22,ok,high,False
K2-104,0.4545,0.0374,0.0449,370.1405,10,185.06,0.18,ok,high,False
K2-263,0.8909,0.0316,-0.0204,71.1255,10,162.02,-0.08,lower_boundary,high,False
HD 73583,0.7253,0.889,-0.0027,0.4363,10,31.56,0.0,ok,ok,True
HD 73344,1.1909,1.3503,0.2082,1.2003,10,35.2,0.143,ok,ok,True
K2-273,0.9182,0.0316,0.3061,274.8775,10,303.14,0.2,lower_boundary,high,False
K2-188,0.9727,10.0,0.1102,176.7114,10,433.35,-0.01,upper_boundary,high,False
HAT-P-13,1.1636,6.5893,0.3388,0.7446,10,243.76,0.46,ok,ok,True
K2-146,0.2636,0.067,-0.151,158.2935,10,80.2,-0.02,ok,high,False
K2-102,0.7818,0.0441,0.2408,124.4282,10,184.65,0.14,ok,high,False
K2-339,0.7273,0.0316,-0.249,338.3281,10,360.02,-0.11,lower_boundary,high,False
K2-269,1.0273,8.4632,-0.0531,120.0427,10,362.57,-0.08,ok,high,False
K2-182,0.8636,2.4214,0.1429,13.3686,10,153.57,0.022,ok,high,False
K2-185,0.8909,10.0,0.0449,172.4118,10,268.9,-0.1,upper_boundary,high,False
TOI-564,0.9727,9.1996,0.2735,51.6735,10,197.79,0.143,ok,high,False
K2-101,0.7818,0.0374,0.0449,129.7117,10,184.56,0.07,ok,high,False
EPIC 211822797,0.6182,0.0567,0.0776,221.99,10,185.03,0.2,ok,high,False
K2-341,0.9455,10.0,0.0449,236.1938,10,414.43,-0.05,upper_boundary,high,False
K2-375,1.0,10.0,-0.0204,261.0364,10,680.54,-0.091,upper_boundary,high,False
HAT-P-69,1.5727,1.3503,-0.1184,32.7296,10,332.05,-0.069,ok,high,False
K2-372,0.9182,0.0316,0.0122,273.9945,10,454.16,-0.064,lower_boundary,high,False
K2-348,0.8636,4.7197,0.2735,1.4295,10,200.31,0.13,ok,ok,True
TOI-3785,0.4818,0.0728,-0.0204,23.8122,10,79.44,0.099,ok,high,False
WASP-84,0.8909,2.0492,0.1102,1.0516,10,100.03,0.0,ok,ok,True
K2-270,0.8364,0.0406,0.3714,203.3601,10,277.83,0.26,ok,high,False
K2-264,0.3455,0.0316,-0.151,388.7351,10,178.15,-0.013,lower_boundary,high,False
WASP-36,0.8909,9.1996,-0.1184,177.7845,10,373.85,-0.26,ok,high,False
K2-357,0.9727,0.0316,0.1102,288.8246,10,506.39,-0.02,lower_boundary,high,False
K2-119,0.7273,0.0316,-0.1837,345.1851,10,358.4,-0.05,lower_boundary,high,False
K2-118,0.8364,0.0374,0.2735,269.8425,10,320.07,0.129,ok,high,False
K2-275,0.7273,0.0406,-0.1837,79.1318,10,123.41,-0.06,ok,high,False
K2-187,0.9182,0.0316,0.0776,251.7888,10,322.39,0.0,lower_boundary,high,False
K2-272,0.8636,0.0344,0.0122,378.2142,10,414.61,-0.09,ok,high,False
K2-345,0.5636,0.0728,0.1102,172.5715,10,160.37,0.26,ok,high,False
K2-376,0.9455,9.1996,-0.0857,20.3386,10,160.24,-0.176,ok,high,False
K2-331,0.9455,9.1996,0.1102,22.4968,10,206.75,0.08,ok,high,False
K2-342,0.9455,10.0,0.0449,56.3427,10,210.39,-0.06,upper_boundary,high,False
55 Cnc,0.8909,10.0,0.2408,0.3519,6,12.58,0.35,upper_boundary,ok,False
WASP-65,0.9455,10.0,0.0776,120.6818,10,272.07,-0.07,upper_boundary,high,False
TOI-615,1.3273,2.4214,-0.151,6.0135,10,352.54,-0.1,ok,ok,True
K2-124,0.3455,0.0567,-0.1184,194.5641,10,136.38,0.023,ok,high,False
K2-268,0.8091,0.0344,-0.0204,239.9064,10,321.1,0.03,ok,high,False
K2-358,0.9182,0.0316,0.0449,370.7815,10,466.8,-0.07,lower_boundary,high,False
K2-336,0.8091,0.0344,-0.1837,95.8703,10,236.38,-0.17,ok,high,False
K2-117,0.5091,0.0792,-0.1184,43.9407,10,101.78,-0.05,ok,high,False
K2-343,0.4,0.0344,-0.249,260.591,10,165.88,-0.1,ok,high,False
K2-123,0.5909,0.0522,-0.1184,148.3446,10,160.83,0.03,ok,high,False
G 9-40,0.3182,0.2767,-0.1837,0.9126,6,27.82,-0.07,ok,ok,True
TOI-2669,1.2455,5.1303,0.1102,4.3071,10,392.21,0.1,ok,ok,True
TOI-2368,0.8909,0.0344,0.1755,38.3991,10,209.88,0.1,ok,high,False
K2-419 A,0.4818,0.0316,-0.1837,398.1189,10,261.22,-0.11,lower_boundary,high,False
K2-186,0.9727,10.0,0.2082,217.6241,10,339.67,0.06,upper_boundary,high,False
HAT-P-42,1.0273,10.0,0.2408,61.5598,10,407.5,0.27,upper_boundary,high,False
WASP-170,1.0,0.0316,0.3061,129.8875,10,301.6,0.22,lower_boundary,high,False
TOI-2545,1.0,5.5767,-0.151,0.6722,10,105.03,-0.2729,ok,ok,True
K2-332,0.2091,0.0616,-0.0531,330.247,10,124.16,0.09,ok,high,False
K2-344,0.4545,0.0344,-0.8041,33.7399,10,75.4,-0.95,ok,high,False
TOI-5573,0.6182,0.0728,0.2735,172.9603,10,185.84,0.42,ok,high,False
K2-334,1.2455,3.6747,0.2082,54.8639,10,374.25,0.17,ok,high,False
EPIC 211945201,1.1091,5.1303,0.0449,0.3217,10,179.63,0.1,ok,ok,True
HD 77946,1.1636,3.9944,0.2408,0.5483,10,98.96,0.215,ok,ok,True
K2-333,1.0,9.1996,0.1755,134.9425,10,346.37,0.07,ok,high,False
K2-415,0.1818,1.5955,-0.2163,2.5091,6,21.78,-0.13,ok,ok,True
K2-374,0.8636,10.0,-0.151,339.528,10,360.44,-0.292,upper_boundary,high,False
TOI-3807,1.0273,10.0,0.2082,123.4225,10,418.92,0.278,upper_boundary,high,False
HATS-52,0.8636,10.0,-0.151,370.8001,10,549.45,-0.2843,upper_boundary,high,False
WASP-13,1.0818,7.7858,0.1102,25.4342,10,229.27,0.0,ok,high,False
HD 80653,1.1636,2.632,0.4041,0.3334,10,107.56,0.255,ok,ok,True
GJ 341,0.5364,0.2342,-0.0857,0.6214,6,10.45,-0.16,ok,ok,True
K2-352,1.0,1.3503,0.0449,0.276,10,176.87,-0.05,ok,ok,True
WASP-142,1.1091,7.7858,0.1755,190.7812,10,694.38,0.26,ok,high,False
HD 80606,0.9727,7.7858,0.2408,1.156,10,65.9,0.35,ok,ok,True
NGTS-9,1.0545,9.1996,0.2408,186.579,10,593.23,0.31,ok,high,False
TOI-620,0.5636,7.1626,0.2082,0.5072,6,33.0,0.35,ok,ok,True
TOI-1789,1.4636,2.861,0.4694,0.6389,10,221.73,0.373,ok,ok,True
TOI-2977,0.9455,10.0,0.1102,126.1165,10,337.94,0.013,upper_boundary,high,False
GJ 357,0.3727,0.3008,-0.1837,0.9852,6,9.43,-0.12,ok,ok,True
TOI-677,1.0273,7.1626,-0.0531,0.6642,10,141.66,0.0,ok,ok,True
HATS-64,1.4636,3.3805,0.3388,267.0752,10,1052.53,0.22,ok,high,False
TOI-3364,1.0545,9.1996,0.4694,29.2559,10,272.44,0.387,ok,high,False
TOI-1898,1.1364,4.7197,-0.1837,0.2901,10,79.9,-0.095,ok,ok,True
WASP-166,1.1636,2.861,0.2082,0.4811,10,113.88,0.19,ok,ok,True
HATS-26,1.1636,6.0619,0.1102,21.6728,10,821.77,-0.02,ok,high,False
TOI-3856,0.9727,10.0,0.6,121.1607,10,309.48,0.454,upper_boundary,high,False
GJ 367,0.4545,0.1105,-0.0857,0.767,6,9.42,-0.01,ok,ok,True
TOI-2000,1.0273,6.0619,0.5673,1.1366,10,173.18,0.439,ok,ok,True
TOI-1994,1.6818,1.3503,0.0449,34.6744,10,499.76,-0.01,ok,high,False
MASCARA-4,1.6273,1.1428,-0.1184,1.5575,10,168.09,0.0,ok,ok,True
TOI-561,0.8091,0.0316,-0.3469,1.0753,10,84.25,-0.41,lower_boundary,ok,False
Wolf 327,0.4273,0.1677,-0.0204,1.0984,10,28.56,-0.17,ok,ok,True
WASP-19,0.9182,10.0,0.1755,48.5237,10,265.14,0.04,upper_boundary,high,False
KELT-3,1.2455,3.6747,-0.0531,2.1339,10,207.64,0.05,ok,ok,True
HD 86226,0.9455,7.1626,-0.1184,1.675,10,45.55,0.018,ok,ok,True
HATS-77,0.7,0.0374,0.1102,407.1198,10,426.86,0.253,ok,high,False
TOI-6478,0.1545,0.0935,-0.5429,1.4203,10,38.51,-0.53,ok,ok,True
TOI-2969,0.7818,0.0316,0.0449,54.7537,10,162.34,0.08,lower_boundary,high,False
TOI-1775,0.8909,5.5767,0.3061,45.3667,10,148.74,0.162,ok,high,False
HAT-P-66,1.1909,5.5767,0.0776,253.2592,10,903.82,0.035,ok,high,False
TOI-2096,0.2364,0.3008,-0.151,24.159,10,48.35,-0.03,ok,high,False
TOI-5126,1.1364,4.3419,0.2082,5.9707,10,159.78,0.18,ok,ok,True
TOI-1235,0.6455,0.1982,0.2082,0.8422,10,39.57,0.33,ok,ok,True
TOI-3837,0.9455,10.0,-0.1184,128.616,10,319.84,-0.26,upper_boundary,high,False
BD-14 3065 A,1.4091,2.632,-0.2816,1.3881,10,558.97,-0.34,ok,ok,True
GJ 1132,0.2091,2.632,-0.2163,2.1834,6,12.61,-0.17,ok,ok,True
HD 88986,1.0,9.1996,-0.0857,1.6094,10,33.3,0.06,ok,ok,True
HATS-38,0.9182,10.0,-0.0204,182.7512,10,336.89,-0.102,upper_boundary,high,False
K2-400,0.3182,0.067,-0.1837,47.0541,10,62.55,-0.051,ok,high,False
LTT 3780.00,0.3727,0.1201,0.0122,1.4063,6,22.02,0.06,ok,ok,True
HD 89345,1.1364,7.1626,0.3714,1.027,10,130.8,0.421,ok,ok,True
WASP-43,0.6455,0.0522,-0.1837,6.5767,10,87.0,-0.05,ok,ok,True
K2-401,0.6727,0.0344,-0.2163,275.51,10,199.82,-0.098,ok,high,False
TOI-1107,1.2182,4.3419,0.0122,1.6804,10,286.65,-0.1,ok,ok,True
HAT-P-22,0.9455,9.1996,0.3714,10.9882,10,81.3,0.24,ok,high,False
TOI-815,0.7818,6.5893,0.0122,0.551,10,59.37,-0.09,ok,ok,True
TOI-3362,1.3818,2.4214,0.1102,0.2983,10,356.95,0.017,ok,ok,True
K2-321,0.5909,9.1996,0.2082,2.973,10,76.83,0.148,ok,ok,True
TOI-1231,0.4818,7.7858,-0.0531,1.3132,6,27.47,0.041,ok,ok,True
TOI-1772,0.9727,3.9944,0.0776,0.3176,10,97.09,0.1282,ok,ok,True
TOI-837,0.9455,7.7858,-0.0204,4.5741,10,142.44,0.01,ok,ok,True
KELT-4 A,1.0818,6.5893,-0.151,1.526,10,216.61,-0.116,ok,ok,True
TOI-1260,0.6733,2.6313,-0.0159,0.5065,10,73.26,-0.1,ok,ok,True
Qatar-8,1.0,9.1996,0.1102,30.7864,10,274.03,0.025,ok,high,False
K2-266,0.6727,0.0616,-0.0857,4.1212,10,77.54,-0.12,ok,ok,True
WASP-66,1.0818,6.5893,-0.1837,128.2437,10,492.25,-0.31,ok,high,False
TOI-669,0.9455,6.5893,0.1102,0.7989,10,141.81,0.001,ok,ok,True
HD 307842,0.8909,0.0344,-0.0531,1.6034,10,64.54,-0.13,ok,ok,True
EPIC 248847494,1.1364,6.0619,-0.1184,123.7901,10,568.84,-0.23,ok,high,False
TOI-733,0.9182,6.0619,-0.0531,0.5451,10,75.18,-0.04,ok,ok,True
OGLE-TR-211,1.0273,10.0,0.1102,4.3513,6,1761.51,0.11,upper_boundary,ok,False
TOI-663,0.5091,0.142,-0.0531,0.7571,10,63.89,0.07,ok,ok,True
K2-404,0.5364,0.0792,-0.1184,95.7091,10,120.98,0.005,ok,high,False
WASP-127,0.9455,10.0,-0.151,2.3592,10,159.82,-0.193,upper_boundary,ok,False
K2-239,0.2636,0.4962,-0.249,14.5444,10,31.07,-0.1,ok,high,False
WASP-104,0.9727,0.0344,0.4367,33.0377,10,184.92,0.32,ok,high,False
WASP-197,1.2727,4.3419,0.1102,40.1501,10,466.56,0.0,ok,high,False
Qatar-9,0.7273,0.0441,0.1102,115.1267,10,212.91,0.252,ok,high,False
TOI-2524,0.9727,10.0,0.1755,161.3227,10,431.28,0.06,upper_boundary,high,False
K2-402,0.9182,9.1996,-0.249,265.2628,10,481.25,-0.378,ok,high,False
KELT-11,1.3818,3.3805,0.0776,4.2223,10,99.63,0.17,ok,ok,True
K2-398,0.9455,10.0,-0.151,287.2577,10,595.87,-0.257,upper_boundary,high,False
TOI-5398,1.0,5.1303,-0.0531,1.5138,10,130.84,0.09,ok,ok,True
KELT-24,1.2727,2.861,0.0776,1.1628,10,96.68,0.138,ok,ok,True
OGLE-TR-132,0.9727,10.0,0.4367,0.4582,6,2259.48,0.37,upper_boundary,ok,False
HD 93963 A,1.0273,3.6747,0.0122,0.8046,10,82.08,0.11,ok,ok,True
K2-261,1.0818,9.1996,0.4694,5.5559,10,213.21,0.372,ok,ok,True
OGLE-TR-113,,,,inf,3,582.01,0.09,ok,inf,False
OGLE-TR-111,0.8636,0.0316,0.3388,0.9052,6,1083.95,0.19,lower_boundary,ok,False
TOI-2981,0.9182,10.0,-0.0204,242.6039,10,522.73,-0.11,upper_boundary,high,False
TOI-2986,1.0273,10.0,0.1429,225.0582,10,553.42,0.095,upper_boundary,high,False
WASP-183,0.8636,0.0316,-0.1837,197.7348,10,317.41,-0.31,lower_boundary,high,False
TOI-2005,1.6,1.7343,0.0776,0.6323,10,332.32,0.0,ok,ok,True
TOI-771,0.2364,0.8898,-0.1837,2.9404,10,25.32,-0.13,ok,ok,True
K2-403,0.8909,0.0316,-0.0857,75.8788,10,243.15,-0.162,lower_boundary,high,False
TOI-2992,1.0545,9.1996,0.1429,109.8366,10,555.15,0.084,ok,high,False
WASP-193,0.9727,10.0,0.0122,176.5968,10,373.15,-0.108,upper_boundary,high,False
K2-405,0.8364,0.0406,0.2735,64.3749,10,197.73,0.132,ok,high,False
TOI-674,0.4273,0.1543,0.0449,1.5854,10,46.15,0.17,ok,ok,True
TOI-654,0.4545,5.1303,0.0449,1.1559,6,57.69,0.12,ok,ok,True
TOI-1776,0.8909,7.1626,-0.1837,0.5637,10,44.69,-0.193,ok,ok,True
HD 95338,0.8909,0.0441,0.1755,0.3979,6,36.95,0.08,ok,ok,True
TOI-4377,1.0545,10.0,0.1755,18.9165,10,455.64,0.205,upper_boundary,high,False
KPS-1,0.9182,0.0316,0.2735,97.9932,10,262.28,0.22,lower_boundary,high,False
TOI-3023,1.0273,10.0,0.2082,67.7133,10,387.71,0.085,upper_boundary,high,False
TOI-5143,0.9182,0.0316,0.2082,49.2751,10,177.6,0.107,lower_boundary,high,False
WASP-34,0.9727,7.1626,0.1102,1.0563,10,130.68,-0.02,ok,ok,True
LP 791-18,0.1273,0.1823,-0.151,40.7514,10,26.6,-0.09,ok,high,False
TOI-762 A,0.4,0.0728,0.2082,33.9501,10,98.36,0.357,ok,high,False
TOI-5108,1.0545,7.1626,0.1429,0.9392,10,130.41,0.2,ok,ok,True
WASP-175,1.0273,10.0,0.2735,256.443,10,541.06,0.15,upper_boundary,high,False
WASP-106,1.0273,8.4632,-0.0531,77.1526,10,354.31,-0.02,ok,high,False
TOI-1199,1.0545,9.1996,0.3061,12.0806,10,245.99,0.44,ok,high,False
OGLE2-TR-L9,1.0545,8.4632,0.0776,0.5146,6,1512.63,-0.05,ok,ok,True
K2-7,1.0273,10.0,0.1429,235.5046,10,688.61,0.049,upper_boundary,high,False
TOI-1799,0.9455,5.5767,0.0122,0.8954,10,62.09,-0.064,ok,ok,True
OGLE-TR-182,1.0273,9.1996,0.4694,4.0293,6,2841.18,0.37,ok,ok,True
TOI-1194,0.9727,4.7197,0.4367,1.1107,10,148.57,0.348,ok,ok,True
TOI-672,0.4273,0.0316,-0.5755,4.7951,10,66.82,-0.71,lower_boundary,ok,False
TOI-1203,0.8909,10.0,-0.2816,3.7818,6,64.88,-0.39,upper_boundary,ok,False
WASP-162,1.0,9.1996,0.4041,178.7763,10,305.38,0.28,ok,high,False
NGTS-24,1.0818,9.1996,0.3061,259.1105,10,705.56,0.27,ok,high,False
K2-47,0.8091,0.0316,-0.0857,247.1335,10,349.11,-0.224,lower_boundary,high,False
HD 97658,0.8091,1.5955,-0.151,2.2187,10,21.54,-0.23,ok,ok,True
EPIC 201497682,0.7,0.0406,-0.2163,188.3158,10,251.43,-0.0892,ok,high,False
K2-11,0.8636,0.0316,-0.0531,197.0447,10,327.54,-0.12,lower_boundary,high,False
K2-5,0.9727,10.0,-0.4449,48.4896,10,199.85,-0.33,upper_boundary,high,False
WASP-31,0.9727,10.0,-0.0531,98.896,10,381.09,-0.2,upper_boundary,high,False
K2-36,0.7818,0.8898,0.0449,0.7301,10,108.71,-0.047,ok,ok,True
K2-22,0.6182,0.0374,-0.0531,189.5965,10,238.81,0.032,ok,high,False
K2-50,0.6727,3.3805,-0.0204,5.1801,10,253.67,-0.1132,ok,ok,True
K2-8,0.8091,0.0316,0.0449,371.3631,10,404.28,-0.02,lower_boundary,high,False
TOI-5704,0.7818,5.1303,0.3714,2.2486,10,89.38,0.428,ok,ok,True
K2-35,0.7273,0.0316,-0.0857,169.8522,10,252.5,0.04,lower_boundary,high,False
EPIC 201170410,0.3455,0.0316,0.0776,304.2532,10,216.82,-0.048,lower_boundary,high,False
K2-13,0.8091,10.0,-0.4122,202.243,10,337.19,-0.54,upper_boundary,high,False
TOI-5720,0.3727,0.142,-0.0857,0.4569,6,35.84,0.03,ok,ok,True
HATS-59,0.9455,10.0,0.2735,318.2004,10,617.84,0.18,upper_boundary,high,False
TOI-3877,1.0545,10.0,0.4041,180.3733,10,492.43,0.269,upper_boundary,high,False
HATS-74 A,0.5909,0.0316,0.3714,386.9629,10,287.69,0.514,lower_boundary,high,False
TOI-2641,0.9455,10.0,-0.1837,46.5704,10,342.58,-0.15,upper_boundary,high,False
TOI-2989,0.7,0.0344,-0.1837,110.3334,10,193.43,-0.04,ok,high,False
HAT-P-21,0.9727,10.0,0.1102,22.6803,10,280.23,0.01,upper_boundary,high,False
K2-27,0.9182,0.0316,0.1429,165.4458,10,247.38,0.12,lower_boundary,high,False
WASP-171,1.1364,6.0619,-0.0857,140.349,10,713.89,0.04,ok,high,False
K2-164,1.0273,7.1626,-0.3469,0.7624,10,376.16,-0.23,ok,ok,True
K2-10,0.9455,0.0316,0.0776,84.9417,10,271.14,-0.07,lower_boundary,high,False
K2-3,0.5364,0.142,-0.2163,0.6082,10,43.94,-0.157,ok,ok,True
K2-18,0.4545,0.1543,0.0449,0.9253,10,38.09,0.12,ok,ok,True
K2-12,0.9455,10.0,0.1102,78.3828,10,316.27,0.0,upper_boundary,high,False
TOI-3071,1.0818,7.7858,0.2408,67.0787,10,491.88,0.35,ok,high,False
TOI-6894,0.1818,0.142,0.0122,260.1989,10,72.79,0.142,ok,high,False
NGTS-30,0.9182,0.0316,0.0449,145.5733,10,240.73,-0.03,lower_boundary,high,False
HATS-18,0.9455,10.0,0.4041,384.3647,10,606.53,0.28,upper_boundary,high,False
HATS-22,0.8091,0.0316,0.0449,127.2329,10,230.2,0.0,lower_boundary,high,False
K2-44,1.0273,10.0,0.1102,147.4011,10,463.59,0.0,upper_boundary,high,False
TOI-5174,0.9727,10.0,0.3388,13.4437,10,196.8,0.415,upper_boundary,high,False
K2-46,1.0273,6.5893,-0.2163,6.7383,10,442.72,-0.32,ok,ok,True
K2-4,0.6455,0.0316,-0.249,237.9691,10,231.09,-0.12,lower_boundary,high,False
K2-19,0.9182,0.0344,0.2082,134.5404,10,296.75,0.06,ok,high,False
K2-16,0.6727,0.0344,-0.4122,288.8595,10,328.36,-0.33,ok,high,False
EPIC 201841433,0.8091,0.0316,0.1102,375.4417,10,428.97,0.0,lower_boundary,high,False
HIP 56998,0.6727,1.3503,-0.2816,0.1607,6,12.78,-0.343,ok,ok,True
HATS-1,0.9182,10.0,0.0122,135.6459,10,283.83,-0.06,upper_boundary,high,False
GJ 436,0.4273,0.1105,-0.0204,0.772,6,9.77,0.0991,ok,ok,True
TOI-1801,0.5364,0.1306,-0.1184,0.6133,10,30.86,-0.19,ok,ok,True
TOI-5634 A,0.5091,0.0316,-0.1837,316.9854,10,320.86,-0.27,lower_boundary,high,False
WASP-85 A,0.9727,9.1996,0.2408,28.9014,10,140.36,0.118,ok,high,False
K2-48,0.7273,0.0316,-0.2816,379.5359,10,313.65,-0.19,lower_boundary,high,False
NGTS-13,1.1091,7.7858,0.1755,90.7918,10,645.7,0.25,ok,high,False
NGTS-12,1.0,10.0,0.0449,97.6139,10,440.3,-0.03,upper_boundary,high,False
K2-9,0.2636,0.0792,-0.3796,139.7379,10,82.6,-0.25,ok,high,False
WASP-129,1.0,9.1996,0.2408,51.3087,10,311.57,0.15,ok,high,False
HATS-2,0.9182,0.0316,0.2735,195.8037,10,332.76,0.15,lower_boundary,high,False
TOI-1803,0.7818,1.7343,0.1102,11.8507,10,118.48,0.014,ok,high,False
K2-14,0.9727,10.0,-0.4449,289.9665,10,354.47,-0.37,upper_boundary,high,False
K2-15,0.7545,0.0316,-0.3469,480.1187,10,489.28,-0.46,lower_boundary,high,False
K2-6,0.8909,8.4632,-0.0204,250.8306,10,315.94,-0.14,ok,high,False
K2-17,0.6455,5.5767,0.0449,57.2698,10,123.12,0.15,ok,high,False
TOI-776,0.5364,3.11,-0.0857,0.5833,6,27.13,-0.21,ok,ok,True
K2-242,0.2636,0.0441,-0.151,288.4779,10,109.86,-0.01,ok,high,False
K2-158,0.9455,0.0344,0.1755,28.6592,10,194.54,0.07,ok,high,False
HATS-56,1.4636,3.11,0.2735,4.2603,10,562.26,0.19,ok,ok,True
HATS-67,1.0545,9.1996,0.2082,314.1055,10,914.5,0.332,ok,high,False
K2-159,0.8364,0.0316,-0.1837,68.2348,10,171.17,-0.07,lower_boundary,high,False
NGTS-18,1.0,10.0,0.2408,457.4033,10,1014.13,0.15,upper_boundary,high,False
K2-243,1.0,8.4632,-0.151,62.0577,10,258.23,-0.03,ok,high,False
K2-241,0.7545,0.0316,-0.3796,44.4202,10,148.94,-0.44,lower_boundary,high,False
TOI-3884,0.2909,0.1823,0.1102,8.8191,10,43.33,0.04,ok,ok,True
K2-246,0.8636,10.0,-0.0857,512.1359,10,723.14,-0.19,upper_boundary,high,False
K2-152,0.6182,9.1996,0.0776,43.0563,10,107.81,0.12,ok,high,False
K2-132,1.0273,10.0,0.0122,6.1059,10,604.05,-0.01,upper_boundary,ok,False
K2-163,0.8091,0.0374,0.1755,147.8292,10,197.94,0.14,ok,high,False
K2-252,0.8364,0.0344,0.0122,102.4237,10,225.28,-0.09,ok,high,False
K2-156,0.6455,0.0374,-0.3796,76.8261,10,147.74,-0.33,ok,high,False
K2-131,0.7818,10.0,0.0449,44.3394,10,153.38,-0.04,upper_boundary,high,False
K2-248,0.9182,0.0316,0.0449,212.5096,10,394.59,-0.1,lower_boundary,high,False
WASP-56,0.9727,10.0,0.1755,113.4011,10,324.07,0.12,upper_boundary,high,False
K2-249,1.0273,10.0,0.1102,124.8105,10,520.11,0.04,upper_boundary,high,False
K2-244,0.8636,9.1996,-0.151,84.0341,10,213.29,-0.29,ok,high,False
HD 106315,1.1091,3.11,-0.249,0.8258,10,108.54,-0.311,ok,ok,True
TOI-4860,0.2909,0.067,0.1429,140.7995,10,80.45,0.27,ok,high,False
K2-226,0.8909,0.0316,0.0449,60.2161,10,207.96,-0.05,lower_boundary,high,False
EPIC 201595106,0.9182,10.0,0.1102,89.1248,10,231.81,0.01,upper_boundary,high,False
K2-157,0.9182,0.0344,0.1429,100.8884,10,288.04,0.02,ok,high,False
K2-161,1.2455,5.1303,0.1102,75.6309,10,862.99,-0.03,ok,high,False
K2-153,0.5364,0.0616,-0.151,135.9959,10,143.11,-0.09,ok,high,False
TOI-782,0.4273,0.1823,0.2082,2.0712,10,52.07,0.34,ok,ok,True
K2-160,0.9727,0.0316,0.2082,177.7963,10,309.44,0.07,lower_boundary,high,False
EPIC 201427007,0.9182,9.1996,0.0776,221.3477,10,690.17,-0.053,ok,high,False
K2-165,0.8091,0.0344,-0.1184,60.4349,10,130.57,-0.05,ok,high,False
TOI-5616,0.6727,0.0344,0.0122,536.2502,10,379.43,0.14,ok,high,False
TOI-4551,1.2182,6.0619,0.3061,7.162,10,216.11,0.23,ok,ok,True
K2-250,0.8636,0.0316,0.1102,274.258,10,403.64,-0.02,lower_boundary,high,False
TOI-1279,0.8364,7.7856,-0.1184,1.1386,10,106.62,-0.079,ok,ok,True
K2-245,0.8909,10.0,-0.3469,201.5134,10,451.11,-0.45,upper_boundary,high,False
K2-166,1.0818,8.4632,0.1755,159.0516,10,473.68,0.09,ok,high,False
K2-223,1.0545,2.861,0.3388,8.2869,10,204.55,0.19,ok,ok,True
K2-254,0.6727,0.0441,-0.2163,180.2134,10,227.0,-0.14,ok,high,False
K2-162,0.7273,7.7858,-0.0204,34.8554,10,124.48,-0.17,ok,high,False
K2-253,0.9182,10.0,0.1429,561.7983,10,845.35,0.0,upper_boundary,high,False
TOI-2068,0.5636,0.2154,0.1429,1.4287,10,52.99,0.27,ok,ok,True
EPIC 229004835,0.9727,4.7197,-0.0531,1.0268,10,121.06,-0.12,ok,ok,True
TOI-1451,0.9455,7.1626,-0.0204,0.6405,10,90.66,0.019,ok,ok,True
K2-225,1.2455,4.7197,0.6,2.717,10,358.04,0.486,ok,ok,True
HD 108236,0.8364,8.4632,-0.2816,0.374,10,64.48,-0.28,ok,ok,True
K2-259,1.0273,8.4632,0.3061,151.9014,10,414.81,0.16,ok,high,False
K2-137,0.3455,0.0344,-0.1837,113.8622,10,98.63,-0.059,ok,high,False
K2-229,0.8631,0.3001,0.0086,0.6154,10,102.05,-0.09,ok,ok,True
K2-228,0.7,0.0316,-0.3796,39.9758,10,161.78,-0.25,lower_boundary,high,False
K2-258,1.0,10.0,0.1429,284.102,10,622.81,0.01,upper_boundary,high,False
TOI-1820,1.0273,10.0,0.2082,16.1344,10,257.73,0.14,upper_boundary,high,False
TOI-757,0.7818,7.1626,-0.249,0.7078,10,60.23,-0.27,ok,ok,True
K2-140,0.9455,9.1996,0.2082,131.609,10,344.24,0.1,ok,high,False
HAT-P-36,0.9727,8.4632,0.3388,112.282,10,291.48,0.25,ok,high,False
K2-257,0.5091,0.1306,-0.0531,10.4642,10,64.71,-0.03,ok,high,False
WASP-107,0.6727,6.0619,-0.0204,0.6424,10,64.3,0.02,ok,ok,True
K2-247,0.7,0.0316,-0.1184,270.0826,10,260.13,-0.08,lower_boundary,high,False
TOI-1811,0.8091,0.048,0.3061,38.0082,10,126.07,0.306,ok,high,False
K2-154,0.6455,0.0616,0.0776,120.0748,10,130.09,0.21,ok,high,False
EPIC 228836835,0.2909,0.0316,-0.3143,205.1996,10,147.72,-0.18,lower_boundary,high,False
K2-224,0.8636,0.0316,-0.151,154.2324,10,274.34,-0.19,lower_boundary,high,False
HD 109833,1.0273,1.8852,0.0122,0.4566,10,79.49,-0.07,ok,ok,True
HD 110067,0.8091,5.5767,-0.151,1.5097,10,32.18,-0.2,ok,ok,True
K2-255,0.6727,0.0406,-0.2816,89.5831,10,190.05,-0.14,ok,high,False
HD 110113,0.9455,6.0619,0.0122,0.777,10,105.58,0.14,ok,ok,True
WASP-83,0.9727,8.4632,0.4367,82.301,10,266.43,0.29,ok,high,False
WASP-41,0.9182,4.7197,0.1102,0.7949,10,162.59,0.06,ok,ok,True
K2-251,0.4545,0.0441,-0.1837,181.6164,10,145.22,-0.04,ok,high,False
K2-227,0.8909,7.7858,0.0449,42.7629,10,189.2,-0.1,ok,high,False
K2-230,1.0273,10.0,0.2408,167.8081,10,528.44,0.1,upper_boundary,high,False
HATS-31,1.0818,7.7858,0.0122,258.33,10,794.76,0.0,ok,high,False
GJ 486,0.2364,0.067,-0.249,1.0518,6,8.08,-0.15,ok,ok,True
TOI-756,0.5364,6.5893,0.2082,59.102,10,85.83,0.196,ok,high,False
TOI-1136,0.9727,3.6747,-0.0531,0.9457,10,84.43,0.07,ok,ok,True
HATS-17,1.0273,10.0,0.4367,51.7254,10,395.71,0.3,upper_boundary,high,False
TOI-4961,0.9182,0.0316,0.2408,8.3121,10,212.6,0.206,lower_boundary,ok,False
HD 110082,1.1364,1.8852,-0.0204,0.0944,10,105.03,0.08,ok,ok,True
WASP-42,0.8909,0.0344,0.2082,1.8239,10,177.26,0.29,ok,ok,True
TOI-1135,1.0273,6.0619,-0.0204,0.9177,10,113.94,0.0,ok,ok,True
HATS-27,1.1636,6.0619,0.1102,154.3426,10,783.26,0.09,ok,high,False
TOI-763,0.9455,0.0374,0.0776,1.0559,10,95.33,0.01,ok,ok,True
TOI-2257,0.2636,0.0861,-0.3796,6.9763,10,57.74,-0.27,ok,ok,True
WASP-25,0.9182,0.0316,-0.0531,45.6411,10,213.21,-0.2,lower_boundary,high,False
WASP-174,1.0818,6.5893,0.0122,81.39,10,404.41,0.06,ok,high,False
WASP-108,1.0545,6.5893,0.1102,1.6748,10,254.73,0.1478,ok,ok,True
TOI-3082,0.6727,9.1996,0.1102,26.668,10,112.27,0.17,ok,high,False
KELT-6,1.0545,6.0619,-0.3469,1.263,10,242.34,-0.28,ok,ok,True
WASP-167,1.4636,1.8852,-0.0204,7.9349,10,407.82,0.1,ok,ok,True
TOI-1823,0.8364,3.9944,0.3388,0.8087,10,71.56,0.243,ok,ok,True
HD 114082,1.1364,6.0619,0.0122,363.8083,10,94.91,0.0,ok,high,False
TOI-1173,0.9182,7.7858,0.2735,0.6176,10,131.85,0.139,ok,ok,True
TOI-1824,0.8364,8.4632,0.1102,3.2146,10,59.42,0.124,ok,ok,True
TOI-1266,0.4273,0.142,-0.249,0.6763,10,36.04,-0.109,ok,ok,True
TOI-1268,0.9455,2.2275,0.4694,1.0489,10,109.76,0.36,ok,ok,True
K2-198,0.8909,0.1823,0.2082,10.3918,10,111.08,0.094,ok,high,False
K2-349,0.9727,9.1996,-0.5429,230.4349,10,449.18,-0.66,ok,high,False
TOI-1272,0.8636,3.3805,0.3061,23.1667,10,137.02,0.182,ok,high,False
TOI-778,1.3818,2.0492,0.0776,0.3773,10,161.7,0.0,ok,ok,True
WASP-172,1.4091,2.4214,-0.1837,35.6354,10,521.49,-0.1,ok,high,False
HATS-37 A,0.9455,0.0316,0.1755,120.2339,10,208.36,0.051,lower_boundary,high,False
K2-195,0.9182,9.1996,0.0449,91.8401,10,316.13,-0.09,ok,high,False
K2-196,1.1091,6.5893,-0.0857,64.3826,10,552.84,0.01,ok,high,False
TOI-1249,1.0273,2.2275,0.4367,2.1404,10,139.4,0.297,ok,ok,True
HATS-54,1.0,10.0,0.502,353.9998,10,712.62,0.37,upper_boundary,high,False
TOI-1807,0.7545,1.8852,0.0449,0.8582,10,42.54,0.044,ok,ok,True
TOI-3894,1.0273,8.4632,-0.0531,39.8073,10,411.92,0.021,ok,high,False
TOI-1238,0.6182,0.1201,0.1755,0.6091,10,70.64,0.31,ok,ok,True
K2-353,0.8636,10.0,-0.1184,71.8037,10,267.1,-0.21,upper_boundary,high,False
K2-191,0.9182,0.0316,0.3061,198.5372,10,280.63,0.31,lower_boundary,high,False
WASP-157,0.9727,10.0,0.2735,68.1938,10,336.69,0.25,upper_boundary,high,False
TOI-1842,1.4091,3.11,0.2408,0.6163,10,224.21,0.332,ok,ok,True
K2-277,0.9455,5.1303,0.0122,0.3975,10,112.16,0.078,ok,ok,True
K2-200,0.7818,0.0344,-0.1837,41.3587,10,183.07,-0.04,ok,high,False
K2-197,0.9182,9.1996,0.2082,72.2082,10,246.82,0.08,ok,high,False
K2-377,0.6727,0.0522,-0.0857,75.6157,10,195.02,-0.008,ok,high,False
WASP-130,0.9727,8.4632,0.3388,12.8394,10,173.79,0.26,ok,high,False
K2-278,1.0273,10.0,0.1102,336.8428,10,755.23,0.0,upper_boundary,high,False
TOI-1794,0.9727,10.0,0.0449,3.6959,10,154.82,0.035,upper_boundary,ok,False
HD 118203,1.2727,4.7197,0.3061,1.3762,10,91.87,0.287,ok,ok,True
K2-126,0.6727,4.3419,0.0776,24.3633,10,101.77,0.02,ok,high,False
POTS-1,0.6182,0.0441,-0.1184,46.1272,10,741.56,-0.03,ok,high,False
K2-189,0.8909,0.0316,-0.0204,37.4718,10,241.1,-0.1,lower_boundary,high,False
WASP-55,0.9455,10.0,0.0449,90.4758,10,288.72,-0.03,upper_boundary,high,False
K2-350,0.9182,9.1996,0.1102,217.656,10,475.6,-0.02,ok,high,False
EPIC 212737443,0.7,0.0374,-0.2163,281.9675,10,335.64,-0.137,ok,high,False
K2-128,0.6727,5.5767,-0.151,0.9303,10,114.17,-0.26,ok,ok,True
TOI-4914,0.9182,9.1996,0.0122,88.2115,10,293.09,-0.13,ok,high,False
K2-194,1.0273,10.0,0.2082,232.1006,10,631.26,0.1,upper_boundary,high,False
K2-279,0.8091,10.0,-0.249,33.2238,10,184.41,-0.37,upper_boundary,high,False
K2-378,0.7818,0.0316,-0.0857,754.1765,10,657.97,-0.206,lower_boundary,high,False
TOI-2485,1.1091,7.1626,0.0776,26.6468,10,392.1,0.097,ok,high,False
K2-193,0.9455,0.0316,0.0776,148.2159,10,402.83,0.0,lower_boundary,high,False
TOI-1855,0.9455,10.0,0.5347,21.9525,10,175.42,0.399,upper_boundary,high,False
K2-190,0.8909,9.1996,-0.0531,4.5768,10,161.14,-0.19,ok,ok,True
K2-292,1.0545,3.9944,0.2082,0.7393,10,113.15,0.07,ok,ok,True
EPIC 212587672,0.9182,9.1996,-0.0531,92.9839,10,328.22,-0.18,ok,high,False
WASP-54,1.0818,6.0619,-0.2163,0.6977,10,248.9,-0.27,ok,ok,True
TOI-3493,1.0273,7.1626,0.1102,0.7949,10,96.79,0.03,ok,ok,True
NGTS-27,1.1364,7.1626,0.1429,202.9749,10,937.42,0.0,ok,high,False
HAT-P-3,0.8636,7.7858,0.2735,1.127,10,134.15,0.27,ok,ok,True
TOI-4336 A,0.2909,0.1201,-0.2163,1.8004,10,22.45,-0.209,ok,ok,True
K2-192,0.8636,0.0344,0.0776,99.6232,10,223.11,0.15,ok,high,False
K2-351,0.9455,8.4632,0.2082,474.2455,10,650.71,0.08,ok,high,False
Wolf 503,0.6455,0.0441,-0.4776,0.3049,6,44.56,-0.47,ok,ok,True
K2-127,0.8909,0.0316,0.0122,490.4846,10,705.36,-0.11,lower_boundary,high,False
EPIC 212297394,0.8364,0.0316,0.0776,255.9113,10,415.57,-0.03,lower_boundary,high,False
K2-110,0.7,0.0406,-0.3469,13.6062,10,116.01,-0.34,ok,high,False
TOI-3235,0.4,0.2342,0.1429,41.352,10,72.32,0.264,ok,high,False
HIP 67522,1.0273,8.4632,0.1429,2.8363,10,124.38,0.0,ok,ok,True
Qatar-2,0.7273,0.0374,-0.0857,111.3665,10,181.35,0.02,ok,high,False
TOI-3135,0.9455,8.4632,0.2082,19.1216,10,219.25,0.071,ok,high,False
HATS-25,0.9727,9.1996,0.1429,230.1866,10,470.52,0.02,ok,high,False
TOI-5713,0.2909,8.4632,-0.0531,0.841,10,40.95,-0.03,ok,ok,True
K2-99,1.5727,2.632,0.3388,19.3052,10,508.41,0.2,ok,high,False
HATS-7,0.8364,0.0441,0.3714,80.7506,10,239.42,0.25,ok,high,False
K2-199,0.7273,3.6747,0.0449,9.2814,10,107.88,-0.01,ok,ok,True
WASP-15,1.0545,7.1626,-0.0857,45.8294,10,284.39,-0.17,ok,high,False
TOI-3919,1.0273,10.0,0.1755,254.3614,10,605.8,0.175,upper_boundary,high,False
TOI-1174,0.8364,0.0567,0.0776,0.781,10,94.55,-0.002,ok,ok,True
HAT-P-12,0.6727,0.0522,-0.249,2.5854,10,141.76,-0.29,ok,ok,True
WASP-184,1.1364,7.1626,0.1755,213.7601,10,682.24,0.12,ok,high,False
WASP-131,1.0273,7.7858,-0.1837,0.9998,10,192.07,-0.2,ok,ok,True
EPIC 212624936,0.8364,10.0,-0.249,411.9898,10,559.52,-0.39,upper_boundary,high,False
TOI-4559,0.4273,0.142,-0.0857,0.8527,10,31.6,-0.09,ok,ok,True
TOI-1798,0.8364,4.7197,0.0776,6.0482,10,113.47,0.073,ok,ok,True
TOI-1853,0.8364,0.0374,0.0776,41.3826,10,165.27,0.11,ok,high,False
HAT-P-44,0.9727,0.0344,0.4367,120.4041,10,345.82,0.33,ok,high,False
HAT-P-26,0.8364,0.0374,0.0122,0.8739,10,142.1,-0.04,ok,ok,True
WASP-185,1.0273,9.1996,0.0449,5.1941,10,277.93,-0.02,ok,ok,True
TOI-1273,0.9455,9.1996,0.1102,8.0056,10,176.03,0.07,ok,ok,True
TOI-1180,0.7545,0.0616,0.1102,1.045,10,71.91,0.067,ok,ok,True
WASP-16,0.9455,9.1996,0.1429,1.9962,10,191.32,0.01,ok,ok,True
NGTS-2,1.2727,3.3805,-0.0531,6.1222,10,356.3,-0.06,ok,ok,True
TOI-3912,1.0273,10.0,0.2735,117.5455,10,460.51,0.187,upper_boundary,high,False
KELT-18,1.4909,1.8852,0.1429,1.4373,10,315.01,0.09,ok,ok,True
TOI-1416,0.7818,10.0,0.0449,0.7271,10,54.98,0.08,upper_boundary,ok,False
WASP-39,0.9182,0.0316,0.0449,21.3051,10,213.56,0.01,lower_boundary,high,False
TOI-2076,0.8364,2.2275,-0.0204,0.7126,10,41.96,0.02,ok,ok,True
WASP-132,0.7818,0.048,0.1755,43.4268,10,123.16,0.15,ok,high,False
NGTS-26,1.0,10.0,0.3388,483.3769,10,1056.2,0.2,upper_boundary,high,False
TOI-4087,1.0545,6.5893,0.3061,60.3841,10,302.4,0.237,ok,high,False
WASP-14,1.2455,1.7343,0.1102,0.4384,10,160.18,0.0,ok,ok,True
NGTS-5,0.8091,0.5863,-0.0204,2.1432,10,307.73,0.12,ok,ok,True
WASP-37,0.8636,10.0,-0.3143,115.1067,10,377.34,-0.4,upper_boundary,high,False
TOI-824,0.7273,0.0316,-0.1837,985.2561,10,63.78,-0.092,lower_boundary,high,False
Qatar-6,0.7818,0.0522,0.0122,9.8745,10,100.63,-0.025,ok,ok,True
HAT-P-27,0.9182,0.0344,0.2082,1.2728,10,200.7,0.3,ok,ok,True
TOI-1294,1.0545,9.1996,0.2408,6.4293,10,327.15,0.283,ok,ok,True
WASP-192,1.0273,9.1996,0.2408,131.9138,10,486.04,0.14,ok,high,False
WASP-57,0.8909,10.0,-0.1184,131.1984,10,400.77,-0.25,upper_boundary,high,False
NGTS-32,1.0818,8.4632,0.1102,241.0269,10,834.13,-0.03,ok,high,False
TIC 88785435,0.7,0.0316,-0.2163,50.995,10,121.88,-0.08,lower_boundary,high,False
TOI-3976 A,1.0818,8.4632,0.2408,109.384,10,513.36,0.182,ok,high,False
TOI-3160 A,1.0,10.0,0.0122,253.2488,10,489.86,-0.114,upper_boundary,high,False
WASP-113,1.0818,7.7858,0.0449,59.1154,10,430.8,0.1,ok,high,False
TOI-836,0.6455,6.0619,-0.151,2.1146,10,27.48,-0.284,ok,ok,True
WASP-189,1.8727,0.9672,0.1429,1.1154,10,98.6,0.29,ok,ok,True
TOI-6628,1.0,0.0316,0.502,187.6792,10,305.0,0.36,lower_boundary,high,False
TOI-5386 A,1.0545,9.1996,0.2735,70.5146,10,383.0,0.182,ok,high,False
TOI-3984 A,0.4545,0.0792,0.0776,38.8508,10,108.38,0.18,ok,high,False
TOI-1860,0.8909,7.7858,-0.0857,2.0842,10,45.71,0.04,ok,ok,True
WASP-24,1.0273,9.1996,0.1102,53.0228,10,324.47,0.0,ok,high,False
WASP-178,1.8182,0.6373,0.0776,68.2824,10,409.34,0.21,ok,high,False
TIC 257060897,1.1909,5.5767,0.1429,18.5058,10,496.06,0.054,ok,high,False
TOI-905,0.9182,9.1996,0.2735,2.9959,10,156.58,0.14,ok,ok,True
K2-240,0.5364,0.0728,-0.2163,7.9479,10,73.01,-0.1,ok,ok,True
HD 135694,0.9182,10.0,-0.0204,1.124,10,73.28,-0.121,upper_boundary,ok,False
K2-408,0.7818,0.0316,-0.3143,22.5863,10,160.12,-0.171,lower_boundary,high,False
K2-315,0.1273,0.0861,-0.3796,141.0899,10,56.53,-0.24,ok,high,False
EPIC 249893012,1.0545,10.0,0.3061,28.4786,10,319.49,0.2,upper_boundary,high,False
K2-409,0.9727,9.1996,0.1102,162.4605,10,417.62,-0.036,ok,high,False
TOI-912,0.4,0.0861,-0.1837,1.2156,6,26.09,-0.19,ok,ok,True
TOI-2018,0.5636,0.0616,-0.4776,0.5619,6,28.02,-0.58,ok,ok,True
HAT-P-4,1.2727,3.6747,0.3714,0.7278,10,318.45,0.24,ok,ok,True
HD 136352,0.8909,8.4632,-0.2163,0.6573,6,14.74,-0.24,ok,ok,True
K2-233,0.7273,0.0522,-0.1184,0.6086,10,67.54,-0.082,ok,ok,True
K2-406,0.8909,9.1996,-0.0531,0.4803,10,85.05,-0.038,ok,ok,True
HD 137496,1.0,10.0,0.0122,5.3373,10,154.82,-0.03,upper_boundary,ok,False
TOI-2015,0.1818,0.0441,-0.3469,1.6847,10,47.2,-0.31,ok,ok,True
KELT-23 A,0.9182,6.5893,-0.1837,2.5736,10,126.86,-0.105,ok,ok,True
K2-407,0.9182,0.0316,0.0776,71.9856,10,216.93,0.014,lower_boundary,high,False
TOI-1411,0.6455,6.0619,-0.0857,0.2523,6,32.43,0.012,ok,ok,True
K2-287,1.0,0.0316,0.3388,53.6644,10,155.85,0.2,lower_boundary,high,False
K2-286,0.6182,1.4678,-0.0857,0.3233,10,76.4,0.0,ok,ok,True
TOI-3474,1.0,10.0,0.2735,143.1678,10,412.56,0.146,upper_boundary,high,False
TOI-2019,1.1636,6.5893,0.4694,1.0156,10,197.56,0.409,ok,ok,True
TOI-3464,1.0,10.0,-0.0531,159.7595,10,585.47,0.045,upper_boundary,high,False
TOI-913,0.7273,0.048,-0.2163,1.1764,10,64.97,-0.133,ok,ok,True
K2-290,1.0273,9.1996,0.0449,3.5267,10,267.11,-0.06,ok,ok,True
TOI-2048,0.8364,0.0616,0.1102,1.6013,10,115.92,0.02,ok,ok,True
TOI-5005,0.9182,10.0,0.2735,32.8135,10,208.65,0.15,upper_boundary,high,False
K2-365,0.9455,0.0316,0.1102,33.8042,10,186.22,-0.021,lower_boundary,high,False
GJ 3929,0.2909,0.1105,-0.151,0.7852,6,15.82,-0.02,ok,ok,True
WASP-17,0.9727,8.4632,-0.3796,62.2306,10,396.32,-0.25,ok,high,False
K2-38,0.9727,9.1996,0.4041,29.6854,10,189.51,0.26,ok,high,False
TOI-1739,0.8091,3.11,0.1429,0.9961,10,70.89,0.07,ok,ok,True
XO-1,0.9182,6.0619,-0.0204,0.342,10,161.71,0.02,ok,ok,True
TOI-1298,1.1909,4.7197,0.5347,19.448,10,312.57,0.397,ok,high,False
TOI-1439,1.0818,7.7858,0.1102,1.2122,10,234.13,0.226,ok,ok,True
K2-24,0.9727,10.0,0.4694,10.0553,10,170.55,0.34,upper_boundary,high,False
K2-37,0.8364,0.0316,0.0122,49.6529,10,177.55,-0.08,lower_boundary,high,False
TOI-1751,0.9455,9.1996,-0.249,0.7799,10,113.32,-0.373,ok,ok,True
K2-366,0.8636,0.0316,-0.0857,187.7931,10,190.94,-0.216,lower_boundary,high,False
TOI-5027,0.8909,10.0,-0.0531,26.1167,10,205.48,-0.15,upper_boundary,high,False
WASP-38,1.0545,6.5893,-0.151,0.4345,10,135.76,-0.02,ok,ok,True
K2-53,0.8091,0.0316,0.1102,41.8394,10,137.36,-0.037,lower_boundary,high,False
TOI-7149,0.2091,0.0344,-0.1184,180.2076,10,126.55,-0.08,ok,high,False
HAT-P-2,1.4091,1.8852,0.3061,0.4615,10,128.18,0.18,ok,ok,True
K2-31,0.9182,0.0374,0.1755,5.4581,10,109.77,0.08,ok,ok,True
TOI-1836,1.1909,4.3419,0.0122,0.3576,10,189.28,-0.101,ok,ok,True
K2-52,0.9727,10.0,0.1755,943.6472,10,915.47,0.055,upper_boundary,high,False
K2-289,0.8364,0.0316,0.2735,388.6529,10,272.08,0.162,lower_boundary,high,False
WASP-92,1.0,10.0,0.0776,251.1081,10,581.43,0.0,upper_boundary,high,False
WASP-195,1.1091,6.0619,-0.0531,33.0882,10,481.72,0.0,ok,high,False
HD 149026,1.2455,3.11,0.2735,0.5592,10,76.09,0.32,ok,ok,True
TOI-2260,0.9724,0.496,0.1729,1.0689,10,100.95,0.22,ok,ok,True
WASP-103,1.1091,7.7858,0.1429,151.166,10,545.39,0.06,ok,high,False
TOI-3486,0.8091,0.0406,0.1429,33.469,10,153.83,0.283,ok,high,False
TOI-1269,0.8364,7.7858,-0.151,0.7186,10,172.11,-0.049,ok,ok,True
TOI-1246,0.9182,0.0316,0.2082,11.5709,10,169.96,0.168,lower_boundary,high,False
TOI-4379,1.1909,6.0619,0.1755,115.7777,10,610.13,0.16,ok,high,False
K2-32,0.8364,0.0316,0.0449,54.5176,10,155.87,-0.06,lower_boundary,high,False
TOI-1753,0.9455,7.1626,0.1755,16.4638,10,224.32,0.026,ok,high,False
TOI-2109,1.3,3.11,-0.0531,13.0298,10,265.31,0.068,ok,high,False
K2-237,1.1636,3.3805,0.3714,2.9155,10,303.45,0.337,ok,ok,True
HD 152843,1.1364,4.7197,-0.0204,0.6821,10,108.89,-0.16,ok,ok,True
WASP-148,0.9727,0.0316,0.2408,63.7567,10,247.71,0.099,lower_boundary,high,False
TOI-1437,0.8909,10.0,-0.4449,0.428,10,103.29,-0.4924,upper_boundary,ok,False
TOI-1244,0.7273,5.5767,0.0122,0.4245,10,102.36,0.034,ok,ok,True
HAT-P-18,0.7818,0.048,0.1755,40.5013,10,161.4,0.1,ok,high,False
WASP-163,0.8636,10.0,-0.2163,274.0802,10,260.72,-0.34,upper_boundary,high,False
HAT-P-67,1.4909,2.4214,-0.151,0.6897,10,370.06,-0.08,ok,ok,True
TOI-1346,0.8364,1.0513,0.1102,0.8538,10,114.19,-0.01,ok,ok,True
TOI-1295,1.3545,2.4214,0.1755,1.3087,10,399.8,0.26,ok,ok,True
TOI-1296,1.1091,7.7858,0.502,1.0729,10,313.71,0.405,ok,ok,True
TOI-4633,1.0545,9.1996,0.3061,1.6424,10,94.65,0.2379,ok,ok,True
TOI-4582,1.2455,4.7197,0.0449,1.5149,10,376.62,0.17,ok,ok,True
TOI-2128,0.9455,8.4632,-0.151,4.8241,10,36.64,-0.07,ok,ok,True
TOI-1742,1.0545,5.5767,0.3061,0.8306,10,72.93,0.193,ok,ok,True
TOI-1743,0.3455,0.4199,0.0776,2.568,10,41.23,0.22,ok,ok,True
TOI-1846,0.4545,0.4199,0.0449,6.1092,10,47.2,0.169,ok,ok,True
TOI-1453,0.7,0.0374,-0.4449,0.9942,10,78.78,-0.31,ok,ok,True
TOI-4600,0.8364,7.1626,0.1429,0.3708,10,215.95,0.16,ok,ok,True
TOI-2141,0.9182,6.5893,-0.0204,0.3177,10,77.02,-0.14,ok,ok,True
GJ 1214,0.2091,2.632,0.1102,4.0868,6,14.63,0.24,ok,ok,True
TOI-1670,1.1636,3.11,0.0122,0.3769,10,165.72,0.09,ok,ok,True
TOI-1248,0.8909,0.0406,0.1755,0.8638,10,168.81,0.223,ok,ok,True
TOI-2084,0.4273,0.0567,-0.249,77.298,10,113.9,-0.13,ok,high,False
HAT-P-14,1.3,2.861,0.0122,1.0402,10,224.02,0.11,ok,ok,True
TOI-2088,0.8636,3.6747,0.4041,7.4936,10,126.63,0.339,ok,ok,True
TOI-2145,1.6273,2.2275,0.2408,0.3975,10,225.28,0.285,ok,ok,True
WASP-150,1.1909,5.5767,0.2082,55.8544,10,535.57,0.156,ok,high,False
HAT-P-55,0.9727,9.1996,0.1429,181.2259,10,516.93,0.003,ok,high,False
TOI-2081,0.4545,0.0522,-0.4776,1.2224,10,62.27,-0.5,ok,ok,True
TOI-6086,0.2636,0.6373,-0.0204,9.9818,10,31.43,0.11,ok,ok,True
TOI-3321,1.0,10.0,0.0122,27.4159,10,284.95,-0.103,upper_boundary,high,False
TOI-5688 A,0.6182,0.0441,0.3388,127.7924,10,225.92,0.47,ok,high,False
WASP-135,0.8909,0.0316,0.0776,182.9636,10,297.95,0.02,lower_boundary,high,False
KELT-12,1.4364,2.861,0.1102,8.8574,10,365.29,0.19,ok,ok,True
OGLE-TR-10,0.9455,10.0,0.4041,213.3867,6,1196.64,0.28,upper_boundary,high,False
TrES-3,0.8636,0.0316,-0.1184,105.929,10,231.08,-0.19,lower_boundary,high,False
TrES-4,1.3818,3.3805,0.2408,22.3811,10,496.16,0.14,ok,high,False
HATS-24,0.9455,10.0,-0.1184,301.5013,10,516.87,-0.229,upper_boundary,high,False
OGLE-TR-56,,,,inf,3,2297.01,0.25,ok,inf,False
HAT-P-63,0.9455,0.0316,0.2735,333.7904,10,400.36,0.251,lower_boundary,high,False
TOI-4438,0.2909,0.0616,-0.2163,0.7619,6,30.06,-0.19,ok,ok,True
HAT-P-46,1.0273,10.0,0.4367,17.6061,10,297.01,0.3,upper_boundary,high,False
TOI-3331 A,0.9455,10.0,0.2735,128.691,10,221.12,0.148,upper_boundary,high,False
HAT-P-31,1.0545,9.1996,0.2408,77.3955,10,338.07,0.15,ok,high,False
TOI-2134,0.7273,9.1996,0.1755,0.716,6,22.66,0.12,ok,ok,True
TOI-1184,0.7273,0.0861,0.0776,1.2937,10,58.51,0.017,ok,ok,True
TOI-2583 A,1.0545,9.1996,0.2082,118.4194,10,551.95,0.158,ok,high,False
TOI-1691,0.9182,9.1996,0.0122,1.3558,10,112.35,0.052,ok,ok,True
TOI-1117,0.9727,6.5893,0.1755,0.8489,10,166.15,0.136,ok,ok,True
TOI-7510,0.9727,8.4632,0.3714,81.2849,10,245.74,0.25,ok,high,False
HAT-P-45,0.9455,10.0,0.2082,220.2476,10,299.49,0.07,upper_boundary,high,False
HAT-P-5,1.0273,5.5767,0.1102,0.946,10,306.41,0.24,ok,ok,True
WASP-58,0.8909,10.0,-0.3143,29.2704,10,290.92,-0.45,upper_boundary,high,False
HAT-P-57,1.0818,5.5767,-0.3469,21.4951,10,288.94,-0.25,ok,high,False
TOI-4465,0.9182,8.4632,0.0776,1.3236,10,121.93,-0.06,ok,ok,True
TOI-2158,1.0273,10.0,0.502,1.5099,10,195.38,0.47,upper_boundary,ok,False
XO-7,1.2727,2.861,0.502,2.24,10,230.54,0.432,ok,ok,True
CoRoT-30,0.9455,10.0,0.1429,924.2561,10,1040.95,0.02,upper_boundary,high,False
CoRoT-36,1.2727,4.3419,0.0449,219.8651,10,956.5,-0.1,ok,high,False
TOI-2180,1.0818,7.7858,0.1429,1.3476,10,116.34,0.253,ok,ok,True
CoRoT-27,0.9455,0.0316,0.0449,835.2806,10,907.35,-0.1,lower_boundary,high,False
CoRoT-16,0.8909,0.0316,0.3388,66.746,6,743.52,0.19,lower_boundary,high,False
WASP-3,1.1636,3.3805,-0.0204,0.3481,10,229.83,0.0,ok,ok,True
CoRoT-28,1.1091,8.4632,0.2735,224.2767,10,747.25,0.15,ok,high,False
CoRoT-17,0.9182,10.0,0.1429,246.2596,6,1117.25,0.0,upper_boundary,high,False
WASP-188,1.2182,4.3419,-0.0857,95.5338,10,682.56,0.0,ok,high,False
CoRoT-29,0.9455,0.0316,0.3388,14.5235,6,809.44,0.2,lower_boundary,high,False
TOI-2169 A,1.1909,5.5767,0.1429,18.2042,10,359.88,0.123,ok,high,False
WASP-153,1.1091,8.4632,0.3388,106.7046,10,589.37,0.34,ok,high,False
TOI-4463 A,0.9727,9.1996,0.3714,4.4887,10,175.89,0.25,ok,ok,True
CoRoT-26,1.0545,10.0,0.1429,735.6353,10,3369.34,0.01,upper_boundary,high,False
CoRoT-23,1.0,10.0,0.1755,1076.5356,10,1013.51,0.05,upper_boundary,high,False
TOI-1859,1.1909,3.11,-0.0204,0.3165,10,223.04,0.12,ok,ok,True
Kepler-1629,0.8909,10.0,0.1429,153.91,10,334.14,0.05,upper_boundary,high,False
Kepler-1445,1.0,10.0,0.0776,74.4982,10,502.32,-0.03,upper_boundary,high,False
Kepler-1286,1.0,9.1996,0.1755,646.6761,10,1340.77,0.03,ok,high,False
Kepler-1835,0.9182,10.0,-0.151,761.7856,10,1419.66,-0.26,upper_boundary,high,False
TOI-1347,0.9182,0.753,0.0122,0.4562,10,146.86,0.04,ok,ok,True
Kepler-1341,0.8091,0.0316,0.2408,478.0184,10,474.04,0.19,lower_boundary,high,False
CoRoT-25,0.9727,10.0,0.1102,52.4112,10,1093.64,-0.01,upper_boundary,high,False
Kepler-589,0.8909,0.0316,0.1429,367.3718,10,614.44,0.01,lower_boundary,high,False
CoRoT-22,0.9727,10.0,0.3061,355.8896,10,629.52,0.17,upper_boundary,high,False
TOI-5181 A,1.0545,10.0,0.2735,95.0395,10,470.9,0.208,upper_boundary,high,False
CoRoT-11,1.0273,10.0,0.1102,126.2006,10,641.57,-0.03,upper_boundary,high,False
Kepler-165,0.7818,0.0316,-0.1837,353.7146,10,555.15,-0.25,lower_boundary,high,False
Kepler-1907,0.7273,0.067,-0.249,3.4642,10,288.65,-0.16,ok,ok,True
CoRoT-9,0.9182,0.0316,0.1102,218.8591,10,420.03,-0.01,lower_boundary,high,False
Kepler-439,0.9455,0.0316,0.1102,472.3053,10,751.01,0.02,lower_boundary,high,False
Kepler-1386,0.9455,9.1996,0.2082,4.8258,10,838.21,0.11,ok,ok,True
TOI-1438,0.8364,6.0619,0.0122,0.7402,10,110.55,0.03,ok,ok,True
Kepler-1782,0.8091,0.0316,0.0449,207.4296,10,303.26,0.0,lower_boundary,high,False
Kepler-1872,0.8909,0.0316,0.4367,620.309,10,823.25,0.32,lower_boundary,high,False
Kepler-1735,0.9727,10.0,-0.4449,80.1766,10,242.86,-0.34,upper_boundary,high,False
CoRoT-6,0.9182,10.0,-0.0531,378.9135,10,623.79,-0.2,upper_boundary,high,False
Kepler-1105,0.6727,0.0567,0.1429,212.0309,10,314.52,0.28,ok,high,False
Kepler-431,1.0545,8.4632,0.0122,86.5485,10,484.52,0.07,ok,high,False
TOI-2136,0.3455,10.0,-0.1184,0.8796,10,33.33,0.03,upper_boundary,ok,False
Kepler-94,0.8091,0.0374,0.2408,70.3469,10,190.08,0.34,ok,high,False
Kepler-188,0.9727,10.0,0.2735,583.0267,10,951.93,0.15,upper_boundary,high,False
Kepler-8,1.0273,9.1996,-0.0204,262.6723,10,990.44,-0.055,ok,high,False
Kepler-1489,0.9727,9.1996,0.0122,551.3641,10,1200.17,-0.13,ok,high,False
Kepler-1477,0.9182,0.0316,0.0776,456.5815,10,691.39,-0.06,lower_boundary,high,False
Kepler-1102,0.9727,9.1996,0.0449,671.7056,10,1217.73,-0.08,ok,high,False
Kepler-322,0.8909,0.0344,0.1102,158.7187,10,394.55,0.12,ok,high,False
Kepler-960,0.7545,0.0441,0.1102,116.3317,10,282.6,0.02,ok,high,False
Kepler-102,0.7818,5.1303,0.1429,0.5871,10,107.69,0.11,ok,ok,True
Kepler-1088,0.9727,8.4632,0.1429,72.9768,10,282.15,0.05,ok,high,False
Kepler-364,1.0,10.0,0.0449,307.6384,10,878.95,-0.031,upper_boundary,high,False
TOI-2295,1.0818,7.7858,0.3388,1.0711,10,125.62,0.316,ok,ok,True
Kepler-989,0.8636,0.0316,0.1429,256.7586,10,487.17,0.01,lower_boundary,high,False
Kepler-1097,0.8364,0.0316,0.0122,509.4603,10,702.27,-0.11,lower_boundary,high,False
Kepler-438,0.6182,0.0374,0.0122,111.6969,10,179.09,0.16,ok,high,False
Kepler-1329,0.7273,0.0316,-0.0531,527.1931,10,600.08,0.02,lower_boundary,high,False
Kepler-1043,0.8909,10.0,0.0122,571.6275,10,886.23,-0.11,upper_boundary,high,False
Kepler-1140,0.8091,0.0316,0.0449,616.1255,10,658.94,-0.08,lower_boundary,high,False
Kepler-780,1.9818,1.2422,0.0776,209.1308,10,2620.33,0.05,ok,high,False
Kepler-1174,1.0273,8.4632,-0.151,357.184,10,1376.55,-0.04,ok,high,False
Kepler-1285,1.1364,6.5893,0.2408,63.1658,10,417.49,0.16,ok,high,False
Kepler-1572,1.0273,10.0,0.1429,324.0987,10,927.72,0.08,upper_boundary,high,False
Kepler-1048,0.8636,0.0316,0.1429,339.2146,10,556.47,0.01,lower_boundary,high,False
Kepler-144,1.0,6.0619,-0.249,1.6403,10,390.75,-0.1848,ok,ok,True
Kepler-1730,0.9727,10.0,0.0776,830.909,10,1429.87,-0.04,upper_boundary,high,False
Kepler-880,1.1909,4.3419,-0.0531,102.0296,10,585.32,0.03,ok,high,False
Kepler-601,0.8091,5.1303,0.0122,3.4137,10,414.7,-0.02,ok,ok,True
K2-383,0.8636,0.0316,0.1102,73.8327,10,201.39,0.187,lower_boundary,high,False
Kepler-1817,0.9182,0.0316,0.3061,637.6934,10,733.0,0.16,lower_boundary,high,False
Kepler-961,0.9455,0.0316,0.1755,288.1691,10,562.24,0.05,lower_boundary,high,False
Kepler-311,0.9727,10.0,0.1102,269.8995,10,760.82,-0.03,upper_boundary,high,False
TOI-1259 A,0.6727,0.0344,-0.5429,1.0491,10,118.53,-0.5,ok,ok,True
Kepler-583,0.9182,10.0,0.2082,476.5768,10,882.64,0.07,upper_boundary,high,False
Kepler-1912,1.0273,0.5863,0.1429,2.0777,10,293.16,0.04,ok,ok,True
Kepler-137,0.8909,0.0316,0.0776,98.158,10,299.77,0.05,lower_boundary,high,False
Kepler-1192,0.9182,10.0,-0.0204,1157.6716,10,1354.54,-0.16,upper_boundary,high,False
Kepler-1654,0.9182,10.0,-0.0204,224.6596,10,564.23,-0.088,upper_boundary,high,False
Kepler-270,1.0273,10.0,0.2408,432.9775,10,944.73,0.15,upper_boundary,high,False
Kepler-653,1.0,9.1996,0.3388,2.0932,10,591.24,0.23,ok,ok,True
Kepler-83,0.5909,0.048,-0.249,345.4493,10,393.8,-0.2,ok,high,False
Kepler-1637,2.4727,0.6928,0.1755,9.394,10,4123.56,0.07,ok,ok,True
Kepler-1863,1.0818,9.1996,0.3388,326.6338,10,867.86,0.21,ok,high,False
Kepler-446,0.1273,0.0522,-0.4449,327.7903,10,95.96,-0.3,ok,high,False
Kepler-1244,1.5455,2.632,0.1755,126.7587,10,999.17,0.05,ok,high,False
Kepler-829,0.9455,10.0,0.1755,646.8242,10,1048.84,0.03,upper_boundary,high,False
Kepler-1946,0.9455,0.0316,0.0776,967.2436,10,1070.59,-0.04,lower_boundary,high,False
Kepler-868,0.9455,10.0,0.0122,897.9746,10,1540.68,-0.08,upper_boundary,high,False
Kepler-1999,0.7,0.0316,-0.1837,637.2402,10,695.44,-0.24,lower_boundary,high,False
KOI-7892,0.9727,10.0,-0.0204,424.0164,10,1050.19,-0.16,upper_boundary,high,False
Kepler-139,0.9727,10.0,0.4367,154.9987,10,390.17,0.35,upper_boundary,high,False
Kepler-380,0.9727,10.0,-0.0204,256.4328,10,797.25,-0.16,upper_boundary,high,False
Kepler-1459,0.8364,0.0316,0.1429,254.761,10,456.37,0.01,lower_boundary,high,False
Kepler-896,1.0545,8.4632,-0.0531,642.6427,10,2426.2,-0.16,ok,high,False
Kepler-615,1.0545,9.1996,0.0776,317.7399,10,1037.42,-0.07,ok,high,False
Kepler-153,0.7818,0.0316,-0.2163,335.855,10,460.96,-0.27,lower_boundary,high,False
Kepler-185,0.7818,0.0316,-0.151,341.5777,10,462.14,-0.14,lower_boundary,high,False
Kepler-128,1.0818,7.1626,-0.0531,37.0643,10,390.76,-0.03,ok,high,False
Kepler-422,1.0273,10.0,0.3714,244.9665,10,704.49,0.23,upper_boundary,high,False
Kepler-1385,1.0818,9.1996,0.3714,172.3605,10,648.33,0.41,ok,high,False
Kepler-1494,0.9727,10.0,0.1429,810.1291,10,1297.51,0.01,upper_boundary,high,False
Kepler-714,1.0818,8.4632,0.1102,754.4995,10,2044.36,0.04,ok,high,False
Kepler-1408,1.1091,7.1626,0.0449,96.4325,10,522.34,0.0,ok,high,False
Kepler-777,0.6182,0.0316,-0.249,375.0997,10,437.89,-0.17,lower_boundary,high,False
TOI-1749,0.5364,9.1996,-0.2816,0.7239,10,99.16,-0.26,ok,ok,True
Kepler-613,0.9182,10.0,0.1102,417.8439,10,837.05,-0.01,upper_boundary,high,False
TOI-2025,1.0273,9.1996,0.0449,22.3593,10,341.59,0.15,ok,high,False
Kepler-1009,0.7,0.0316,-0.0204,321.8627,10,355.75,-0.12,lower_boundary,high,False
Kepler-1789,0.9455,0.0316,0.2408,361.7292,10,608.2,0.12,lower_boundary,high,False
Kepler-1050,0.9455,10.0,0.1429,186.1289,10,487.95,0.03,upper_boundary,high,False
Kepler-511,1.0,9.1996,-0.151,96.3669,10,648.16,-0.2,ok,high,False
Kepler-1278,1.0273,10.0,0.1429,299.5461,10,897.82,0.02,upper_boundary,high,False
Kepler-202,0.7,0.0344,-0.3469,161.4964,10,282.11,-0.21,ok,high,False
Kepler-338,1.0545,7.7858,-0.1184,103.4157,10,543.05,-0.029,ok,high,False
Kepler-658,0.6727,0.0316,-0.1184,368.8354,10,387.09,-0.04,lower_boundary,high,False
Kepler-1240,1.0,10.0,0.1755,484.2067,10,832.69,0.04,upper_boundary,high,False
Kepler-271,0.8909,0.0316,-0.0531,144.3677,10,417.04,-0.13,lower_boundary,high,False
Kepler-549,0.8909,0.0316,0.0776,437.7772,10,630.24,-0.03,lower_boundary,high,False
K2-379,0.7818,0.0316,0.0449,61.6929,10,182.83,-0.045,lower_boundary,high,False
Kepler-298,0.7,0.0316,-0.2816,366.3673,10,525.39,-0.21,lower_boundary,high,False
Kepler-1639,0.9727,10.0,0.0776,667.7704,10,1072.76,-0.03,upper_boundary,high,False
Kepler-1188,1.0273,10.0,0.0776,702.824,10,1586.83,0.0,upper_boundary,high,False
Kepler-1040,0.9182,10.0,0.1429,192.411,10,469.9,0.01,upper_boundary,high,False
Kepler-1157,0.7818,0.0316,0.1429,212.0635,10,339.46,0.05,lower_boundary,high,False
Kepler-892,0.7273,0.0316,-0.151,627.0943,10,583.59,-0.04,lower_boundary,high,False
Kepler-1919,0.9182,0.0316,-0.0204,965.8258,10,1199.56,-0.16,lower_boundary,high,False
TOI-4994,0.9455,10.0,0.3061,71.3933,10,331.04,0.165,upper_boundary,high,False
Kepler-303,0.9727,10.0,-0.4449,111.9305,10,209.2,-0.4136,upper_boundary,high,False
Kepler-410 A,1.1091,6.0619,0.0122,0.7429,10,146.81,0.01,ok,ok,True
Kepler-1083,0.8364,0.0316,0.0776,595.2814,10,879.22,-0.02,lower_boundary,high,False
Kepler-765,0.9727,10.0,0.1429,494.7228,10,1063.56,0.04,upper_boundary,high,False
Kepler-363,1.0545,10.0,0.5347,186.5752,10,748.25,0.3965,upper_boundary,high,False
Kepler-299,0.9455,10.0,0.2408,566.8659,10,1077.12,0.12,upper_boundary,high,False
Kepler-297,0.8909,9.1996,0.0122,377.0163,10,681.82,-0.11,ok,high,False
Kepler-1458,0.8909,0.0316,0.0449,296.8362,10,543.14,0.02,lower_boundary,high,False
Kepler-62,0.7273,0.0316,-0.3469,274.7344,10,298.78,-0.37,lower_boundary,high,False
Kepler-237,0.8636,0.0316,0.2735,419.7978,10,645.07,0.22,lower_boundary,high,False
Kepler-453,0.9455,0.0316,0.2082,179.2442,10,438.92,0.09,lower_boundary,high,False
Kepler-693,0.8364,0.0316,0.0122,1097.8892,10,1129.99,-0.1,lower_boundary,high,False
Kepler-101,1.0818,9.1996,0.3061,245.6423,10,900.48,0.33,ok,high,False
Kepler-421,0.8364,0.0316,-0.1184,136.4097,10,341.51,-0.25,lower_boundary,high,False
Kepler-546,1.0545,10.0,0.2735,395.9687,10,1042.64,0.14,upper_boundary,high,False
K2-202,0.9455,0.0316,0.4041,296.1203,10,296.43,0.27,lower_boundary,high,False
Kepler-1230,0.9727,10.0,0.1429,744.7312,10,1345.6,0.01,upper_boundary,high,False
Kepler-1162,0.8909,0.0316,0.1102,549.5391,10,914.0,-0.03,lower_boundary,high,False
KELT-8,1.0273,10.0,0.4041,12.1261,10,196.2,0.27,upper_boundary,high,False
Kepler-704,0.9727,10.0,0.2082,781.9502,10,1236.38,0.09,upper_boundary,high,False
Kepler-1388,0.5909,0.0316,-0.1184,538.5604,10,453.39,0.02,lower_boundary,high,False
Kepler-530,0.9182,0.0316,-0.0204,188.8115,10,459.36,-0.08,lower_boundary,high,False
Kepler-1540,0.7,0.048,0.0122,292.0742,10,242.93,0.1,ok,high,False
Kepler-1538,0.9182,10.0,0.1429,630.504,10,1108.65,0.02,upper_boundary,high,False
Kepler-172,0.9727,10.0,0.5347,550.6275,10,830.36,0.39,upper_boundary,high,False
Kepler-1709,0.9455,10.0,0.0449,51.6181,10,272.77,-0.04,upper_boundary,high,False
Kepler-1855,0.4,0.0316,0.0776,151.1794,10,187.41,0.07,lower_boundary,high,False
Kepler-1998,0.9182,10.0,0.2082,76.8649,10,338.9,0.06,upper_boundary,high,False
K2-380,0.9727,9.1996,0.0776,63.5926,10,249.24,-0.049,ok,high,False
Kepler-1443,1.1636,6.0619,0.0776,148.2191,10,639.78,0.0,ok,high,False
Kepler-1394,1.3545,3.11,-0.0531,57.8428,10,616.76,0.06,ok,high,False
Kepler-1017,0.9182,0.0316,0.1429,283.7925,10,542.72,0.04,lower_boundary,high,False
Kepler-876,0.8636,0.0316,0.0449,666.554,10,788.89,-0.03,lower_boundary,high,False
Kepler-580,0.6455,0.0441,-0.1837,343.0727,10,324.1,-0.06,ok,high,False
Kepler-847,0.8636,0.0316,0.2735,280.1724,10,517.19,0.15,lower_boundary,high,False
Kepler-569,0.9727,0.0316,0.1429,379.676,10,641.63,0.01,lower_boundary,high,False
Kepler-1667,0.9182,9.1996,-0.1184,232.6217,10,612.23,-0.2603,ok,high,False
Kepler-1721,0.8636,0.0316,0.0776,418.2378,10,631.94,-0.04,lower_boundary,high,False
Kepler-1361,0.8364,0.0344,0.0776,209.054,10,385.58,0.0,ok,high,False
Kepler-835,1.0273,10.0,0.2082,930.1425,10,2006.36,0.08,upper_boundary,high,False
Kepler-1566,0.8364,0.0316,0.0122,339.7032,10,466.54,-0.07,lower_boundary,high,False
Kepler-1018,0.9182,9.1996,0.0776,583.9969,10,966.51,-0.05,ok,high,False
Kepler-1026,0.7545,0.0316,-0.1184,292.2752,10,350.84,-0.02,lower_boundary,high,False
Kepler-1651,0.4545,0.0522,-0.249,3.9677,10,66.16,-0.16,ok,ok,True
Kepler-715,0.9727,10.0,0.1429,585.0207,10,1291.67,0.02,upper_boundary,high,False
Kepler-661,0.7,0.0316,-0.151,465.6124,10,539.0,-0.05,lower_boundary,high,False
Kepler-1019,0.6727,0.0616,0.0122,57.9999,10,193.76,0.01,ok,high,False
Kepler-732,0.4545,0.0374,-0.151,144.8551,10,172.29,-0.01,ok,high,False
Kepler-617,0.5091,0.0441,-0.1837,82.2087,10,173.81,-0.07,ok,high,False
Kepler-1355,0.8909,0.0316,0.0776,622.5464,10,902.83,-0.04,lower_boundary,high,False
Kepler-1339,0.9727,10.0,0.1429,69.7304,10,345.7,0.01,upper_boundary,high,False
Kepler-1823,1.0273,9.1996,0.2082,189.3144,10,720.95,0.06,ok,high,False
Kepler-1547,1.0,10.0,0.1755,324.5359,10,679.2,0.04,upper_boundary,high,False
Kepler-1457,0.9727,10.0,0.0776,355.9205,10,870.24,-0.05,upper_boundary,high,False
Kepler-1541,0.8636,0.0316,0.0122,240.0391,10,413.92,-0.04,lower_boundary,high,False
Kepler-1509,1.0818,8.4632,0.1102,727.715,10,2005.11,0.03,ok,high,False
Kepler-1675,1.0,9.1996,0.3714,220.2985,10,637.53,0.2537,ok,high,False
Kepler-600,0.8636,0.0316,0.0122,377.249,10,614.48,-0.09,lower_boundary,high,False
Kepler-1033,0.9455,10.0,0.2082,930.4348,10,1538.31,0.06,upper_boundary,high,False
Kepler-697,0.9182,10.0,0.1102,954.5036,10,1204.09,-0.01,upper_boundary,high,False
Kepler-742,0.7818,0.0316,0.1429,517.5982,10,490.01,0.07,lower_boundary,high,False
Kepler-236,0.5909,0.0344,-0.1837,212.8897,10,290.65,-0.05,ok,high,False
Kepler-1253,0.9727,10.0,-0.0857,147.5465,10,511.23,-0.14,upper_boundary,high,False
Kepler-1062,0.7818,0.0316,0.2408,357.5593,10,390.98,0.11,lower_boundary,high,False
Kepler-648,0.9455,10.0,0.3388,268.1465,10,637.27,0.21,upper_boundary,high,False
Kepler-1310,0.9182,0.0316,0.0776,289.9574,10,559.94,-0.07,lower_boundary,high,False
Kepler-853,1.0545,7.7858,-0.0531,143.2869,10,570.52,0.07,ok,high,False
Kepler-1407,1.0,10.0,0.1755,593.1639,10,1306.59,0.05,upper_boundary,high,False
Kepler-725,0.9182,0.0316,0.2082,443.1647,10,759.28,0.14,lower_boundary,high,False
Kepler-301,1.0,0.0316,0.3061,372.8677,10,711.78,0.187,lower_boundary,high,False
Kepler-1499,0.8364,0.0344,0.1102,139.22,10,305.71,-0.01,ok,high,False
Kepler-1933,0.9727,0.0316,0.2082,145.0065,10,327.08,0.1,lower_boundary,high,False
Kepler-158,0.6727,0.0316,-0.3796,295.3497,10,315.28,-0.3,lower_boundary,high,False
Kepler-1338,1.0,9.1996,0.1429,271.5445,10,718.03,0.0,ok,high,False
Kepler-1627,0.9182,0.0316,0.0449,101.5296,10,329.3,-0.1,lower_boundary,high,False
Kepler-37,0.7818,0.0344,-0.3796,1.2541,10,63.93,-0.25,ok,ok,True
Kepler-523,0.8636,7.7858,0.1102,60.8388,10,253.65,-0.03,ok,high,False
Kepler-971,0.8909,0.0316,0.0122,153.513,10,350.16,-0.06,lower_boundary,high,False
Kepler-1179,0.8364,0.0344,0.0776,224.7195,10,415.68,-0.03,ok,high,False
Kepler-1136,0.7,0.0316,-0.1184,364.2074,10,486.34,0.03,lower_boundary,high,False
Kepler-1760,1.0545,9.1996,0.0776,279.1735,10,1363.33,0.08,ok,high,False
Kepler-1761,0.5909,0.0522,-0.0531,91.4093,10,216.84,0.07,ok,high,False
Kepler-1045,0.9182,0.0316,0.1102,677.44,10,979.78,-0.03,lower_boundary,high,False
Kepler-1747,1.0,0.0316,0.3388,1030.5592,10,1262.34,0.21,lower_boundary,high,False
Kepler-1539,0.8636,0.0316,0.1102,522.6314,10,747.76,-0.01,lower_boundary,high,False
Kepler-1454,0.9182,0.0316,0.1102,498.9819,10,790.65,-0.02,lower_boundary,high,False
Kepler-841,0.8909,0.0316,0.0449,818.177,10,1043.97,-0.09,lower_boundary,high,False
Kepler-588,1.0,10.0,0.1429,501.975,10,1222.01,0.0,upper_boundary,high,False
Kepler-943,1.0545,9.1996,0.0776,729.3855,10,2240.95,-0.07,ok,high,False
Kepler-1303,0.9182,10.0,0.1429,468.744,10,862.65,0.04,upper_boundary,high,False
HAT-P-37,0.9182,0.0344,0.1429,162.786,10,385.4,0.03,ok,high,False
Kepler-920,0.9455,0.0316,0.1429,750.4366,10,942.39,0.0,lower_boundary,high,False
Kepler-1818,0.9727,10.0,0.0449,517.2482,10,983.75,-0.08,upper_boundary,high,False
Kepler-1995,0.8636,0.0316,0.4694,489.8233,10,582.76,0.48,lower_boundary,high,False
Kepler-1195,0.8091,0.0316,-0.1184,827.5576,10,932.9,-0.25,lower_boundary,high,False
Kepler-1726,0.8636,0.0344,0.0776,280.8352,10,391.96,0.0,ok,high,False
Kepler-484,0.9182,0.0316,-0.0204,234.3069,10,377.53,-0.1,lower_boundary,high,False
HATS-28,0.9455,0.0316,0.1102,414.3165,10,520.64,0.01,lower_boundary,high,False
Kepler-200,0.9182,10.0,0.1429,363.9583,10,653.5,-0.006,upper_boundary,high,False
Kepler-1298,1.4636,3.11,0.2408,59.8411,10,534.55,0.13,ok,high,False
Kepler-992,0.7545,0.0316,-0.1837,110.5959,10,259.83,-0.04,lower_boundary,high,False
Kepler-721,0.8636,0.0316,0.0776,832.1086,10,884.16,-0.01,lower_boundary,high,False
KOI-351,1.0273,9.1996,0.2408,266.0474,10,839.22,0.098,ok,high,False
Qatar-10,1.0,10.0,0.1102,110.6549,10,550.76,0.016,upper_boundary,high,False
Kepler-1393,0.9727,10.0,-0.0204,319.4066,10,674.45,-0.09,upper_boundary,high,False
Kepler-1656,0.9455,8.4632,0.1102,8.5945,10,186.98,0.19,ok,ok,True
Kepler-1074,0.5909,0.0406,-0.1837,249.7654,10,247.86,-0.06,ok,high,False
Kepler-622,0.6727,0.0316,-0.1837,158.0847,10,283.46,-0.09,lower_boundary,high,False
Kepler-95,1.0545,9.1996,0.4041,44.6136,10,450.97,0.3,ok,high,False
Kepler-1791,1.3818,3.3805,0.0776,194.5039,10,1330.53,-0.06,ok,high,False
Kepler-1025,1.0,10.0,0.1102,259.4899,10,801.69,-0.03,upper_boundary,high,False
Kepler-170,0.9455,10.0,0.5347,454.8992,10,731.93,0.39,upper_boundary,high,False
Kepler-1476,0.9182,0.0316,0.1102,52.1838,10,1011.51,0.06,lower_boundary,high,False
KELT-10,1.0273,7.1626,0.2082,7.3487,10,188.36,0.09,ok,ok,True
Kepler-465,1.0,9.1996,0.0122,156.0064,10,544.34,0.09,ok,high,False
Kepler-1370,1.0545,9.1996,0.1102,366.8409,10,1003.83,0.05,ok,high,False
Kepler-441,0.9727,10.0,-0.4449,34.2575,10,267.62,-0.57,upper_boundary,high,False
Kepler-823,1.0273,10.0,0.2082,543.7076,10,1331.86,0.06,upper_boundary,high,False
Kepler-1265,0.7273,0.0316,-0.1837,492.8866,10,583.7,-0.1,lower_boundary,high,False
Kepler-1274,1.3,3.9944,0.0776,63.7993,10,604.73,0.11,ok,high,False
Kepler-1242,0.8091,0.0316,0.0449,562.101,10,667.73,-0.05,lower_boundary,high,False
Kepler-995,0.8636,0.0316,0.0776,595.0603,10,607.58,-0.07,lower_boundary,high,False
Kepler-921,0.9182,9.1996,0.0122,511.085,10,926.12,-0.12,ok,high,False
Kepler-506,1.1636,2.4214,0.1429,0.3634,10,230.15,0.09,ok,ok,True
Kepler-558,0.8636,0.0316,0.0449,485.8758,10,674.68,-0.06,lower_boundary,high,False
Kepler-1328,1.0,10.0,0.1429,405.0174,10,803.22,0.0,upper_boundary,high,False
Kepler-282,0.9455,9.1996,-0.0531,752.0768,10,1294.79,-0.2,ok,high,False
Kepler-735,0.8636,0.0316,0.2082,644.6297,10,700.85,0.07,lower_boundary,high,False
Kepler-1719,1.0273,9.1996,-0.0531,235.3627,10,878.35,0.04,ok,high,False
Kepler-922,0.9455,0.0316,0.0776,347.2713,10,538.41,-0.05,lower_boundary,high,False
Kepler-134,0.8909,10.0,-0.151,67.0794,10,335.02,-0.2067,upper_boundary,high,False
Kepler-1853,0.8636,0.0316,0.3061,450.0303,10,559.96,0.16,lower_boundary,high,False
Kepler-214,1.0818,7.7858,0.0122,337.2031,10,1210.36,-0.02,ok,high,False
Kepler-1498,1.0,10.0,0.1102,653.476,10,1277.77,-0.01,upper_boundary,high,False
Kepler-408,1.0545,5.5767,-0.0531,0.2751,10,89.01,-0.2,ok,ok,True
Kepler-647,1.0,10.0,-0.0204,372.3384,10,1069.53,-0.14,upper_boundary,high,False
Kepler-388,0.8909,0.0316,0.1429,378.9777,10,608.93,0.0,lower_boundary,high,False
Kepler-723,1.0,10.0,0.1429,897.0037,10,1315.73,0.0,upper_boundary,high,False
Kepler-1335,0.8091,0.0316,0.0449,413.9722,10,630.52,-0.07,lower_boundary,high,False
Kepler-1751,0.8909,10.0,-0.1184,648.7356,10,1222.79,-0.26,upper_boundary,high,False
Kepler-826,0.9727,10.0,-0.0531,301.6228,10,754.38,-0.12,upper_boundary,high,False
Kepler-1614,0.8909,0.0316,-0.0204,788.9001,10,1182.1,-0.17,lower_boundary,high,False
Kepler-1235,0.9455,0.0316,0.1429,386.51,10,531.78,0.01,lower_boundary,high,False
Kepler-1292,0.9455,10.0,0.2082,963.0717,10,1392.96,0.08,upper_boundary,high,False
Kepler-814,1.1636,6.0619,0.0449,543.813,10,1881.16,0.01,ok,high,False
Kepler-638,1.1091,7.7858,0.1102,225.5561,10,969.71,0.04,ok,high,False
Kepler-504,0.2909,0.0316,-0.4122,114.5154,10,99.05,-0.31,lower_boundary,high,False
Kepler-1414,0.8364,0.0316,0.0449,438.2567,10,564.39,-0.02,lower_boundary,high,False
Kepler-26,0.5909,9.1996,-0.151,4.4366,10,336.98,-0.13,ok,ok,True
Kepler-893,0.9727,10.0,0.1102,838.4573,10,1299.81,-0.03,upper_boundary,high,False
Kepler-196,0.8636,0.0316,0.0776,306.4462,10,450.87,-0.06,lower_boundary,high,False
Kepler-1702,0.8091,0.0316,-0.1184,814.4595,10,871.97,-0.24,lower_boundary,high,False
Kepler-1093,1.0545,9.1996,0.1102,301.7244,10,1051.31,-0.01,ok,high,False
K2-107,1.0807,8.4632,0.1119,292.4692,10,660.78,0.14,ok,high,False
Kepler-1712,0.5636,0.067,-0.1184,112.4067,10,155.7,0.02,ok,high,False
Kepler-1190,0.7,0.0522,-0.0531,205.1444,10,344.04,-0.02,ok,high,False
Kepler-974,0.5091,0.0522,-0.1184,52.8179,10,132.95,0.0,ok,high,False
Kepler-1325,0.9455,0.0316,0.1102,551.1459,10,958.46,0.01,lower_boundary,high,False
Kepler-1991,0.9455,9.1996,0.3061,481.8157,10,860.09,0.16,ok,high,False
Kepler-513,0.9455,10.0,0.1102,157.0567,10,458.89,-0.01,upper_boundary,high,False
Kepler-864,1.0545,10.0,0.2408,953.3517,10,2061.54,0.36,upper_boundary,high,False
Kepler-1366,0.6455,0.067,0.0449,0.4722,6,458.95,-0.02,ok,ok,True
Kepler-1805,0.5909,0.0616,-0.0204,129.8821,10,219.06,0.1,ok,high,False
HATS-29,0.9727,9.1996,0.3061,76.7481,10,350.05,0.16,ok,high,False
Kepler-983,2.0909,1.1428,0.2408,306.2039,10,3558.01,0.12,ok,high,False
Kepler-243,0.9182,0.0316,0.4041,417.0122,10,679.57,0.26,lower_boundary,high,False
Kepler-1526,0.7273,0.0316,-0.0531,441.2103,10,544.44,-0.01,lower_boundary,high,False
Kepler-1014,0.8636,0.0316,0.0122,440.5859,10,617.97,-0.06,lower_boundary,high,False
Kepler-1214,0.8909,0.0316,0.1755,626.4736,10,737.36,0.05,lower_boundary,high,False
Kepler-1531,1.0,10.0,0.1102,204.1649,10,657.63,-0.03,upper_boundary,high,False
Kepler-1415,0.9182,0.0316,0.2082,692.2908,10,1013.45,0.12,lower_boundary,high,False
Kepler-1661,0.8091,0.0316,-0.0204,358.3141,10,404.21,-0.12,lower_boundary,high,False
Kepler-55,0.7273,0.0316,-0.0531,491.2605,10,563.08,-0.01,lower_boundary,high,False
Kepler-1254,0.8091,0.0316,0.0449,436.9249,10,630.33,-0.1,lower_boundary,high,False
Kepler-674,0.6182,0.0316,-0.3796,297.0523,10,334.72,-0.27,lower_boundary,high,False
Kepler-381,1.1636,3.6747,-0.151,0.6472,10,266.93,-0.2016,ok,ok,True
Kepler-127,1.1636,5.5767,0.3388,77.3675,10,348.72,0.2142,ok,high,False
Kepler-1130,0.9182,0.0316,0.0776,96.0787,10,252.54,-0.06,lower_boundary,high,False
Kepler-686,0.9727,10.0,0.0776,1064.3207,10,1460.72,-0.07,upper_boundary,high,False
Kepler-1814,0.8636,0.0316,0.3388,614.9233,10,695.12,0.2,lower_boundary,high,False
Kepler-1272,1.0273,10.0,0.2082,453.1697,10,1165.93,0.06,upper_boundary,high,False
Kepler-815,1.1909,5.5767,-0.0204,1.6386,10,1224.7,-0.03,ok,ok,True
Kepler-1261,0.8364,0.0316,0.1102,593.1507,10,744.45,0.03,lower_boundary,high,False
Kepler-43,1.0545,10.0,0.4694,337.0782,10,989.95,0.33,upper_boundary,high,False
Kepler-837,0.8909,0.0316,-0.0531,652.2297,10,896.01,-0.18,lower_boundary,high,False
Kepler-1996,0.8091,0.0316,0.2082,345.0057,10,443.46,0.08,lower_boundary,high,False
Kepler-447,0.8909,8.4632,0.1755,55.9987,10,265.09,0.07,ok,high,False
Kepler-1304,1.0273,9.1996,-0.0857,655.9226,10,2165.5,-0.05,ok,high,False
Kepler-30,0.9455,0.0316,0.3061,676.5227,10,873.35,0.18,lower_boundary,high,False
Kepler-205,0.6182,10.0,-0.1184,40.7339,10,158.87,-0.1254,upper_boundary,high,False
Kepler-1849,0.7273,0.0316,-0.1837,520.1213,10,635.46,-0.1,lower_boundary,high,False
Kepler-1223,0.8364,0.0316,0.1429,449.7418,10,463.32,0.04,lower_boundary,high,False
Kepler-878,0.9455,0.0316,0.1102,403.8258,10,778.51,-0.03,lower_boundary,high,False
Kepler-129,1.0818,8.4632,0.1755,52.7313,10,408.73,0.29,ok,high,False
Kepler-1482,0.9182,9.1996,0.0776,284.5123,10,549.69,-0.04,ok,high,False
Kepler-1444,0.9455,10.0,0.2082,85.6809,10,320.15,0.06,upper_boundary,high,False
Kepler-1932,0.9182,0.0316,0.2735,596.0074,10,706.96,0.14,lower_boundary,high,False
Kepler-295,1.1364,7.1626,0.1102,338.6994,10,1662.17,-0.03,ok,high,False
Kepler-1440,1.0273,10.0,0.1429,324.1112,10,1082.63,0.04,upper_boundary,high,False
Kepler-204,1.0,4.3419,0.1102,3.8682,10,680.23,0.07,ok,ok,True
Kepler-1635,0.9455,0.0316,0.2082,824.0086,10,1096.66,0.06,lower_boundary,high,False
Kepler-440,0.6455,0.0316,-0.151,188.5427,10,301.68,-0.3,lower_boundary,high,False
Kepler-1429,1.0,10.0,0.1755,516.1023,10,1243.48,0.04,upper_boundary,high,False
Kepler-442,0.6455,0.0316,-0.4122,342.6227,10,362.47,-0.37,lower_boundary,high,False
Kepler-952,0.9455,10.0,0.1429,103.1976,10,1248.46,0.06,upper_boundary,high,False
Kepler-1067,0.9455,0.0316,0.1102,372.2858,10,654.0,0.03,lower_boundary,high,False
Kepler-736,0.8909,0.0316,0.1429,897.4068,10,989.64,0.03,lower_boundary,high,False
Kepler-1258,0.9455,10.0,0.0776,257.6143,10,702.89,-0.07,upper_boundary,high,False
Kepler-1604,0.8364,0.0316,0.1429,447.0876,10,539.14,0.02,lower_boundary,high,False
Kepler-350,1.0273,10.0,0.1429,279.6456,10,976.42,0.041,upper_boundary,high,False
Kepler-811,1.0273,10.0,0.1755,382.3536,10,981.48,0.05,upper_boundary,high,False
Kepler-838,0.9182,9.1996,0.0776,121.6993,10,1143.81,-0.06,ok,high,False
Kepler-211,0.8636,0.0344,0.1429,216.9981,10,305.57,0.151,ok,high,False
Kepler-1644,0.9727,10.0,0.0122,346.5661,10,918.65,-0.1,upper_boundary,high,False
Kepler-907,1.3,3.3805,-0.1837,25.2606,10,610.86,-0.15,ok,high,False
Kepler-551,0.6455,0.0406,-0.2163,250.4728,10,306.92,-0.09,ok,high,False
Kepler-668,0.8636,0.0316,0.0776,556.407,10,783.78,-0.06,lower_boundary,high,False
Kepler-1601,0.9455,10.0,0.1429,294.3037,10,641.74,0.05,upper_boundary,high,False
Kepler-555,1.0,10.0,0.1102,583.3242,10,1000.39,0.0,upper_boundary,high,False
Kepler-730,1.0545,10.0,0.2408,840.1709,10,1995.59,0.21,upper_boundary,high,False
Kepler-1596,1.0545,8.4632,-0.0531,762.9432,10,2253.05,-0.11,ok,high,False
Kepler-1460,0.7,0.0316,-0.1184,490.6935,10,535.82,-0.02,lower_boundary,high,False
Kepler-9,0.9455,9.1996,0.1755,368.9277,10,621.53,0.05,ok,high,False
Kepler-2000,0.7,0.0522,0.3388,180.3952,10,318.06,0.48,ok,high,False
Kepler-968,0.7273,0.0406,0.0449,236.4445,10,287.75,0.13,ok,high,False
Kepler-4,1.0545,9.1996,0.1755,57.1388,10,493.9,0.17,ok,high,False
Kepler-821,0.8636,0.0316,0.0776,417.9502,10,611.11,-0.03,lower_boundary,high,False
Kepler-779,0.9727,10.0,-0.4449,65.9786,10,282.79,-0.43,upper_boundary,high,False
TOI-2095,0.4545,0.142,-0.3143,0.7378,10,41.9,-0.24,ok,ok,True
Kepler-649,0.8909,10.0,-0.0204,214.1893,10,509.37,-0.17,upper_boundary,high,False
Kepler-98,0.9727,0.0316,0.2408,125.4716,10,348.33,0.18,lower_boundary,high,False
Kepler-813,1.0,10.0,-0.0204,463.3897,10,1306.71,-0.13,upper_boundary,high,False
Kepler-1673,1.0,10.0,0.3061,237.0417,10,711.36,0.228,upper_boundary,high,False
Kepler-91,1.1636,7.1626,0.2082,21.5363,10,1250.98,0.11,ok,high,False
Kepler-1851,0.9727,10.0,-0.4122,1006.5425,10,1438.14,-0.28,upper_boundary,high,False
Kepler-10,0.9182,10.0,-0.0204,0.7691,10,185.5,-0.15,upper_boundary,ok,False
Kepler-1939,0.6727,0.0344,-0.3143,63.8774,10,187.78,-0.18,ok,high,False
Kepler-1126,0.8364,10.0,-0.2816,424.3741,10,636.11,-0.4,upper_boundary,high,False
Kepler-1619,1.0,10.0,0.0776,208.9133,10,730.14,-0.07,upper_boundary,high,False
Kepler-1479,0.9727,10.0,0.1102,226.4606,10,739.43,-0.02,upper_boundary,high,False
Kepler-1288,1.1636,6.5893,0.2408,248.7422,10,927.22,0.14,ok,high,False
Kepler-1389,0.7545,0.0316,-0.2163,336.9246,10,488.83,-0.14,lower_boundary,high,False
Kepler-230,0.8364,0.0316,-0.0857,464.4504,10,746.84,-0.21,lower_boundary,high,False
Kepler-1211,1.0,10.0,-0.0531,1041.2757,10,2118.79,-0.08,upper_boundary,high,False
Kepler-1595,0.8909,0.0316,0.1102,673.3511,10,821.41,-0.02,lower_boundary,high,False
Kepler-1542,0.9727,9.1996,0.2082,96.2233,10,389.35,0.06,ok,high,False
Kepler-1439,0.3727,0.0406,-0.151,257.2624,10,220.89,-0.03,ok,high,False
Kepler-354,0.7273,0.0316,-0.0857,571.1377,10,538.89,-0.03,lower_boundary,high,False
Kepler-1373,1.1364,6.0619,-0.0857,358.2005,10,1534.55,0.03,ok,high,False
Kepler-592,0.9727,10.0,0.0776,505.1081,10,1142.92,-0.03,upper_boundary,high,False
Kepler-1369,0.9455,10.0,0.1429,757.9794,10,1234.11,0.0,upper_boundary,high,False
Kepler-355,0.9727,10.0,0.0449,874.4226,10,1410.65,-0.06,upper_boundary,high,False
Kepler-1273,0.9455,0.0316,0.1755,888.5358,10,1144.78,0.03,lower_boundary,high,False
Kepler-1461,0.7818,0.0316,0.0449,606.8045,10,669.05,-0.04,lower_boundary,high,False
Kepler-149,1.0,0.0316,0.502,274.566,10,572.95,0.3805,lower_boundary,high,False
Kepler-1266,0.7818,0.067,-0.0204,0.1106,6,828.91,-0.07,ok,ok,True
Kepler-529,1.7636,1.5955,-0.0857,315.5699,10,2782.17,-0.1,ok,high,False
Kepler-1138,0.9182,0.0316,0.1429,673.5121,10,905.07,0.04,lower_boundary,high,False
Kepler-599,0.8091,0.0316,0.0122,510.8668,10,555.52,-0.02,lower_boundary,high,False
Kepler-1308,0.4,0.0406,-0.2163,32.7476,10,113.11,-0.13,ok,high,False
Kepler-495,0.8909,0.0316,0.0449,440.0758,10,661.66,-0.07,lower_boundary,high,False
Kepler-1748,0.8636,0.0316,-0.0857,1002.2478,10,1129.0,-0.22,lower_boundary,high,False
Kepler-1580,1.4636,3.11,0.1429,139.2436,10,999.72,0.12,ok,high,False
Kepler-169,0.8636,0.0344,0.2735,282.5619,10,409.45,0.17,ok,high,False
Kepler-1135,1.0545,9.1996,0.1102,474.5736,10,1315.7,0.02,ok,high,False
Kepler-611,1.0273,10.0,0.1102,439.6144,10,1354.28,0.06,upper_boundary,high,False
Kepler-1978,0.8909,0.0316,0.0776,772.7391,10,849.52,-0.04,lower_boundary,high,False
Kepler-802,0.9455,0.0316,0.2082,569.1101,10,750.84,0.06,lower_boundary,high,False
Kepler-591,0.9182,10.0,0.1429,431.487,10,786.32,0.01,upper_boundary,high,False
Kepler-1060,0.9727,10.0,0.1102,553.6937,10,990.28,-0.03,upper_boundary,high,False
Kepler-384,0.9727,10.0,-0.1837,262.1615,10,903.59,-0.29,upper_boundary,high,False
Kepler-407,0.9727,8.4632,0.4367,41.7037,10,339.41,0.35,ok,high,False
TrES-1,0.8364,10.0,0.1102,14.1342,10,158.63,0.02,upper_boundary,high,False
Kepler-177,1.0,10.0,0.0122,659.096,10,1422.91,-0.11,upper_boundary,high,False
Kepler-1549,0.8909,0.0316,0.1102,723.3383,10,786.77,0.02,lower_boundary,high,False
Kepler-801,0.6727,5.1303,-0.0857,3.8726,10,437.94,-0.17,ok,ok,True
Kepler-235,0.9727,10.0,-0.4449,309.1545,10,433.42,-0.51,upper_boundary,high,False
Kepler-412,1.0545,9.1996,0.4041,512.7018,10,1077.42,0.27,ok,high,False
Kepler-1034,0.8364,0.0316,0.0122,621.4803,10,650.9,-0.06,lower_boundary,high,False
Kepler-547,0.8091,0.0316,0.0449,206.5788,10,370.74,0.01,lower_boundary,high,False
Kepler-1453,0.9182,10.0,0.1429,709.5147,10,1197.32,0.01,upper_boundary,high,False
Kepler-1495,1.0,10.0,0.2082,822.5391,10,1378.37,0.06,upper_boundary,high,False
Kepler-1299,0.9455,10.0,0.1102,1120.9935,10,1452.96,-0.01,upper_boundary,high,False
Kepler-121,0.7818,0.0316,-0.151,367.0857,10,514.75,-0.08,lower_boundary,high,False
Kepler-1358,0.8636,0.0316,0.0449,438.8529,10,537.12,-0.08,lower_boundary,high,False
Kepler-1599,1.0,10.0,0.1429,694.1003,10,1281.46,0.02,upper_boundary,high,False
Kepler-1773,1.0818,8.4632,0.3714,177.6589,10,656.96,0.26,ok,high,False
Kepler-1866,1.0273,9.1996,0.3061,664.6985,10,1012.68,0.16,ok,high,False
Kepler-12,1.0273,10.0,0.1102,274.9398,10,860.4,0.07,upper_boundary,high,False
Kepler-514,1.1091,7.1626,0.3388,89.1572,10,458.26,0.36,ok,high,False
Kepler-618,1.0,9.1996,0.2082,493.5053,10,1173.94,0.08,ok,high,False
Kepler-1842,0.9455,9.1996,0.2082,701.3841,10,892.97,0.06,ok,high,False
Kepler-1691,1.0,10.0,0.2735,759.634,10,1227.01,0.16,upper_boundary,high,False
Kepler-1400,0.8364,0.0316,0.1429,684.7289,10,752.16,0.04,lower_boundary,high,False
Kepler-886,0.9455,9.1996,0.1102,334.4216,10,701.96,-0.01,ok,high,False
Kepler-1001,0.9182,0.0316,0.1102,534.1024,10,934.84,-0.03,lower_boundary,high,False
Kepler-360,0.9182,10.0,0.2735,457.172,10,869.64,0.15,upper_boundary,high,False
Kepler-1005,0.9727,10.0,0.1429,243.5594,10,557.78,0.02,upper_boundary,high,False
Kepler-1854,0.9455,0.0316,0.1429,327.2823,10,570.69,0.0,lower_boundary,high,False
Kepler-1961,0.8909,0.0316,-0.0204,759.0668,10,1089.33,-0.16,lower_boundary,high,False
Kepler-1349,1.0545,7.7858,0.1102,0.6109,10,277.0,0.03,ok,ok,True
Kepler-1271,0.9727,10.0,0.0776,493.4029,10,826.11,-0.01,upper_boundary,high,False
Kepler-293,0.9455,0.0316,0.2408,757.0805,10,959.19,0.1,lower_boundary,high,False
Kepler-1615,1.0273,10.0,0.0776,458.4467,10,1420.85,0.06,upper_boundary,high,False
Kepler-729,1.0273,10.0,0.0776,883.7985,10,1853.17,-0.05,upper_boundary,high,False
Kepler-1411,0.9455,10.0,0.0776,1100.3371,10,1570.29,-0.04,upper_boundary,high,False
HATS-23,0.9727,10.0,0.3714,320.4485,10,649.23,0.28,upper_boundary,high,False
Kepler-1132,0.8636,0.0316,0.0449,594.1588,10,870.27,-0.01,lower_boundary,high,False
Kepler-1874,0.7273,0.0374,0.1102,406.3086,10,373.06,0.24,ok,high,False
TOI-1130,0.7,7.1626,0.1429,0.7901,10,58.31,0.11,ok,ok,True
Kepler-1606,0.9182,0.0316,0.1429,641.5534,10,826.3,0.01,lower_boundary,high,False
Kepler-1583,0.9182,10.0,0.0776,103.9828,10,404.49,-0.07,upper_boundary,high,False
Kepler-404,0.8909,0.0316,0.0776,573.2299,10,828.9,-0.03,lower_boundary,high,False
Kepler-1775,1.0273,10.0,0.3714,230.5946,10,656.68,0.24,upper_boundary,high,False
Kepler-290,0.8091,0.0316,0.0449,803.63,10,692.9,-0.1,lower_boundary,high,False
Kepler-883,0.9727,10.0,-0.0204,157.2697,10,610.67,-0.13,upper_boundary,high,False
Kepler-351,0.8909,0.0316,-0.0204,1113.7709,10,1117.68,-0.16,lower_boundary,high,False
Kepler-324,0.9182,0.0316,0.2082,241.0567,10,498.37,0.18,lower_boundary,high,False
Kepler-1795,0.7273,0.0316,0.2735,461.8461,10,474.96,0.28,lower_boundary,high,False
Kepler-740,0.9455,10.0,0.1755,891.9339,10,1501.79,0.03,upper_boundary,high,False
Kepler-1263,0.8636,0.0316,0.0449,634.6867,10,688.49,-0.03,lower_boundary,high,False
Kepler-770,0.9455,10.0,0.1102,511.586,10,919.42,-0.01,upper_boundary,high,False
Kepler-531,0.7818,0.0316,-0.0857,132.4833,10,251.57,-0.03,lower_boundary,high,False
Kepler-585,0.9455,0.0316,0.1429,283.3037,10,574.96,0.03,lower_boundary,high,False
Kepler-296,0.4001,0.0344,-0.1837,210.2874,10,233.0,-0.08,ok,high,False
Kepler-1616,1.1364,6.0619,-0.0857,302.817,10,1137.64,0.02,ok,high,False
Kepler-571,0.9182,0.0316,0.0776,364.4276,10,728.85,0.01,lower_boundary,high,False
Kepler-967,0.8364,0.0316,0.0449,439.599,10,469.3,-0.03,lower_boundary,high,False
Kepler-242,0.8091,0.0316,0.1102,656.4663,10,600.23,-0.02,lower_boundary,high,False
Kepler-800,0.8909,0.0316,0.0449,701.1281,10,1030.02,-0.09,lower_boundary,high,False
Kepler-1554,0.8636,0.0316,0.0449,768.1664,10,911.55,-0.1,lower_boundary,high,False
Kepler-1421,1.1364,6.5893,0.0776,197.1598,10,780.36,0.05,ok,high,False
Kepler-277,1.1091,7.7858,0.1429,207.5872,10,938.27,0.09,ok,high,False
Kepler-898,0.6455,0.0344,-0.1837,473.4888,10,477.36,-0.06,ok,high,False
KOI-4978,0.9727,0.0316,0.3061,621.7679,10,918.56,0.18,lower_boundary,high,False
Kepler-1124,0.4545,0.0522,-0.5102,5.0345,10,287.82,-0.59,ok,ok,True
Kepler-1301,0.8909,0.0316,0.1429,568.4449,10,845.62,0.01,lower_boundary,high,False
Kepler-1701,0.8909,0.0316,0.1755,370.473,10,569.35,0.03,lower_boundary,high,False
Kepler-1535,0.9727,7.7858,0.0776,3.8962,10,851.15,0.0,ok,ok,True
Kepler-1224,1.0,10.0,0.1429,167.0598,10,566.3,0.14,upper_boundary,high,False
Kepler-473,1.0818,8.4632,0.1102,203.5509,10,860.4,0.12,ok,high,False
Kepler-25,1.1364,5.1303,0.1429,32.4731,10,240.53,0.11,ok,high,False
Kepler-1488,1.0818,7.1626,-0.0857,2.7628,10,886.49,0.0,ok,ok,True
Kepler-332,0.7545,0.0316,-0.1837,169.1632,10,346.31,-0.13,lower_boundary,high,False
Kepler-1177,1.0273,10.0,0.0776,371.2506,10,1297.35,0.02,upper_boundary,high,False
Kepler-1000,1.2727,4.7197,0.3061,227.0219,10,1067.46,0.35,ok,high,False
Kepler-1655,0.9182,10.0,-0.1184,32.2175,10,213.01,-0.24,upper_boundary,high,False
Kepler-1567,0.9455,0.0316,0.1102,232.9749,10,1148.68,-0.03,lower_boundary,high,False
Kepler-978,0.9727,9.1996,-0.0204,3.2681,10,695.36,-0.01,ok,ok,True
Kepler-1270,1.1636,6.5893,0.1102,2.7805,10,1088.23,-0.02,ok,ok,True
Kepler-1146,0.7818,0.0316,0.0776,637.3868,10,695.2,-0.06,lower_boundary,high,False
Kepler-52,0.6455,0.0441,-0.1184,256.0994,10,317.07,0.0,ok,high,False
Kepler-859,0.8364,0.0316,0.1102,871.8483,10,828.61,-0.02,lower_boundary,high,False
KOI-7913 A,0.7818,0.0316,0.0776,77.5491,10,271.03,-0.06,lower_boundary,high,False
Kepler-124,0.9727,9.1996,-0.5429,282.7993,10,418.17,-0.46,ok,high,False
TOI-2107,0.9727,0.0316,0.1755,53.4622,10,235.39,0.07,lower_boundary,high,False
TrES-2,0.9182,9.1996,-0.0531,3.2609,10,213.86,-0.15,ok,ok,True
Kepler-1558,0.8091,0.0344,-0.0204,142.851,10,324.52,0.0,ok,high,False
Kepler-38,1.0273,9.1996,-0.0531,254.8306,10,1133.81,-0.11,ok,high,False
TOI-1450 A,0.4273,0.0616,-0.0204,3.9757,10,22.43,-0.12,ok,ok,True
Kepler-152,0.8091,0.0344,-0.0204,260.2685,10,439.11,-0.12,ok,high,False
Kepler-828,0.8091,0.0344,0.0776,420.6184,10,569.76,-0.02,ok,high,False
Kepler-1187,0.9455,10.0,0.1102,469.6643,10,951.61,-0.01,upper_boundary,high,False
Kepler-790,0.8636,0.0316,0.0776,692.2687,10,709.4,-0.05,lower_boundary,high,False
Kepler-1692,0.9455,0.0316,0.4367,317.6862,10,589.0,0.36,lower_boundary,high,False
Kepler-1456,0.6455,0.0374,-0.151,324.0765,10,368.63,-0.09,ok,high,False
Kepler-1700,1.0,9.1996,0.2082,404.6541,10,719.26,0.07,ok,high,False
Kepler-1376,0.9727,0.0316,0.1429,11.7046,10,871.9,0.07,lower_boundary,high,False
Kepler-575,0.9727,0.0316,0.1429,544.2123,10,841.58,0.0,lower_boundary,high,False
Kepler-1742,0.8909,0.0316,-0.0531,452.2101,10,659.72,-0.18,lower_boundary,high,False
Kepler-1165,1.0273,8.4632,-0.151,387.7199,10,1522.91,-0.04,ok,high,False
KOI-13,1.7636,1.4678,0.2735,5.9441,10,488.04,0.2,ok,ok,True
Kepler-229,0.8636,0.0316,0.2082,623.5549,10,835.73,0.06,lower_boundary,high,False
Kepler-1337,0.7,0.0316,-0.2163,475.5529,10,598.94,-0.09,lower_boundary,high,False
Kepler-59,0.9727,10.0,-0.0857,425.8428,10,1168.51,-0.2,upper_boundary,high,False
Kepler-475,0.8636,0.0344,0.2735,128.0047,10,277.7,0.21,ok,high,False
Kepler-834,0.7,0.0316,-0.249,721.2018,10,619.4,-0.13,lower_boundary,high,False
Kepler-846,0.9455,0.0316,0.1429,648.6848,10,1152.92,0.0,lower_boundary,high,False
Kepler-1227,0.9182,0.0316,0.0449,318.5661,10,607.23,-0.04,lower_boundary,high,False
Kepler-1344,1.0,9.1996,0.2082,442.5265,10,854.13,0.06,ok,high,False
Kepler-1950,0.9727,10.0,-0.4122,410.6287,10,717.63,-0.34,upper_boundary,high,False
Kepler-518,0.8909,8.4632,-0.0857,129.3429,10,334.33,-0.23,ok,high,False
Kepler-1728,0.8909,0.0316,0.3061,506.9153,10,647.96,0.18,lower_boundary,high,False
Kepler-178,0.9182,0.0316,0.0776,405.1968,10,710.04,-0.04,lower_boundary,high,False
Kepler-1137,1.2182,4.7197,0.0122,147.9339,10,899.52,0.05,ok,high,False
Kepler-491,0.9455,10.0,0.502,356.6344,10,630.06,0.37,upper_boundary,high,False
Kepler-1605,1.0818,8.4632,0.1102,68.0242,10,548.66,-0.01,ok,high,False
Kepler-334,0.9455,9.1996,0.0776,158.937,10,420.22,-0.012,ok,high,False
Kepler-1850,0.6455,0.0406,-0.3469,112.6898,10,249.91,-0.22,ok,high,False
Kepler-700,1.0,10.0,0.1755,619.1448,10,1457.0,0.04,upper_boundary,high,False
Kepler-1898,0.8364,0.0316,-0.2163,209.6249,10,355.73,-0.28,lower_boundary,high,False
Kepler-543,0.6727,0.0441,-0.3143,75.1699,10,218.22,-0.19,ok,high,False
Kepler-1464,1.0273,10.0,0.0776,471.7499,10,1102.32,0.03,upper_boundary,high,False
Kepler-1185,0.9727,10.0,0.0449,164.4398,10,453.06,-0.04,upper_boundary,high,False
Kepler-244,0.9455,0.0316,0.1755,939.2109,10,1078.25,0.07,lower_boundary,high,False
Kepler-958,0.8909,0.0316,0.0449,207.6134,10,444.24,0.01,lower_boundary,high,False
KOI-4777,0.4,0.0792,-0.0204,192.4676,10,170.66,0.1,ok,high,False
Kepler-776,0.8636,0.0316,0.1429,671.5398,10,746.53,0.05,lower_boundary,high,False
Kepler-867,1.0545,9.1996,0.0776,387.8527,10,1696.08,-0.02,ok,high,False
Kepler-1808,0.9727,10.0,-0.4122,741.9831,10,989.38,-0.34,upper_boundary,high,False
Kepler-605,0.9182,0.0316,0.1102,429.9344,10,551.95,0.02,lower_boundary,high,False
Kepler-1168,0.8364,0.0316,0.1429,527.9034,10,740.48,0.13,lower_boundary,high,False
Kepler-1143,0.7818,0.0316,0.0122,607.6692,10,554.28,-0.06,lower_boundary,high,False
Kepler-796,1.1909,6.0619,0.1429,137.7939,10,846.12,0.09,ok,high,False
Kepler-97,0.8909,10.0,-0.0531,229.126,10,397.42,-0.2,upper_boundary,high,False
Kepler-651,0.8909,0.0316,0.0122,263.0642,10,508.6,-0.04,lower_boundary,high,False
Kepler-1713,1.1909,3.9944,0.0776,11.2934,10,292.3,0.1,ok,high,False
Kepler-1049,0.5364,0.0344,-0.4122,79.7306,10,162.06,-0.33,ok,high,False
Kepler-1778,0.9455,10.0,0.0449,654.0998,10,1249.12,-0.06,upper_boundary,high,False
Kepler-21,1.3545,3.11,0.0776,0.6151,10,108.15,-0.03,ok,ok,True
Kepler-467,1.0273,10.0,0.2082,81.5677,10,469.34,0.06,upper_boundary,high,False
Kepler-1948,0.7,0.0344,-0.0204,48.1526,10,195.45,0.12,ok,high,False
Kepler-140,0.9727,10.0,0.0449,281.103,10,564.19,-0.039,upper_boundary,high,False
Kepler-1581,1.0273,10.0,0.2082,121.1113,10,494.81,0.07,upper_boundary,high,False
KIC 10525077,0.9727,10.0,0.0776,745.2433,10,1456.46,-0.04,upper_boundary,high,False
Kepler-1103,1.0818,7.7858,0.0122,323.2567,10,1303.98,-0.01,ok,high,False
Kepler-279,1.0273,8.4632,-0.0857,310.4988,10,1045.31,-0.1141,ok,high,False
Kepler-294,1.0,0.0316,0.2408,953.2147,10,1324.95,0.11,lower_boundary,high,False
Kepler-1528,0.9182,10.0,0.1755,55.4002,10,798.21,0.03,upper_boundary,high,False
Kepler-1216,0.9455,10.0,0.1755,593.2455,10,1191.74,0.03,upper_boundary,high,False
Kepler-1982,1.0545,8.4632,0.2082,210.8266,10,561.15,0.21,ok,high,False
K2-382,0.8636,0.0374,0.0122,0.2343,9,287.97,-0.027,ok,ok,True
Kepler-174,1.0,7.7858,-0.7061,149.7669,10,380.19,-0.56,ok,high,False
Kepler-771,1.0273,10.0,0.1429,760.724,10,1355.33,0.01,upper_boundary,high,False
Kepler-836,0.9455,10.0,0.0776,526.4387,10,1016.07,-0.01,upper_boundary,high,False
Kepler-1548,0.9182,0.0316,0.1755,623.0592,10,872.5,0.05,lower_boundary,high,False
Kepler-778,0.8636,0.0316,0.0449,832.5933,10,927.6,-0.09,lower_boundary,high,False
Kepler-1085,1.0,10.0,0.3388,833.74,10,1358.55,0.22,upper_boundary,high,False
Kepler-454,1.0273,6.5893,0.4694,13.1842,10,231.5,0.32,ok,high,False
HATS-47,0.7,0.0316,-0.2163,314.9772,10,301.69,-0.113,lower_boundary,high,False
Kepler-1075,0.5909,0.0316,-0.2816,241.9901,10,310.81,-0.17,lower_boundary,high,False
Kepler-1234,0.8636,0.0316,0.1102,659.9225,10,922.09,0.01,lower_boundary,high,False
Kepler-1646,0.3182,0.067,-0.0857,126.2958,10,127.58,0.04,ok,high,False
Kepler-1164,0.8636,0.0316,0.1102,450.4518,10,427.28,-0.03,lower_boundary,high,False
Kepler-1806,0.8636,0.0316,0.0776,629.1349,10,954.85,-0.04,lower_boundary,high,False
Kepler-1381,0.8909,10.0,0.0449,709.3007,10,1187.4,-0.1,upper_boundary,high,False
Kepler-189,0.8364,0.0316,0.0122,382.7912,10,580.69,-0.04,lower_boundary,high,False
Kepler-738,0.9182,0.0316,0.0449,932.194,10,1085.43,-0.09,lower_boundary,high,False
Kepler-1027,0.9182,10.0,0.0776,211.7272,10,402.18,-0.06,upper_boundary,high,False
Kepler-1209,1.0545,7.7858,0.1755,88.4616,10,494.93,0.12,ok,high,False
Kepler-760,0.9182,0.0316,0.1755,497.1112,10,793.82,0.08,lower_boundary,high,False
Kepler-104,0.8909,9.1996,-0.2816,230.5358,10,401.59,-0.42,ok,high,False
Kepler-411,0.8091,0.0406,0.2082,10.3222,10,152.96,0.21,ok,high,False
Kepler-659,0.8364,0.0316,0.1102,543.0743,10,719.84,0.02,lower_boundary,high,False
Kepler-212,1.0273,10.0,0.1429,143.343,10,686.46,0.22,upper_boundary,high,False
Kepler-1555,1.1091,7.7858,0.1102,732.0763,10,2175.8,0.03,ok,high,False
Kepler-781,0.8636,0.0316,0.0449,820.512,10,1003.56,-0.1,lower_boundary,high,False
Kepler-510,0.9182,10.0,-0.3143,118.0236,10,380.0,-0.35,upper_boundary,high,False
Kepler-1246,0.7273,0.0316,-0.151,389.1192,10,438.46,-0.03,lower_boundary,high,False
Kepler-1697,0.8091,0.0374,0.1755,85.3507,10,249.62,0.0341,ok,high,False
Kepler-20,0.9455,0.0344,0.1755,59.3918,10,285.21,0.07,ok,high,False
Kepler-1841,0.9182,0.0316,0.1755,470.037,10,629.84,0.12,lower_boundary,high,False
Kepler-951,0.7818,0.0344,0.1102,258.9246,10,385.26,-0.01,ok,high,False
HIP 94235,1.0,6.0619,-0.0204,0.8759,10,58.45,0.0,ok,ok,True
Kepler-1584,1.0,10.0,0.1102,679.9113,10,1373.24,0.0,upper_boundary,high,False
Kepler-1550,0.9727,9.1996,0.1429,649.0802,10,1121.91,0.01,ok,high,False
Kepler-160,0.9727,10.0,0.3388,625.841,10,917.09,0.2,upper_boundary,high,False
Kepler-164,0.9727,9.1996,0.1429,408.5038,10,899.32,0.0,ok,high,False
Kepler-1250,1.0545,9.1996,0.0776,799.6219,10,2163.6,0.04,ok,high,False
Kepler-387,0.9182,10.0,-0.151,390.3575,10,802.38,-0.3,upper_boundary,high,False
Kepler-1269,1.1909,6.0619,0.2082,267.8811,10,1116.9,0.07,ok,high,False
Kepler-1517,1.4364,2.632,-0.0531,146.2324,10,882.75,0.01,ok,high,False
Kepler-1880,1.0273,6.5893,-1.0,120.543,10,595.71,-0.92,ok,high,False
Kepler-1268,1.0273,10.0,0.1102,689.7482,10,1771.55,0.05,upper_boundary,high,False
Kepler-1276,0.9727,10.0,0.0449,212.5729,10,545.05,-0.02,upper_boundary,high,False
Kepler-844,0.6182,0.0316,-0.3143,396.9972,10,429.08,-0.24,lower_boundary,high,False
Kepler-505,0.6182,0.0316,-0.1837,277.5596,10,279.9,-0.19,lower_boundary,high,False
Kepler-1448,0.8909,9.1996,-0.0204,413.9071,10,759.84,-0.16,ok,high,False
Kepler-1160,0.9182,0.0316,0.1429,825.4361,10,1063.04,0.01,lower_boundary,high,False
Kepler-105,0.9455,10.0,0.0449,217.7971,10,461.78,-0.09,upper_boundary,high,False
Kepler-120,0.7273,0.0316,-0.151,277.1128,10,388.37,-0.12,lower_boundary,high,False
Kepler-238,1.1364,7.7858,0.4694,562.7661,10,1787.15,0.34,ok,high,False
Kepler-222,0.9455,0.0316,0.4367,633.228,10,760.85,0.33,lower_boundary,high,False
Kepler-291,1.0273,10.0,0.3714,1207.9107,10,1787.31,0.23,upper_boundary,high,False
Kepler-192,1.0,0.0316,0.2735,326.1971,10,642.56,0.13,lower_boundary,high,False
Kepler-1617,1.0,10.0,0.0449,445.7986,10,883.67,0.01,upper_boundary,high,False
Kepler-1139,0.8909,0.0316,0.1102,267.2773,10,493.82,0.05,lower_boundary,high,False
Kepler-950,1.0545,9.1996,0.0776,973.8667,10,2227.4,0.02,ok,high,False
Kepler-1953,0.7818,0.0316,0.0449,464.2964,10,599.8,-0.02,lower_boundary,high,False
Kepler-1981,1.0,10.0,0.2408,232.885,10,642.04,0.12,upper_boundary,high,False
Kepler-147,1.0273,10.0,0.1102,302.1498,10,1027.52,0.1,upper_boundary,high,False
Kepler-113,0.7818,0.0316,-0.0531,95.8544,10,261.41,0.05,lower_boundary,high,False
Kepler-652,0.9455,0.0316,0.3061,279.573,10,391.43,0.17,lower_boundary,high,False
Kepler-346,0.9455,0.0316,0.1755,578.3075,10,932.64,0.1,lower_boundary,high,False
K2-381,0.6727,0.0344,-0.3796,183.039,10,145.55,-0.244,ok,high,False
Kepler-1852,0.9182,0.0316,0.3714,552.3952,10,777.28,0.24,lower_boundary,high,False
Kepler-1952,1.0818,6.5893,-0.2816,351.3891,10,1619.09,-0.34,ok,high,False
Kepler-1279,1.2727,4.7197,0.2082,364.1888,10,1450.79,0.06,ok,high,False
Kepler-50,1.1636,4.7197,-0.0204,0.3974,10,250.94,0.03,ok,ok,True
Kepler-1380,1.0545,10.0,0.2082,682.6104,10,2382.09,0.1,upper_boundary,high,False
Kepler-195,0.8364,4.7197,0.0122,0.4743,6,652.92,0.04,ok,ok,True
Kepler-794,1.1091,8.4632,0.4041,205.0782,10,888.53,0.34,ok,high,False
Kepler-660,0.7818,0.0316,0.0122,467.5239,10,561.08,-0.07,lower_boundary,high,False
Kepler-1193,1.0273,10.0,0.2082,312.6993,10,782.66,0.12,upper_boundary,high,False
Kepler-522,1.2727,4.7197,0.3388,116.5364,10,648.62,0.41,ok,high,False
Kepler-1690,0.9182,0.0316,0.1102,518.3657,10,698.02,0.0,lower_boundary,high,False
Kepler-1530,0.8909,0.0344,0.1429,252.0064,10,486.99,0.2,ok,high,False
Kepler-1597,1.0273,10.0,0.1102,579.342,10,1221.4,0.02,upper_boundary,high,False
Kepler-254,0.8909,10.0,0.0122,1042.2856,10,1306.71,-0.13,upper_boundary,high,False
Kepler-1837,0.9182,10.0,0.1102,862.2118,10,1145.87,-0.02,upper_boundary,high,False
Kepler-259,0.9455,0.0316,0.0449,611.7315,10,989.53,-0.09,lower_boundary,high,False
Kepler-584,1.1364,7.1626,0.1429,581.5924,10,1877.0,0.02,ok,high,False
Kepler-1449,1.0273,9.1996,-0.0531,524.1935,10,1941.84,0.04,ok,high,False
Kepler-1588,0.9727,10.0,-0.0531,274.1516,10,907.96,-0.14,upper_boundary,high,False
Kepler-150,0.9727,0.0316,0.2408,591.782,10,883.47,0.12,lower_boundary,high,False
Kepler-1753,0.8364,0.0316,0.1429,580.552,10,725.33,0.0,lower_boundary,high,False
Kepler-1350,0.4818,0.0344,-0.1837,333.9199,10,334.53,-0.06,ok,high,False
Kepler-427,0.9455,10.0,-0.1184,442.4022,10,1000.94,-0.19,upper_boundary,high,False
Kepler-1122,0.9727,9.1996,0.1102,580.2616,10,1235.82,-0.03,ok,high,False
Kepler-1578,0.9182,0.0316,0.0122,627.0469,10,1046.91,-0.13,lower_boundary,high,False
Kepler-1799,1.0273,10.0,0.0776,848.5592,10,2186.26,0.0,upper_boundary,high,False
Kepler-1746,1.0545,9.1996,0.1429,246.4567,10,935.92,0.06,ok,high,False
Kepler-656,0.9727,0.0316,0.502,649.8857,10,902.77,0.46,lower_boundary,high,False
Kepler-402,0.9727,10.0,0.0449,225.0097,10,631.42,-0.08,upper_boundary,high,False
Kepler-969,0.8909,0.0374,0.3388,204.9133,10,386.76,0.22,ok,high,False
Kepler-1972,1.0545,9.1996,0.3061,33.8886,10,280.19,0.23,ok,high,False
Kepler-1556,0.9455,0.0316,0.2082,648.0823,10,929.8,0.08,lower_boundary,high,False
Kepler-747,1.0545,9.1996,0.0449,646.081,10,2986.33,-0.03,ok,high,False
Kepler-1367,0.6727,0.0316,-0.0857,281.5189,10,395.74,-0.06,lower_boundary,high,False
Kepler-982,1.0273,8.4632,-0.0857,221.527,10,789.07,0.05,ok,high,False
Kepler-1511,1.3273,3.6747,0.0449,382.2258,10,1483.36,0.14,ok,high,False
Kepler-1320,0.7818,0.0316,0.2408,639.3605,10,649.52,0.1,lower_boundary,high,False
Kepler-890,1.0273,10.0,0.0776,719.8489,10,1757.82,0.09,upper_boundary,high,False
Kepler-330,0.8909,0.0316,0.3061,497.4068,10,710.03,0.16,lower_boundary,high,False
Kepler-130,0.9182,10.0,-0.151,34.865,10,312.44,-0.199,upper_boundary,high,False
Kepler-1178,0.9182,0.0316,0.0776,269.6427,10,478.12,-0.05,lower_boundary,high,False
TOI-2567,1.0545,9.1996,0.1102,78.3967,10,511.52,0.241,ok,high,False
Kepler-1598,0.9182,10.0,0.1755,339.1146,10,604.44,0.04,upper_boundary,high,False
Kepler-955,0.8636,0.0316,0.1429,337.5406,10,542.45,0.02,lower_boundary,high,False
KIC 5437945,1.0545,6.5893,-0.3796,289.5136,10,1278.52,-0.38,ok,high,False
Kepler-1186,0.9727,9.1996,0.1429,632.9698,10,1332.61,0.0,ok,high,False
Kepler-155,0.7,0.0316,-0.249,121.2816,10,290.28,-0.142,lower_boundary,high,False
Kepler-698,1.0273,10.0,0.0776,774.1079,10,1988.37,-0.03,upper_boundary,high,False
Kepler-413,0.8364,0.0316,-0.0531,493.5424,10,822.43,-0.2,lower_boundary,high,False
Kepler-1633,1.1636,6.0619,0.0449,365.5937,10,1077.63,0.02,ok,high,False
Kepler-131,0.9455,8.4632,0.1102,12.6801,10,226.53,0.12,ok,high,False
Kepler-1362,0.8091,0.0316,0.1429,578.2329,10,719.35,0.06,lower_boundary,high,False
Kepler-306,0.8364,0.0316,0.0122,612.1819,10,769.82,-0.13,lower_boundary,high,False
Kepler-1507,0.8636,0.0344,0.0449,109.6876,10,316.3,-0.03,ok,high,False
Kepler-1563,1.1091,6.5893,-0.1184,262.788,10,1109.24,0.02,ok,high,False
Kepler-1774,0.9727,10.0,0.1102,324.5036,10,803.87,-0.02,upper_boundary,high,False
Kepler-7,1.3273,3.9944,0.1755,210.3813,10,953.2,0.11,ok,high,False
Kepler-190,0.8364,0.0316,0.0122,255.1551,10,431.03,0.06,lower_boundary,high,False
Kepler-1231,0.9455,10.0,0.2082,532.4171,10,954.56,0.06,upper_boundary,high,False
Kepler-1492,0.7273,0.0316,-0.0857,323.2653,10,329.62,0.06,lower_boundary,high,False
Kepler-443,0.8091,0.0316,0.0776,565.4402,10,797.58,-0.01,lower_boundary,high,False
Kepler-375,0.9455,0.0316,0.0776,711.9302,10,1195.97,-0.04,lower_boundary,high,False
Kepler-247,0.9182,0.0316,0.4367,532.858,10,656.44,0.3,lower_boundary,high,False
Kepler-1047,1.0818,9.1996,0.3061,244.7099,10,813.31,0.29,ok,high,False
Kepler-392,0.8909,10.0,-0.3796,411.6499,10,680.39,-0.4362,upper_boundary,high,False
Kepler-885,1.0,10.0,0.0122,126.1664,10,650.24,0.11,upper_boundary,high,False
Kepler-1829,0.8909,0.0316,0.1429,354.2904,10,683.88,0.0,lower_boundary,high,False
Kepler-1042,1.0,10.0,-0.0531,779.5925,10,1683.29,-0.1,upper_boundary,high,False
Kepler-587,0.9182,0.0316,0.0776,482.4705,10,780.18,-0.05,lower_boundary,high,False
HATS-48 A,0.7818,0.0316,0.1429,179.6569,10,268.63,0.186,lower_boundary,high,False
Kepler-65,1.1364,5.5767,0.1102,7.4642,10,298.75,0.17,ok,ok,True
Kepler-1470,0.8364,0.0316,0.1102,456.0578,10,586.26,-0.01,lower_boundary,high,False
Kepler-626,0.9182,10.0,0.1429,293.7867,10,621.52,0.01,upper_boundary,high,False
Kepler-894,0.8636,10.0,-0.151,933.1841,10,1134.03,-0.25,upper_boundary,high,False
Kepler-219,1.0273,10.0,0.4694,359.4663,10,777.44,0.36,upper_boundary,high,False
Kepler-1099,0.9182,10.0,0.1102,734.6721,10,1088.62,-0.02,upper_boundary,high,False
Kepler-1885,0.9727,0.0316,0.2082,480.532,10,814.09,0.07,lower_boundary,high,False
Kepler-664,0.9455,9.1996,0.2082,687.7455,10,1230.4,0.07,ok,high,False
Kepler-578,0.8636,0.0316,0.0449,284.5068,10,534.49,-0.03,lower_boundary,high,False
Kepler-1392,1.0273,9.1996,-0.0531,699.6864,10,2142.63,-0.11,ok,high,False
Kepler-903,1.0273,10.0,0.1102,460.8105,10,1332.8,0.05,upper_boundary,high,False
Kepler-1262,0.9182,10.0,0.1102,727.467,10,1091.27,-0.02,upper_boundary,high,False
Kepler-117,1.0273,8.4632,-0.151,503.3835,10,1430.42,-0.04,ok,high,False
Kepler-691,0.5091,0.0316,-0.0857,239.6839,10,277.97,0.04,lower_boundary,high,False
Kepler-319,0.9455,0.0316,0.2082,347.2825,10,501.69,0.06,lower_boundary,high,False
Kepler-1155,1.0273,10.0,0.0776,732.0505,10,1353.94,0.04,upper_boundary,high,False
Kepler-904,0.9727,10.0,0.1429,495.4825,10,976.4,0.05,upper_boundary,high,False
Kepler-1371,0.9182,0.0316,0.0776,183.5659,10,483.09,-0.07,lower_boundary,high,False
Kepler-1198,0.9182,0.0316,0.1102,453.3846,10,730.89,0.03,lower_boundary,high,False
Kepler-310,0.8909,0.0316,0.0122,337.8874,10,588.8,-0.12,lower_boundary,high,False
Kepler-858,0.8909,10.0,0.0776,67.3659,10,300.35,-0.04,upper_boundary,high,False
Kepler-812,1.2182,5.1303,0.1102,513.5553,10,1397.63,0.02,ok,high,False
Kepler-782,0.9455,9.1996,-0.0204,105.1496,10,447.69,-0.14,ok,high,False
Kepler-1904,0.4818,0.0441,-0.249,244.8423,10,265.76,-0.1,ok,high,False
Kepler-1500,1.0,10.0,0.0776,585.4168,10,1181.39,-0.05,upper_boundary,high,False
Kepler-1372,0.9455,10.0,0.1755,664.1788,10,1266.73,0.05,upper_boundary,high,False
Kepler-468,0.9182,0.0344,0.2408,182.393,10,439.1,0.1,ok,high,False
Kepler-288,0.8909,10.0,-0.1184,744.6544,10,1127.94,-0.24,upper_boundary,high,False
Kepler-594,0.9182,0.0316,0.0776,514.3436,10,766.49,-0.03,lower_boundary,high,False
Kepler-1156,0.9727,0.0316,0.1429,285.9362,10,682.19,0.02,lower_boundary,high,False
Kepler-1887,0.9182,10.0,0.0449,1226.2195,10,1400.88,-0.1,upper_boundary,high,False
Kepler-60,1.0,10.0,-0.0204,440.6048,10,1040.16,-0.09,upper_boundary,high,False
Kepler-953,1.1364,7.7858,0.2408,18.1791,10,705.01,0.26,ok,high,False
Kepler-103,1.0545,9.1996,0.1755,98.7386,10,502.11,0.15,ok,high,False
Kepler-881,1.0,9.1996,0.1429,606.2309,10,1446.15,0.0,ok,high,False
Kepler-701,0.9182,0.0316,0.1429,492.8165,10,763.37,0.0,lower_boundary,high,False
Kepler-1023,0.9455,0.0316,0.1755,329.5682,10,676.76,0.05,lower_boundary,high,False
Kepler-1300,1.1364,6.5893,0.0449,134.8618,10,775.04,0.05,ok,high,False
Kepler-1035,0.9727,10.0,0.1102,134.8804,10,521.58,-0.03,upper_boundary,high,False
Kepler-1787,0.8636,10.0,-0.0857,422.4281,10,767.97,-0.22,upper_boundary,high,False
Kepler-1327,0.9455,9.1996,0.1102,315.7604,10,677.89,-0.03,ok,high,False
K2-139,0.9182,0.0374,0.3714,49.6696,10,152.09,0.24,ok,high,False
Kepler-994,0.5636,0.048,-0.249,74.0415,10,186.48,-0.13,ok,high,False
Kepler-1576,0.9727,0.0316,0.1755,186.2098,10,453.96,0.05,lower_boundary,high,False
Kepler-16,0.6182,0.0522,-0.2816,0.682,10,75.15,-0.3,ok,ok,True
Kepler-33,1.0818,8.4632,0.1429,301.618,10,1191.22,0.025,ok,high,False
Kepler-809,0.9455,9.1996,0.1755,427.7884,10,932.92,0.04,ok,high,False
Kepler-92,1.1636,6.5893,0.2408,69.2515,10,470.75,0.1381,ok,high,False
K2-231,0.9182,10.0,0.2735,205.2766,10,311.05,0.14,upper_boundary,high,False
Kepler-750,1.0,10.0,0.1102,35.2776,10,1233.33,0.03,upper_boundary,high,False
Kepler-1958,0.9182,10.0,0.0449,699.4388,10,1220.36,-0.1,upper_boundary,high,False
Kepler-682,1.0545,9.1996,0.0776,437.1437,10,1937.64,-0.05,ok,high,False
Kepler-1287,0.9182,9.1996,0.0776,560.5299,10,1003.97,-0.05,ok,high,False
Kepler-1175,0.8909,0.0316,0.0776,769.8447,10,1132.35,-0.04,lower_boundary,high,False
Kepler-1153,0.9182,0.0316,0.1755,779.5611,10,1047.33,0.03,lower_boundary,high,False
Kepler-1568,1.0,10.0,0.1755,423.0085,10,903.18,0.09,upper_boundary,high,False
Kepler-1217,0.9727,10.0,0.2082,672.4157,10,1339.34,0.07,upper_boundary,high,False
Kepler-1010,0.8636,0.0316,0.0776,536.7778,10,577.21,-0.01,lower_boundary,high,False
Kepler-1377,0.9727,0.0316,0.1755,1269.7763,10,1186.44,0.05,lower_boundary,high,False
Kepler-347,1.0545,10.0,0.3061,408.8102,10,1284.86,0.16,upper_boundary,high,False
HATS-12,0.9455,10.0,0.0449,218.849,10,444.29,-0.1,upper_boundary,high,False
Kepler-22,0.8364,10.0,-0.1184,25.0088,10,195.86,-0.255,upper_boundary,high,False
Kepler-1059,0.8091,0.0316,-0.0204,521.1673,10,704.03,-0.15,lower_boundary,high,False
Kepler-63,0.9455,4.7197,0.1755,11.7413,10,193.99,0.05,ok,high,False
Kepler-997,1.0818,7.1626,0.0122,23.5676,10,462.67,0.05,ok,high,False
Kepler-981,0.9727,0.0316,0.1429,523.309,10,845.93,0.01,lower_boundary,high,False
Kepler-46,0.9182,0.0316,0.3388,586.2558,10,759.44,0.41,lower_boundary,high,False
Kepler-1512,0.9455,0.0316,0.3388,186.0924,10,278.48,0.2,lower_boundary,high,False
Kepler-1438,1.0,10.0,0.3388,733.3729,10,1025.9,0.2,upper_boundary,high,False
Kepler-895,0.7,0.0316,-0.1184,425.5063,10,547.98,-0.16,lower_boundary,high,False
Kepler-1012,0.9455,0.0316,0.1755,155.9883,10,409.36,0.05,lower_boundary,high,False
HATS-69,0.9455,0.0316,0.4367,258.9203,10,417.38,0.377,lower_boundary,high,False
Kepler-1334,0.9455,10.0,0.1102,638.7598,10,1195.64,-0.03,upper_boundary,high,False
CoRoT-35,0.9455,10.0,-0.6408,315.469,10,1154.16,-0.5,upper_boundary,high,False
Kepler-687,0.8091,0.0316,0.0449,570.3275,10,636.48,-0.04,lower_boundary,high,False
KOI-1783,1.0,10.0,0.2408,337.0749,10,851.79,0.11,upper_boundary,high,False
Kepler-126,1.0818,4.7197,-0.2163,0.4679,10,230.41,-0.16,ok,ok,True
Kepler-1022,0.7,0.0374,-0.0531,319.5902,10,421.17,0.06,ok,high,False
Kepler-1082,1.0,10.0,0.0776,187.0508,10,720.61,-0.06,upper_boundary,high,False
Kepler-1879,1.0273,10.0,0.1429,156.6938,10,616.54,0.0,upper_boundary,high,False
Kepler-1582,0.2364,4.7197,0.3388,223.5388,10,77.91,0.48,ok,high,False
Kepler-1291,0.8636,0.0316,0.0776,888.8308,10,905.79,-0.04,lower_boundary,high,False
Kepler-927,0.9727,0.0316,0.1755,425.8308,10,810.25,0.03,lower_boundary,high,False
Kepler-373,1.0273,9.1996,0.2735,564.9022,10,1066.3,0.14,ok,high,False
Kepler-1888,1.0273,10.0,0.1429,94.9217,10,397.57,0.0,upper_boundary,high,False
Kepler-681,0.8364,0.0316,0.0449,520.5403,10,674.36,-0.04,lower_boundary,high,False
HATS-11,1.0273,10.0,0.1755,382.4543,10,871.29,0.03,upper_boundary,high,False
Kepler-1113,1.0,9.1996,0.3061,582.8711,10,1058.1,0.18,ok,high,False
Kepler-987,0.9727,0.0316,0.1429,553.6172,10,934.43,0.01,lower_boundary,high,False
Kepler-629,0.8909,0.0344,0.1102,145.8588,10,368.9,0.01,ok,high,False
Kepler-1446,0.7545,10.0,0.2408,21.4033,10,151.37,0.11,upper_boundary,high,False
Kepler-869,0.9182,10.0,0.1429,597.1193,10,967.69,0.02,upper_boundary,high,False
Kepler-741,1.0273,10.0,0.1429,593.2945,10,1677.29,0.07,upper_boundary,high,False
Kepler-426,0.8636,10.0,-0.0857,519.0311,10,855.32,-0.21,upper_boundary,high,False
Kepler-1772,1.0818,8.4632,0.1102,228.4586,10,877.67,0.12,ok,high,False
Kepler-1481,0.8091,0.0344,0.1755,286.9268,10,462.14,0.04,ok,high,False
Kepler-1204,0.9455,10.0,0.2082,739.8347,10,1206.12,0.06,upper_boundary,high,False
Kepler-1081,0.8909,0.0316,0.0776,188.1158,10,416.98,0.01,lower_boundary,high,False
WASP-123,1.0,10.0,0.3061,54.657,10,198.42,0.18,upper_boundary,high,False
Kepler-1213,1.0273,10.0,0.2082,171.8821,10,780.86,0.13,upper_boundary,high,False
Kepler-596,1.0,10.0,0.0776,427.192,10,999.69,0.03,upper_boundary,high,False
Kepler-909,0.9727,9.1996,-0.0531,35.1963,10,306.02,0.08,ok,high,False
Kepler-705,0.5091,0.0344,-0.0531,222.6063,10,273.98,0.07,ok,high,False
Kepler-573,0.9455,10.0,0.1429,307.9366,10,758.28,0.02,upper_boundary,high,False
Kepler-1359,0.7818,0.0316,0.1755,519.7891,10,631.93,0.11,lower_boundary,high,False
Kepler-1962,0.9727,0.0316,0.3061,665.6932,10,866.7,0.16,lower_boundary,high,False
Kepler-1688,0.9182,10.0,0.0776,383.9794,10,548.22,-0.046,upper_boundary,high,False
Kepler-175,1.0,9.1996,0.1755,659.5099,10,1250.32,0.04,ok,high,False
Kepler-933,0.9182,0.0316,0.1102,700.4762,10,987.44,-0.02,lower_boundary,high,False
Kepler-1028,0.8909,0.0316,-0.0204,281.3831,10,608.67,-0.09,lower_boundary,high,False
Kepler-250,0.8091,5.5767,0.0776,0.2975,6,766.69,0.01,ok,ok,True
Kepler-856,0.9727,10.0,0.2408,871.0325,10,1335.42,0.12,upper_boundary,high,False
Kepler-77,0.9455,10.0,0.3388,266.0542,10,629.08,0.2,upper_boundary,high,False
Kepler-970,0.7,0.0344,-0.0531,252.7496,10,328.58,0.04,ok,high,False
Kepler-1447,0.9182,9.1996,0.1102,415.5385,10,866.27,-0.03,ok,high,False
Kepler-1311,1.0545,9.1996,0.1102,189.6405,10,843.46,0.09,ok,high,False
Kepler-509,1.0273,7.7858,0.1429,28.9814,10,334.28,0.01,ok,high,False
Kepler-1471,0.9727,0.0316,0.2735,659.0861,10,984.29,0.16,lower_boundary,high,False
Kepler-1896,0.9455,10.0,0.0449,891.6936,10,1643.01,-0.1,upper_boundary,high,False
Kepler-926,1.0273,10.0,0.1755,517.761,10,1035.23,0.03,upper_boundary,high,False
Kepler-1864,0.9455,10.0,0.1755,102.4185,10,302.83,0.06,upper_boundary,high,False
Kepler-1430,0.8636,0.0316,0.1102,457.4622,10,634.05,-0.03,lower_boundary,high,False
Kepler-1504,1.0,10.0,-0.0857,817.0312,10,2331.87,-0.17,upper_boundary,high,False
Kepler-902,1.0,10.0,0.0776,578.1409,10,1321.66,0.0,upper_boundary,high,False
Kepler-1687,0.6727,0.0316,-0.1837,304.6272,10,411.61,-0.14,lower_boundary,high,False
Kepler-1181,1.0273,9.1996,0.0449,272.1263,10,917.26,0.03,ok,high,False
Kepler-444,0.7545,0.0316,-0.4122,5.1189,6,36.52,-0.55,lower_boundary,ok,False
PH2,0.9182,9.1996,0.1429,112.0653,10,341.3,0.017,ok,high,False
Kepler-635,1.3273,4.3419,0.3061,311.7468,10,1083.84,0.41,ok,high,False
Kepler-1736,0.9727,10.0,-0.1837,666.8442,10,1314.49,-0.28,upper_boundary,high,False
Kepler-154,0.9455,10.0,0.1429,411.4876,10,916.07,0.02,upper_boundary,high,False
Kepler-148,0.8909,0.0316,0.1755,551.6469,10,791.58,0.07,lower_boundary,high,False
Kepler-1513,0.9727,0.0316,0.3061,97.4378,10,349.08,0.17,lower_boundary,high,False
Kepler-1465,0.7818,0.0316,0.0776,183.8859,10,365.34,-0.06,lower_boundary,high,False
Kepler-1925,1.0545,10.0,0.2408,660.2514,10,1816.64,0.16,upper_boundary,high,False
Kepler-182,1.0273,10.0,0.0776,544.0611,10,1575.06,0.072,upper_boundary,high,False
Kepler-1466,0.9182,9.1996,0.0776,285.7103,10,626.14,-0.07,ok,high,False
Kepler-325,0.9182,0.0316,0.1429,496.3442,10,809.82,0.02,lower_boundary,high,False
Kepler-1979,0.9182,10.0,0.0776,788.4095,10,1068.21,-0.06,upper_boundary,high,False
Kepler-1522,0.9455,10.0,0.0776,272.8107,10,802.79,-0.07,upper_boundary,high,False
Kepler-386,0.8909,0.0316,0.2082,737.4231,10,841.38,0.07,lower_boundary,high,False
Kepler-877,0.9182,0.0316,0.0776,444.1455,10,632.33,-0.06,lower_boundary,high,False
Kepler-341,1.0,9.1996,0.2082,562.1352,10,1020.06,0.07,ok,high,False
Kepler-976,0.9182,0.0316,0.2082,649.404,10,984.26,0.07,lower_boundary,high,False
Kepler-1529,0.8364,0.0316,0.0776,538.0029,10,671.01,-0.03,lower_boundary,high,False
Kepler-1613,1.1091,7.7858,0.1429,330.9914,10,1276.39,0.01,ok,high,False
Kepler-537,0.9455,10.0,0.3061,180.8565,10,441.0,0.23,upper_boundary,high,False
Kepler-1264,0.9727,0.0316,0.1102,410.4939,10,758.77,-0.02,lower_boundary,high,False
Kepler-1501,1.0,9.1996,0.1755,386.0674,10,744.61,0.04,ok,high,False
Kepler-928,0.7273,0.0316,-0.1837,399.6985,10,519.79,-0.11,lower_boundary,high,False
Kepler-403,1.2182,5.1303,0.0776,170.5208,10,860.16,0.079,ok,high,False
Kepler-1032,0.8091,0.0316,0.2735,86.8624,10,650.16,0.16,lower_boundary,high,False
Kepler-1297,1.0,10.0,-0.0204,519.4671,10,1480.81,-0.04,upper_boundary,high,False
Kepler-1811,1.0,10.0,0.2735,690.8946,10,1356.91,0.16,upper_boundary,high,False
Kepler-788,1.0273,10.0,0.0776,869.4437,10,1786.41,0.05,upper_boundary,high,False
Kepler-707,0.8091,0.0344,0.0122,414.1165,10,596.79,-0.12,ok,high,False
Kepler-1293,1.1364,6.5893,0.0449,189.8622,10,1021.84,0.0,ok,high,False
Kepler-207,1.1091,7.7858,0.1755,222.0016,10,865.61,0.29,ok,high,False
Kepler-1144,0.9727,10.0,0.1102,803.8824,10,1165.75,-0.03,upper_boundary,high,False
Kepler-1891,0.8909,0.0316,-0.0204,423.8806,10,596.01,-0.14,lower_boundary,high,False
Kepler-905,0.9455,0.0316,0.2082,284.3316,10,521.5,0.09,lower_boundary,high,False
Kepler-337,1.1364,7.1626,0.1755,178.4592,10,698.84,0.07,ok,high,False
Kepler-739,0.9455,10.0,0.0449,801.5929,10,1405.74,-0.08,upper_boundary,high,False
Kepler-401,1.0545,7.7858,-0.1184,174.9543,10,974.5,0.02,ok,high,False
Kepler-1409,0.8636,0.0316,0.1102,495.9619,10,690.67,-0.03,lower_boundary,high,False
Kepler-887,1.0273,10.0,0.1429,248.2743,10,862.72,0.08,upper_boundary,high,False
Kepler-677,1.0273,10.0,0.0776,529.7947,10,1866.92,0.06,upper_boundary,high,False
Kepler-1084,0.9727,10.0,0.0449,32.0402,10,398.85,-0.02,upper_boundary,high,False
Kepler-925,0.7818,0.0316,0.2408,548.1901,10,611.08,0.12,lower_boundary,high,False
Kepler-278,1.2182,6.0619,0.3388,3.8099,10,442.02,0.22,ok,ok,True
Kepler-562,0.9182,10.0,0.0449,545.6338,10,943.15,-0.04,upper_boundary,high,False
Kepler-866,0.7273,0.0316,-0.1837,514.2574,10,667.55,-0.07,lower_boundary,high,False
Kepler-759,1.0273,10.0,0.1102,497.9528,10,1290.58,0.06,upper_boundary,high,False
Kepler-985,0.9182,0.0316,0.1429,439.7481,10,678.71,0.0,lower_boundary,high,False
Kepler-1609,1.0273,10.0,0.0776,574.8449,10,1699.78,0.1,upper_boundary,high,False
Kepler-1506,1.0273,10.0,0.0449,1029.1926,10,2412.08,-0.05,upper_boundary,high,False
Kepler-957,0.8909,0.0316,0.1102,688.9062,10,805.81,-0.01,lower_boundary,high,False
Kepler-973,0.8909,0.0316,0.0776,85.9439,10,329.5,-0.06,lower_boundary,high,False
TOI-1452,0.1545,0.0344,-0.2163,24.2593,10,30.46,-0.07,ok,high,False
Kepler-1282,0.9455,0.0316,0.1102,1132.9217,10,1098.6,0.01,lower_boundary,high,False
Kepler-1693,0.9727,0.0316,0.3061,518.7883,10,782.21,0.16,lower_boundary,high,False
Kepler-269,1.1091,8.4632,0.5347,840.854,10,2089.67,0.4,ok,high,False
Kepler-1913,0.9455,8.4632,0.2082,469.9912,10,891.84,0.07,ok,high,False
Kepler-1163,1.0545,7.1626,-0.0204,55.1331,10,476.05,0.02,ok,high,False
Kepler-336,1.0273,9.1996,0.4694,235.5027,10,696.71,0.337,ok,high,False
Kepler-574,0.9182,0.0316,0.1102,314.5283,10,682.05,-0.01,lower_boundary,high,False
Kepler-1013,0.8364,0.0316,0.1755,276.799,10,421.94,0.04,lower_boundary,high,False
Kepler-722,0.9182,10.0,0.1102,783.132,10,1212.26,0.02,upper_boundary,high,False
Kepler-1809,0.8364,0.0316,0.0776,212.3826,10,404.11,0.04,lower_boundary,high,False
K2-130,0.6455,0.0522,-0.2816,1.2905,10,118.27,-0.24,ok,ok,True
Kepler-1205,0.8636,0.0316,0.0776,506.8111,10,694.92,-0.04,lower_boundary,high,False
Kepler-934,0.8364,0.0316,0.1102,397.9148,10,586.39,0.01,lower_boundary,high,False
Kepler-1749,0.6455,0.0316,-0.249,119.6446,10,266.36,-0.16,lower_boundary,high,False
Kepler-156,0.8909,0.0316,0.2735,297.8366,10,437.69,0.2535,lower_boundary,high,False
Kepler-645,1.0273,10.0,0.0776,368.9904,10,1123.17,-0.01,upper_boundary,high,False
Kepler-1670,1.0,10.0,-0.0531,820.1254,10,1974.79,-0.08,upper_boundary,high,False
Kepler-643,1.0545,10.0,0.2082,209.3736,10,1059.24,0.13,upper_boundary,high,False
Kepler-1777,0.9182,10.0,0.2082,327.5899,10,619.25,0.06,upper_boundary,high,False
Kepler-1727,0.8909,0.0316,0.0122,792.5362,10,874.06,-0.12,lower_boundary,high,False
Kepler-1166,0.9182,0.0316,0.1102,322.2745,10,637.79,-0.02,lower_boundary,high,False
Kepler-425,0.9182,0.0316,0.2735,391.508,10,637.95,0.24,lower_boundary,high,False
Kepler-498,0.9727,9.1996,0.0776,438.5279,10,913.41,-0.04,ok,high,False
Kepler-1318,0.7,5.1303,0.0122,0.0993,6,459.34,-0.01,ok,ok,True
Kepler-138,0.5364,0.1543,-0.1837,7.6684,10,67.08,-0.18,ok,ok,True
Kepler-109,1.0,10.0,0.0776,178.8718,10,474.34,-0.02,upper_boundary,high,False
Kepler-716,0.8364,0.0316,0.0776,509.3924,10,630.65,-0.06,lower_boundary,high,False
Kepler-1665,0.8636,0.0316,0.1102,258.3892,10,332.73,-0.013,lower_boundary,high,False
Kepler-1663,0.6182,0.0316,-0.0857,345.8915,10,335.72,0.06,lower_boundary,high,False
Kepler-914,1.0273,10.0,0.3388,233.1078,10,757.27,0.22,upper_boundary,high,False
Kepler-24,0.9727,9.1996,0.0776,804.7803,10,1169.8,-0.0708,ok,high,False
Kepler-19,0.8636,9.1996,-0.0204,22.7713,10,218.93,-0.13,ok,high,False
Kepler-1152,0.5636,0.0316,-0.3796,162.0236,10,212.91,-0.25,lower_boundary,high,False
Kepler-570,0.9182,0.4962,0.1429,6.1188,10,570.7,0.06,ok,ok,True
Kepler-1928,0.9727,0.0316,0.2082,137.0772,10,325.44,0.12,lower_boundary,high,False
Kepler-53,0.9727,10.0,0.1429,921.519,10,1386.42,0.0,upper_boundary,high,False
Kepler-662,0.8909,0.0316,0.1102,504.3331,10,788.88,-0.03,lower_boundary,high,False
Kepler-646,0.8909,0.0316,0.0449,311.123,10,456.19,-0.07,lower_boundary,high,False
Kepler-1172,0.9182,10.0,0.0776,1058.2777,10,1331.56,-0.04,upper_boundary,high,False
Kepler-824,1.0,10.0,0.2735,631.003,10,1234.2,0.14,upper_boundary,high,False
Kepler-833,0.6455,0.0728,-0.0857,4.6616,10,464.4,-0.18,ok,ok,True
Kepler-1055,0.9455,0.0316,0.1102,145.2324,10,387.73,-0.02,lower_boundary,high,False
Kepler-1762,1.0273,10.0,0.2082,936.0095,10,1549.3,0.07,upper_boundary,high,False
Kepler-135,1.0,10.0,0.0122,146.0844,10,607.58,-0.105,upper_boundary,high,False
Kepler-1951,1.0818,9.1996,0.2408,310.0173,10,1279.77,0.14,ok,high,False
Kepler-761,0.9455,0.0316,0.0449,527.6212,10,820.39,-0.09,lower_boundary,high,False
Kepler-265,0.9455,10.0,0.0122,1183.3477,10,1345.48,-0.11,upper_boundary,high,False
Kepler-161,0.8909,0.0344,0.3714,289.4174,10,437.71,0.24,ok,high,False
Kepler-556,0.9727,0.0316,0.1755,372.9343,10,653.3,0.03,lower_boundary,high,False
Kepler-1141,0.9727,10.0,0.1102,75.3176,10,399.37,0.04,upper_boundary,high,False
Kepler-975,0.8636,0.0344,0.4694,388.3436,10,420.37,0.56,ok,high,False
Kepler-1743,1.2182,5.5767,0.3061,53.6233,10,534.03,0.4,ok,high,False
Kepler-1525,0.9727,9.1996,0.4041,92.6821,10,387.11,0.27,ok,high,False
Kepler-545,0.9727,9.1996,0.1755,360.639,10,823.67,0.03,ok,high,False
Kepler-1330,1.0545,9.1996,0.0776,587.2313,10,1743.43,0.08,ok,high,False
Kepler-428,0.8636,0.0316,0.1429,466.7345,10,695.16,0.09,lower_boundary,high,False
Kepler-1564,0.9727,0.0316,0.1755,631.6554,10,887.18,0.03,lower_boundary,high,False
Kepler-897,1.0,10.0,0.1429,500.1886,10,1458.3,0.04,upper_boundary,high,False
Kepler-1486,1.0273,10.0,0.0776,655.1562,10,1758.98,0.06,upper_boundary,high,False
Kepler-915,1.0,10.0,-0.0204,208.8718,10,827.35,0.08,upper_boundary,high,False
Kepler-1054,1.0273,10.0,0.2082,338.8144,10,1038.05,0.09,upper_boundary,high,False
Kepler-756,0.9727,10.0,-0.0531,815.3991,10,1465.97,-0.19,upper_boundary,high,False
Kepler-1977,0.7273,0.0316,-0.151,808.0551,10,583.54,-0.06,lower_boundary,high,False
TOI-2337,1.2455,5.5767,0.3388,5.7108,10,532.21,0.39,ok,ok,True
Kepler-391,1.1909,6.0619,0.1429,95.3033,10,858.28,0.04,ok,high,False
Kepler-540,0.9727,9.1996,0.0122,127.9079,10,382.98,-0.1,ok,high,False
Kepler-1225,1.0,10.0,0.1102,530.8825,10,1274.88,0.01,upper_boundary,high,False
Kepler-1473,0.9727,10.0,0.0776,318.2898,10,653.82,-0.01,upper_boundary,high,False
Kepler-1937,0.9727,10.0,0.0776,397.8227,10,895.5,-0.06,upper_boundary,high,False
Kepler-1882,1.0545,9.1996,0.4041,110.0103,10,444.05,0.26,ok,high,False
Kepler-924,1.0,10.0,0.0449,412.7078,10,1080.1,0.01,upper_boundary,high,False
Kepler-198,0.9727,0.0316,0.1755,236.3491,10,492.49,0.04,lower_boundary,high,False
Kepler-286,0.8909,10.0,-0.1184,861.8062,10,1233.9,-0.25,upper_boundary,high,False
Kepler-746,1.4364,3.11,-0.0204,179.0833,10,2752.45,0.09,ok,high,False
Kepler-1290,0.9727,10.0,0.0776,1192.0614,10,1564.83,-0.02,upper_boundary,high,False
Kepler-1352,1.0,10.0,0.1429,196.0274,10,666.11,0.0,upper_boundary,high,False
Kepler-988,0.9727,10.0,-0.4449,114.9627,10,306.4,-0.32,upper_boundary,high,False
Kepler-262,0.8636,0.0316,-0.2163,515.9097,10,616.69,-0.3382,lower_boundary,high,False
Kepler-1936,1.0818,8.4632,0.2408,246.9638,10,869.15,0.1,ok,high,False
Kepler-1989,0.9727,9.1996,-0.0204,25.7474,6,1206.3,-0.14,ok,high,False
Kepler-1245,0.8636,0.0316,0.0776,624.5766,10,801.75,-0.01,lower_boundary,high,False
Kepler-552,0.9455,10.0,0.1102,398.2538,10,853.42,0.01,upper_boundary,high,False
Kepler-497,1.0545,10.0,0.2408,618.1934,10,1436.7,0.24,upper_boundary,high,False
Kepler-673,0.9182,0.0316,0.1429,796.2635,10,927.82,0.0,lower_boundary,high,False
HATS-9,1.0818,8.4632,0.4694,7.4699,10,653.94,0.38,ok,ok,True
Kepler-213,0.9727,9.1996,0.2735,268.2865,10,616.46,0.15,ok,high,False
Kepler-316,0.6727,0.0316,-0.249,270.127,10,387.23,-0.23,lower_boundary,high,False
Kepler-489,0.8091,0.0344,0.0449,208.2063,10,366.99,0.0,ok,high,False
Kepler-619,0.9182,10.0,0.1429,606.309,10,904.74,0.05,upper_boundary,high,False
Kepler-849,1.1909,6.0619,0.2735,109.9509,10,803.3,0.145,ok,high,False
Kepler-1752,0.8364,0.0316,-0.0531,548.4862,10,983.32,-0.2,lower_boundary,high,False
Kepler-1403,1.0273,10.0,0.0776,873.6801,10,2189.57,0.03,upper_boundary,high,False
Kepler-684,0.9727,10.0,0.0122,1044.2634,10,1599.06,-0.11,upper_boundary,high,False
Kepler-1833,1.1091,7.7858,0.3388,113.749,10,590.23,0.38,ok,high,False
Kepler-1931,1.0273,9.1996,0.0122,143.2838,10,609.79,0.12,ok,high,False
Kepler-773,0.9455,10.0,0.1102,253.4214,10,546.73,0.05,upper_boundary,high,False
Kepler-1903,0.9182,10.0,-0.3143,613.0119,10,1732.83,-0.34,upper_boundary,high,False
Kepler-1909,0.9727,9.1996,-0.5429,315.365,10,722.86,-0.42,ok,high,False
Kepler-1120,0.8091,0.0316,0.0449,454.6677,10,619.75,-0.04,lower_boundary,high,False
Kepler-1934,0.9182,10.0,-0.0204,224.0072,10,431.88,-0.14,upper_boundary,high,False
Kepler-621,0.9455,10.0,0.1102,553.6697,10,795.67,-0.02,upper_boundary,high,False
Kepler-287,0.9727,0.0316,0.2408,518.8605,10,801.18,0.117,lower_boundary,high,False
Kepler-224,0.8364,0.0316,0.0776,596.8006,10,776.48,-0.06,lower_boundary,high,False
Kepler-1417,1.0273,10.0,0.1102,292.1543,10,990.23,0.02,upper_boundary,high,False
Kepler-1148,0.8091,0.0316,0.0449,566.4269,10,622.21,-0.02,lower_boundary,high,False
Kepler-1319,0.5364,8.4632,0.3061,28.0203,10,103.78,0.44,ok,high,False
Kepler-845,0.7818,0.0344,0.0449,272.5769,10,430.12,0.01,ok,high,False
Kepler-527,1.0273,9.1996,0.1755,225.5388,10,745.12,0.03,ok,high,False
Kepler-1520,0.7273,0.0316,-0.0857,382.3308,10,579.31,0.04,lower_boundary,high,False
Kepler-85,0.9455,0.0316,0.1755,538.1274,10,777.87,0.12,lower_boundary,high,False
Kepler-1515,1.1364,6.0619,0.0449,90.7454,10,543.9,0.07,ok,high,False
Kepler-1069,1.0,10.0,0.0449,7.6791,10,680.83,0.04,upper_boundary,ok,False
Kepler-916,0.8909,0.0316,0.0776,530.7702,10,814.16,-0.05,lower_boundary,high,False
Kepler-1302,0.8636,0.0316,0.1755,392.3003,10,629.69,0.04,lower_boundary,high,False
Kepler-1424,0.9727,10.0,0.1429,393.9479,10,662.62,0.01,upper_boundary,high,False
Kepler-393,1.0818,7.7858,0.0449,240.1399,10,899.69,0.0322,ok,high,False
Kepler-1356,0.8364,0.0316,0.0776,805.4116,10,811.43,-0.02,lower_boundary,high,False
Kepler-795,0.9182,10.0,0.1102,281.0357,10,487.61,-0.02,upper_boundary,high,False
Kepler-820,1.2455,5.1303,0.1755,312.7162,10,1350.17,0.09,ok,high,False
Kepler-1744,0.9727,10.0,-0.4122,701.3213,10,1089.43,-0.5,upper_boundary,high,False
Kepler-479,0.8091,0.0344,-0.0857,170.7687,10,344.37,-0.02,ok,high,False
Kepler-1332,0.9455,0.0316,0.1102,393.0806,10,522.3,0.0,lower_boundary,high,False
Kepler-774,1.3,3.6747,-0.0857,261.028,10,1023.84,0.04,ok,high,False
Kepler-68,1.0,8.4632,0.0449,1.052,10,143.98,0.11,ok,ok,True
Kepler-1077,0.9455,10.0,0.1755,676.7284,10,1112.25,0.03,upper_boundary,high,False
Kepler-1107,0.8636,0.0316,0.1429,228.9826,10,427.12,0.01,lower_boundary,high,False
Kepler-607,0.8636,0.0316,0.0776,277.2383,10,506.01,0.02,lower_boundary,high,False
Kepler-1920,0.9727,10.0,0.3061,635.5334,10,871.59,0.21,upper_boundary,high,False
Kepler-783,0.9182,0.0316,0.1102,388.568,10,506.49,0.01,lower_boundary,high,False
CoRoT-10,0.7818,0.0316,0.3714,278.8915,10,337.55,0.26,lower_boundary,high,False
Kepler-839,1.0818,9.1996,0.4041,282.0361,10,913.31,0.29,ok,high,False
Kepler-502,1.0273,10.0,0.1102,611.6451,10,1638.16,0.05,upper_boundary,high,False
Kepler-891,1.0545,8.4632,0.0122,23.5781,10,2205.16,0.09,ok,high,False
Kepler-728,1.0,10.0,0.1102,881.3704,10,1662.63,-0.03,upper_boundary,high,False
Kepler-1089,0.5091,0.0316,-0.1837,215.4396,10,261.75,-0.09,lower_boundary,high,False
Kepler-157,0.9455,10.0,0.1102,453.5753,10,753.21,-0.01,upper_boundary,high,False
Kepler-122,0.9727,10.0,-0.0204,595.6674,10,1030.6,-0.08,upper_boundary,high,False
Kepler-75,0.9455,0.0316,0.3388,559.4791,10,793.85,0.3,lower_boundary,high,False
Kepler-1733,1.0545,10.0,0.2408,783.1847,10,2010.99,0.24,upper_boundary,high,False
Kepler-1106,0.9727,10.0,0.1429,558.3678,10,1093.75,0.0,upper_boundary,high,False
KOI-142,0.9727,0.0316,0.3061,132.5584,10,373.71,0.27,lower_boundary,high,False
Kepler-694,0.9727,0.0316,0.1429,703.963,10,969.63,0.0,lower_boundary,high,False
Kepler-901,0.9727,10.0,-0.4449,163.8739,10,254.54,-0.3,upper_boundary,high,False
Kepler-240,0.8909,0.0316,0.4367,641.106,10,771.02,0.41,lower_boundary,high,False
Kepler-620,1.0273,10.0,0.1755,529.5652,10,1300.94,0.03,upper_boundary,high,False
WASP-48,1.0818,6.5893,-0.151,33.3526,10,452.39,-0.12,ok,high,False
Kepler-1901,0.9455,10.0,0.2735,606.3593,10,997.35,0.14,upper_boundary,high,False
Kepler-209,0.9727,0.0316,0.2408,292.321,10,575.96,0.11,lower_boundary,high,False
Kepler-1435,1.0545,8.4632,0.1102,154.7051,10,686.96,-0.03,ok,high,False
Kepler-191,0.8909,0.0316,0.2082,641.0258,10,590.64,0.13,lower_boundary,high,False
Kepler-1324,0.7818,0.0316,0.1429,489.6315,10,478.56,0.05,lower_boundary,high,False
Kepler-634,0.9727,10.0,-0.151,276.9695,10,898.43,-0.18,upper_boundary,high,False
Kepler-657,1.0,10.0,0.1102,747.4624,10,1604.93,0.03,upper_boundary,high,False
Kepler-1926,0.8364,0.0316,-0.0204,783.0716,10,789.56,-0.16,lower_boundary,high,False
Kepler-1704,1.0818,8.4632,0.2082,3.0514,10,826.03,0.196,ok,ok,True
Kepler-1940,0.9727,9.1996,-0.5429,460.3204,10,803.92,-0.44,ok,high,False
Kepler-572,0.8364,0.0316,0.0122,240.0086,10,503.95,-0.1,lower_boundary,high,False
Kepler-1788,0.7273,0.0316,-0.249,526.4724,10,550.52,-0.2,lower_boundary,high,False
KOI-1257,1.0818,9.1996,0.1755,438.1366,10,2579.25,0.27,ok,high,False
Kepler-357,0.8364,0.0316,0.1755,525.56,10,696.39,0.06,lower_boundary,high,False
Kepler-1354,1.0273,10.0,0.1755,527.1102,10,1101.01,0.03,upper_boundary,high,False
Kepler-36,1.0,8.4632,-0.249,46.3277,10,532.0,-0.18,ok,high,False
Kepler-1612,0.9455,0.0316,0.1429,529.206,10,772.61,0.03,lower_boundary,high,False
Kepler-1731,0.7818,0.0441,0.1429,61.3961,10,170.03,0.0,ok,high,False
Kepler-1442,1.3545,3.3805,0.2735,119.0161,10,605.17,0.26,ok,high,False
Kepler-372,0.9727,10.0,-0.0857,684.7042,10,1445.99,-0.13,upper_boundary,high,False
Kepler-1294,1.0273,10.0,0.0776,615.814,10,1703.99,-0.03,upper_boundary,high,False
Kepler-945,0.9182,9.1996,0.1102,18.1683,10,1575.23,-0.01,ok,high,False
Kepler-762,1.0273,10.0,0.1429,843.3864,10,1820.69,0.02,upper_boundary,high,False
Kepler-1284,0.8636,0.0316,0.1102,639.0263,10,861.04,0.03,lower_boundary,high,False
Kepler-1184,0.9727,9.1996,0.0776,626.7652,10,1173.38,-0.04,ok,high,False
Kepler-273,0.9727,10.0,-0.4122,498.9366,10,702.24,-0.28,upper_boundary,high,False
Kepler-1374,0.8909,0.0316,0.0122,1087.3035,10,1097.2,-0.13,lower_boundary,high,False
Kepler-612,1.0273,10.0,0.1755,699.2993,10,1390.35,0.04,upper_boundary,high,False
Kepler-261,0.8364,0.0344,0.1102,248.4696,10,315.02,0.1621,ok,high,False
Kepler-323,0.9455,10.0,-0.0204,147.484,10,460.78,-0.14,upper_boundary,high,False
Kepler-100,1.0273,9.1996,0.0449,13.7945,10,303.61,0.02,ok,high,False
Kepler-145,1.1909,5.5767,0.1429,48.4936,10,544.94,-0.0014,ok,high,False
Kepler-280,0.9182,10.0,0.2082,427.2901,10,773.66,0.1213,upper_boundary,high,False
Kepler-285,0.9182,0.0316,0.2082,459.56,10,816.47,0.17,lower_boundary,high,False
Kepler-1295,0.9455,0.0316,0.1755,833.2161,10,1118.26,0.04,lower_boundary,high,False
Kepler-1600,0.9182,0.0316,0.2408,784.1612,10,995.53,0.1,lower_boundary,high,False
Kepler-906,1.0273,2.861,-0.0204,0.1021,6,755.94,-0.09,ok,ok,True
Kepler-1590,0.9455,10.0,0.1102,385.7085,10,775.79,0.03,upper_boundary,high,False
Kepler-405,0.9182,0.0316,0.0776,1081.2575,10,1162.44,-0.06,lower_boundary,high,False
Kepler-93,0.8636,9.1996,-0.151,1.096,10,95.84,-0.18,ok,ok,True
Kepler-1053,0.6727,1.8852,0.0122,27.5482,10,150.37,0.1,ok,high,False
Kepler-772,1.0273,10.0,0.0776,268.119,10,1078.21,0.03,upper_boundary,high,False
Kepler-1914,0.9727,10.0,0.0776,983.6506,10,1545.23,-0.04,upper_boundary,high,False
Kepler-775,0.8909,0.0316,0.0449,224.2527,10,394.23,-0.04,lower_boundary,high,False
Kepler-683,0.9182,10.0,0.1102,658.7245,10,981.56,-0.03,upper_boundary,high,False
Kepler-889,1.0273,10.0,0.1755,61.0095,10,585.93,0.19,upper_boundary,high,False
Kepler-398,0.6727,0.0567,-0.0857,105.4636,10,176.67,-0.06,ok,high,False
Kepler-1256,1.0273,10.0,0.1429,326.2945,10,875.93,0.05,upper_boundary,high,False
HATS-36,0.9727,10.0,0.2735,586.4965,10,839.04,0.15,upper_boundary,high,False
Kepler-1516,1.0273,10.0,0.0776,503.8249,10,1368.51,0.03,upper_boundary,high,False
Kepler-745,1.0273,10.0,0.0776,670.7918,10,1690.81,0.06,upper_boundary,high,False
Kepler-220,0.6727,0.048,-0.2816,21.0563,10,170.7,-0.1738,ok,high,False
Kepler-1968,0.8364,0.0316,0.3061,951.9964,10,769.05,0.18,lower_boundary,high,False
Kepler-977,0.8364,0.0344,0.1102,452.6037,10,566.55,-0.01,ok,high,False
Kepler-1776,1.0,9.1996,0.2408,306.3219,10,696.61,0.1,ok,high,False
Kepler-1357,0.9455,0.0316,0.0776,625.4253,10,1040.57,-0.06,lower_boundary,high,False
Kepler-1807,0.9455,9.1996,-0.4776,277.7242,10,1274.18,-0.36,ok,high,False
Kepler-566,0.8091,0.0316,0.0122,336.8883,10,563.26,-0.01,lower_boundary,high,False
Kepler-416,1.0,3.3805,0.2082,0.283,6,669.93,0.06,ok,ok,True
Kepler-1689,0.9182,8.4632,-0.0204,74.9072,10,294.16,-0.1455,ok,high,False
Kepler-1218,1.0,10.0,0.0449,284.0833,10,832.94,-0.02,upper_boundary,high,False
Kepler-767,1.0545,9.1996,0.0776,847.2114,10,2128.64,-0.05,ok,high,False
Kepler-1536,0.6727,0.048,-0.0857,238.106,10,386.62,0.05,ok,high,False
CoRoT-8,0.8364,0.0316,0.4367,377.7431,10,319.76,0.3,lower_boundary,high,False
Kepler-808,0.8091,0.0316,0.1755,252.1576,10,345.34,0.05,lower_boundary,high,False
K2-280,1.0,10.0,0.4367,148.777,10,376.36,0.33,upper_boundary,high,False
Kepler-1129,0.9455,9.1996,0.0776,815.6347,10,1163.16,-0.04,ok,high,False
Kepler-1686,0.9727,10.0,0.2082,383.1057,10,714.61,0.0775,upper_boundary,high,False
Kepler-376,0.9727,10.0,-0.0531,4.103,10,900.42,-0.1038,upper_boundary,ok,False
Kepler-1317,0.8636,0.0316,0.0776,550.8644,10,718.5,-0.01,lower_boundary,high,False
Kepler-680,1.0,10.0,0.2735,548.4452,10,1442.42,0.13,upper_boundary,high,False
Kepler-390,0.8636,0.0316,0.0449,297.963,10,427.5,-0.0443,lower_boundary,high,False
Kepler-206,0.9455,10.0,0.1429,240.333,10,583.23,0.0213,upper_boundary,high,False
Kepler-245,0.8909,0.0316,0.2082,700.8646,10,827.69,0.12,lower_boundary,high,False
Kepler-496,0.8636,0.0316,0.0776,429.0237,10,607.51,-0.03,lower_boundary,high,False
Kepler-1109,0.9727,0.0316,0.1755,499.5565,10,698.52,0.04,lower_boundary,high,False
Kepler-483,1.0273,9.1996,0.0449,267.5283,10,872.59,0.09,ok,high,False
Kepler-111,1.0,10.0,0.3061,290.0779,10,652.51,0.22,upper_boundary,high,False
Kepler-234,1.0545,10.0,0.3388,1012.236,10,1735.63,0.22,upper_boundary,high,False
Kepler-1191,0.9182,0.0316,0.0449,506.1516,10,939.6,-0.08,lower_boundary,high,False
Kepler-2001,0.8636,0.0316,0.2408,543.2279,10,785.59,0.12,lower_boundary,high,False
Kepler-1197,0.7818,0.0316,0.1102,354.2604,10,485.19,0.06,lower_boundary,high,False
Kepler-1895,0.9727,0.0316,0.2408,668.9642,10,1014.66,0.1,lower_boundary,high,False
Kepler-1552,0.9182,0.0316,0.0776,501.1829,10,755.42,-0.07,lower_boundary,high,False
Kepler-1710,0.8909,8.4632,0.0776,93.7672,10,305.43,-0.04,ok,high,False
Kepler-787,0.7,0.0316,-0.0857,520.9194,10,508.3,-0.09,lower_boundary,high,False
Kepler-1194,1.0273,10.0,0.1429,531.3428,10,980.73,0.0,upper_boundary,high,False
Kepler-1781,0.9455,0.0316,0.502,685.5897,10,968.18,0.44,lower_boundary,high,False
Kepler-726,0.8364,0.0316,-0.0857,47.019,10,735.56,-0.09,lower_boundary,high,False
Kepler-672,0.8909,10.0,0.0449,0.4634,6,1078.05,-0.01,upper_boundary,ok,False
Kepler-1798,0.6455,0.0374,-0.0857,318.2759,10,389.44,0.06,ok,high,False
Kepler-1671,0.9182,0.0316,0.1755,147.0123,10,353.87,0.2502,lower_boundary,high,False
Kepler-362,0.9727,10.0,0.0122,559.0613,10,1013.46,-0.12,upper_boundary,high,False
CoRoT-2,0.9182,0.0316,0.1755,44.137,10,212.48,0.04,lower_boundary,high,False
Kepler-1110,0.7818,0.0316,-0.0204,634.1735,10,753.44,-0.16,lower_boundary,high,False
Kepler-1810,0.9727,0.0316,0.2408,801.3356,10,1019.25,0.16,lower_boundary,high,False
Kepler-641,1.0545,10.0,0.2735,245.8674,10,966.22,0.15,upper_boundary,high,False
Kepler-331,0.7273,0.0316,0.0122,580.5224,10,560.99,0.1179,lower_boundary,high,False
Kepler-1346,0.9455,9.1996,0.1755,570.2897,10,828.69,0.04,ok,high,False
Kepler-253,0.8909,0.0316,0.2082,640.9368,10,829.35,0.15,lower_boundary,high,False
Kepler-1402,1.0545,9.1996,0.0776,392.2571,10,1471.72,0.03,ok,high,False
Kepler-406,0.9727,9.1996,0.3061,122.9154,10,362.89,0.18,ok,high,False
Kepler-737,0.4545,0.0344,-0.3796,143.9833,10,204.45,-0.24,ok,high,False
Kepler-1437,1.0545,9.1996,0.0776,116.1037,10,2406.74,-0.02,ok,high,False
Kepler-1100,0.9455,10.0,0.1429,335.3312,10,688.83,0.05,upper_boundary,high,False
Kepler-368,1.1909,6.0619,0.1755,173.7366,10,759.41,0.03,ok,high,False
Kepler-1208,0.8364,0.0316,0.1102,795.1474,10,853.35,-0.03,lower_boundary,high,False
Kepler-1900,1.0,10.0,0.0776,738.7628,10,1563.51,-0.04,upper_boundary,high,False
Kepler-753,0.6727,0.0374,-0.151,160.7887,10,271.24,-0.03,ok,high,False
Kepler-481,1.0,9.1996,0.1755,279.4143,10,785.52,0.03,ok,high,False
Kepler-996,1.0,10.0,0.1429,576.2201,10,1209.93,0.03,upper_boundary,high,False
Kepler-1793,0.9182,10.0,0.0776,947.1582,10,1238.56,-0.06,upper_boundary,high,False
Kepler-1553,0.8636,0.0316,0.0449,549.8165,10,689.3,-0.09,lower_boundary,high,False
Kepler-1883,0.9455,10.0,0.0122,989.0192,10,1382.04,-0.12,upper_boundary,high,False
Kepler-260,1.0,0.0316,0.4367,372.7653,10,608.78,0.29,lower_boundary,high,False
Kepler-1116,0.9455,0.0316,0.1429,715.8986,10,978.89,0.01,lower_boundary,high,False
Kepler-227,0.9727,0.0316,0.2408,612.6829,10,1058.58,0.1,lower_boundary,high,False
Kepler-669,1.0545,10.0,0.2408,727.3925,10,1894.36,0.14,upper_boundary,high,False
Kepler-1024,0.8636,0.0316,0.0449,851.5887,10,1029.74,-0.1,lower_boundary,high,False
Kepler-184,0.8636,0.0316,-0.1184,430.1087,10,607.02,-0.1958,lower_boundary,high,False
Kepler-389,0.8364,0.0316,0.0449,743.6291,10,845.18,-0.1,lower_boundary,high,False
Kepler-343,1.0,10.0,0.2408,347.7283,10,920.6,0.1445,upper_boundary,high,False
Kepler-710,1.0273,10.0,0.0776,743.0712,10,1478.74,-0.04,upper_boundary,high,False
Kepler-194,0.9455,10.0,0.1102,616.9251,10,1106.01,-0.03,upper_boundary,high,False
Kepler-268,1.0,10.0,0.1429,294.5099,10,815.79,0.0009,upper_boundary,high,False
Kepler-1480,0.8636,0.0316,0.1429,476.2418,10,494.95,0.07,lower_boundary,high,False
Kepler-1505,0.9455,9.1996,-0.0531,233.2909,10,487.48,-0.18,ok,high,False
Kepler-792,1.0273,10.0,0.0776,865.4935,10,1480.57,0.08,upper_boundary,high,False
Kepler-1771,1.0273,10.0,0.1102,282.4767,10,908.15,0.0,upper_boundary,high,False
Kepler-1003,1.0,10.0,0.1429,469.1936,10,939.37,0.01,upper_boundary,high,False
Kepler-1899,0.8091,0.0316,0.2082,608.8978,10,716.76,0.07,lower_boundary,high,False
Kepler-1072,1.0273,10.0,0.2082,420.3362,10,972.27,0.07,upper_boundary,high,False
Kepler-264,1.3,4.3419,0.1755,229.9007,10,950.69,0.0469,ok,high,False
CoRoT-3,1.0545,10.0,0.2408,186.1452,10,741.87,0.14,upper_boundary,high,False
Kepler-785,0.7818,0.0316,0.1102,603.8672,10,643.87,-0.02,lower_boundary,high,False
Kepler-1406,1.0545,9.1996,0.1102,194.0425,10,876.87,0.04,ok,high,False
Kepler-1117,0.9455,0.0316,0.1755,257.397,10,571.6,0.03,lower_boundary,high,False
Kepler-1348,1.0,10.0,0.1102,561.036,10,1260.74,-0.01,upper_boundary,high,False
Kepler-627,1.0273,10.0,0.1755,459.8943,10,975.21,0.05,upper_boundary,high,False
Kepler-709,0.8364,0.0316,0.0449,535.5912,10,665.27,-0.08,lower_boundary,high,False
Kepler-1251,0.9455,0.0316,0.0776,609.7778,10,914.16,-0.04,lower_boundary,high,False
Kepler-1296,1.0545,9.1996,0.0776,522.2295,10,1522.81,-0.04,ok,high,False
Kepler-1029,0.7545,0.0316,-0.1184,282.0682,10,366.35,0.01,lower_boundary,high,False
Kepler-28,0.7545,0.0316,0.0776,410.6234,10,438.3,0.1451,lower_boundary,high,False
Kepler-1699,1.7909,1.7343,0.1429,7.1229,10,3705.01,0.225,ok,ok,True
Kepler-763,0.9182,0.0316,0.3061,782.6551,10,905.63,0.18,lower_boundary,high,False
Kepler-625,1.0,9.1996,-0.0204,0.3893,6,753.56,0.1,ok,ok,True
Kepler-1574,1.0,10.0,0.2082,598.7163,10,1351.28,0.08,upper_boundary,high,False
Kepler-151,0.9182,0.0316,0.2408,427.0737,10,638.73,0.1245,lower_boundary,high,False
TOI-2010,0.9455,9.1996,0.0449,0.9875,10,108.24,0.168,ok,ok,True
Kepler-1976,0.9727,10.0,0.2408,600.5266,10,1303.45,0.1,upper_boundary,high,False
Kepler-1170,0.8909,0.0316,0.0449,756.2807,10,1049.3,-0.09,lower_boundary,high,False
Kepler-370,0.9727,9.1996,0.2735,816.5478,10,1122.04,0.1323,ok,high,False
Kepler-959,1.1909,4.7197,-0.0857,214.3448,10,812.83,0.02,ok,high,False
Kepler-1412,1.0273,10.0,0.1429,198.7901,10,752.75,0.04,upper_boundary,high,False
Kepler-639,1.0545,9.1996,0.1429,214.4855,10,822.81,0.23,ok,high,False
Kepler-225,0.7,0.0316,-0.1837,456.8204,10,573.38,-0.04,lower_boundary,high,False
Kepler-1365,1.0273,10.0,0.0776,200.8642,10,833.07,0.03,upper_boundary,high,False
Kepler-1569,1.0273,9.1996,0.2082,420.5907,10,914.57,0.06,ok,high,False
Kepler-542,0.9455,0.0316,0.1429,171.8036,10,431.24,0.02,lower_boundary,high,False
Kepler-42,0.1545,0.2767,-0.4776,10.5236,6,40.05,-0.33,ok,high,False
Kepler-609,0.9727,10.0,0.2082,545.0276,10,1085.34,0.06,upper_boundary,high,False
Kepler-1183,1.0,10.0,0.1755,913.4157,10,1742.88,0.04,upper_boundary,high,False
Kepler-1158,1.3818,3.3805,0.0776,318.7288,10,1443.46,0.18,ok,high,False
Kepler-1718,0.8636,10.0,-0.1837,142.0477,10,372.4,-0.32,upper_boundary,high,False
Kepler-27,0.9727,0.0316,0.502,929.5797,10,1058.2,0.41,lower_boundary,high,False
HAT-P-7,1.4364,2.632,0.2082,4.1933,10,332.08,0.26,ok,ok,True
Kepler-1151,0.8636,0.0316,-0.0204,719.0117,10,694.44,-0.11,lower_boundary,high,False
Kepler-461,1.0,10.0,0.1429,181.2178,10,687.31,0.04,upper_boundary,high,False
Kepler-1827,1.0273,10.0,0.0776,160.8651,10,683.84,0.08,upper_boundary,high,False
Kepler-1419,0.9455,10.0,0.1755,1164.4494,10,1354.39,0.04,upper_boundary,high,False
Kepler-748,1.0273,10.0,0.2082,700.0347,10,1595.18,0.08,upper_boundary,high,False
Kepler-752,0.9182,0.0316,0.0449,931.2278,10,1170.27,-0.08,lower_boundary,high,False
Kepler-822,0.9455,9.1996,0.1755,601.0458,10,857.49,0.04,ok,high,False
Kepler-333,0.7,0.0374,-0.0857,204.4329,10,323.83,0.0465,ok,high,False
Kepler-1559,0.8909,0.0316,0.0449,60.7035,10,617.52,-0.04,lower_boundary,high,False
Kepler-435,1.2182,4.3419,-0.1837,266.6941,10,1388.01,-0.18,ok,high,False
Kepler-1202,0.9727,0.0316,0.2082,724.3495,10,1173.54,0.06,lower_boundary,high,False
Kepler-1732,1.0273,10.0,0.1755,667.5305,10,1301.83,0.04,upper_boundary,high,False
Kepler-49,0.6182,0.0522,-0.1184,228.2128,10,308.31,0.03,ok,high,False
Kepler-1094,0.9727,10.0,0.1755,667.1158,10,1217.1,0.06,upper_boundary,high,False
Kepler-1858,0.8909,0.0316,0.2735,565.2123,10,843.12,0.16,lower_boundary,high,False
TOI-1680,0.2091,1.5955,-0.0857,13.3071,10,37.14,0.04,ok,high,False
Kepler-1836,0.9182,10.0,-0.0204,1135.1786,10,1400.8,-0.14,upper_boundary,high,False
Kepler-604,0.9455,10.0,0.1102,563.1558,10,997.05,-0.02,upper_boundary,high,False
Kepler-474,1.0273,10.0,0.1102,173.4027,10,832.35,-0.01,upper_boundary,high,False
Kepler-371,0.9455,10.0,-0.0857,499.101,10,802.32,-0.1975,upper_boundary,high,False
Kepler-842,0.8091,0.0316,0.1102,375.1655,10,538.52,-0.02,lower_boundary,high,False
Kepler-1922,0.9182,10.0,-0.1837,881.6058,10,1308.76,-0.28,upper_boundary,high,False
Kepler-1395,1.0273,9.1996,0.2408,94.3873,10,491.51,0.12,ok,high,False
Kepler-1750,0.9727,10.0,0.2735,697.1987,10,1481.71,0.14,upper_boundary,high,False
Kepler-861,0.8636,0.0316,0.1102,586.2832,10,831.08,0.01,lower_boundary,high,False
Kepler-1196,0.9182,10.0,0.1429,603.8778,10,907.34,0.0,upper_boundary,high,False
Kepler-226,0.9455,0.0316,0.2082,640.8857,10,982.67,0.09,lower_boundary,high,False
Kepler-1313,0.8636,6.5893,0.1429,42.5191,10,174.7,0.0,ok,high,False
Kepler-1534,0.9727,10.0,0.1102,832.9115,10,1456.13,-0.01,upper_boundary,high,False
Kepler-637,1.0273,10.0,0.2408,285.0157,10,769.48,0.38,upper_boundary,high,False
Kepler-356,1.0,10.0,0.0449,236.467,10,666.89,-0.0226,upper_boundary,high,False
Kepler-1452,1.2727,4.7197,0.2082,160.1172,10,956.39,0.14,ok,high,False
Kepler-606,1.0,10.0,0.1429,677.8172,10,1180.54,0.01,upper_boundary,high,False
Kepler-1871,1.0,0.0316,0.2408,621.8711,10,808.3,0.12,lower_boundary,high,False
Kepler-1828,0.9182,0.0316,0.0449,706.239,10,835.56,-0.04,lower_boundary,high,False
Kepler-1387,0.8091,0.0316,0.0449,276.1816,10,452.21,0.02,lower_boundary,high,False
Kepler-563,0.8364,0.0316,0.0122,324.6723,10,559.07,-0.08,lower_boundary,high,False
HAT-P-59,0.9727,10.0,0.3061,28.141,10,261.18,0.217,upper_boundary,high,False
Kepler-1966,0.8636,0.0316,0.3061,458.4642,10,486.95,0.16,lower_boundary,high,False
Kepler-1797,0.9182,10.0,-0.0531,830.6775,10,1311.73,-0.2,upper_boundary,high,False
Kepler-263,0.8636,0.0316,0.1102,630.5855,10,730.56,-0.0314,lower_boundary,high,False
Kepler-1345,1.1364,6.0619,-0.0857,285.3575,10,1289.3,0.04,ok,high,False
Kepler-798,1.0,10.0,0.1755,411.9437,10,970.15,0.03,upper_boundary,high,False
Kepler-275,1.0273,10.0,0.0776,810.0272,10,1886.91,0.08,upper_boundary,high,False
Kepler-478,1.0,10.0,0.0776,316.0063,10,807.29,-0.03,upper_boundary,high,False
Kepler-344,0.9455,0.0316,0.1755,571.2601,10,994.6,0.0399,lower_boundary,high,False
Kepler-1649,0.1818,0.1105,-0.249,264.2652,10,92.35,-0.15,ok,high,False
Kepler-210,0.7273,8.4632,0.3388,81.5335,10,231.52,0.2772,ok,high,False
Kepler-1825,0.8364,0.0374,0.2735,263.9207,10,424.35,0.14,ok,high,False
Kepler-1965,0.8364,10.0,-0.2163,13.7713,10,519.65,-0.3,upper_boundary,high,False
Kepler-1918,0.8909,0.0316,-0.0204,723.605,10,1046.95,-0.16,lower_boundary,high,False
Kepler-956,0.9455,10.0,0.1429,177.6341,10,538.49,0.02,upper_boundary,high,False
Kepler-1426,0.9182,0.0316,0.1755,467.3404,10,876.08,0.03,lower_boundary,high,False
Kepler-1147,1.0545,10.0,0.2408,787.213,10,1715.86,0.11,upper_boundary,high,False
Kepler-1905,0.9455,10.0,0.2735,521.9793,10,1041.77,0.16,upper_boundary,high,False
Kepler-1741,0.4818,0.0316,-0.249,328.1458,10,266.83,-0.22,lower_boundary,high,False
Kepler-1890,0.9455,10.0,-0.1184,207.9944,10,535.94,-0.16,upper_boundary,high,False
Kepler-1624,0.5091,0.0316,-0.0857,294.6143,10,252.13,0.06,lower_boundary,high,False
Kepler-256,0.9455,10.0,0.4041,552.1076,10,1002.39,0.26,upper_boundary,high,False
Kepler-884,0.8364,6.0619,-0.0857,114.9727,10,325.08,0.05,ok,high,False
Kepler-1786,1.0,10.0,0.2408,383.6384,10,868.4,0.14,upper_boundary,high,False
Kepler-1678,0.9455,0.0316,0.1429,519.2365,10,846.27,0.0,lower_boundary,high,False
Kepler-993,0.5636,0.0316,-0.1184,322.4254,10,333.19,0.03,lower_boundary,high,False
Kepler-1869,0.8909,7.7858,-0.151,0.5924,10,113.22,-0.06,ok,ok,True
Kepler-1514,1.0545,7.1626,0.0449,80.904,10,396.49,0.119,ok,high,False
Kepler-327,0.5636,0.0344,-0.2816,187.1867,10,238.02,-0.2,ok,high,False
Kepler-1431,1.0,10.0,0.1755,2.1336,6,1668.81,0.07,upper_boundary,ok,False
Kepler-167,0.8091,0.0344,0.1102,194.1899,10,339.84,0.02,ok,high,False
TOI-5218,0.7273,0.0316,0.3061,296.1609,10,377.7,0.41,lower_boundary,high,False
Kepler-1020,0.8091,0.0316,-0.1184,233.3464,10,408.89,0.0,lower_boundary,high,False
Kepler-1587,1.0273,10.0,0.2082,277.2099,10,1047.12,0.07,upper_boundary,high,False
Kepler-342,1.0,10.0,-0.0204,298.5523,10,771.8,-0.0006,upper_boundary,high,False
Kepler-1484,1.0545,8.4632,-0.0531,607.9231,10,2295.96,-0.17,ok,high,False
Kepler-1521,0.7273,0.0441,-0.1837,16.5876,10,207.29,-0.05,ok,high,False
Kepler-1844,0.9727,10.0,-0.0531,966.705,10,1773.35,-0.18,upper_boundary,high,False
Kepler-769,1.0,9.1996,0.2082,614.6083,10,1139.48,0.06,ok,high,False
Kepler-1142,1.0273,10.0,0.0776,301.7508,10,1262.52,0.02,upper_boundary,high,False
Kepler-1902,0.6182,2.632,0.0776,0.5707,6,338.92,0.06,ok,ok,True
Kepler-1015,1.0818,7.1626,-0.0531,197.3457,10,769.32,0.06,ok,high,False
Kepler-1826,0.5636,0.0316,-0.3143,277.5744,10,333.95,-0.28,lower_boundary,high,False
Kepler-1203,0.6727,0.0344,-0.1184,194.503,10,308.75,0.01,ok,high,False
Kepler-1560,0.9182,10.0,0.1429,187.1023,10,499.38,0.04,upper_boundary,high,False
Kepler-430,1.0273,10.0,0.3061,239.2115,10,898.8,0.2,upper_boundary,high,False
Kepler-1210,0.9455,0.0316,0.1429,659.2192,10,1111.19,0.04,lower_boundary,high,False
Kepler-423,0.9182,10.0,0.0449,357.4628,10,777.81,-0.1,upper_boundary,high,False
Kepler-1307,0.9455,0.0316,0.1429,745.2566,10,1038.42,0.06,lower_boundary,high,False
Kepler-1323,0.9727,10.0,-0.0204,67.4004,10,465.51,0.02,upper_boundary,high,False
Kepler-45,0.6455,0.0406,0.1429,393.0986,10,380.73,0.28,ok,high,False
Kepler-82,0.9727,0.0316,0.3388,603.7883,10,906.39,0.2107,lower_boundary,high,False
Kepler-1843,1.1636,6.5893,0.1429,101.2239,10,785.49,0.02,ok,high,False
Kepler-1845,0.7818,0.0316,-0.0204,759.782,10,696.39,-0.14,lower_boundary,high,False
Kepler-241,0.8364,0.0316,0.1755,496.5741,10,608.48,0.031,lower_boundary,high,False
Kepler-274,0.9455,10.0,-0.0857,680.018,10,1321.86,-0.2112,upper_boundary,high,False
Kepler-110,0.9727,10.0,-0.0204,107.2593,10,592.47,-0.1498,upper_boundary,high,False
HATS-65,1.0273,10.0,0.2408,243.6428,10,489.1,0.199,upper_boundary,high,False
Kepler-1577,0.7545,2.0492,0.0449,3.6048,10,504.7,0.0,ok,ok,True
Kepler-1986,0.9727,9.1996,-0.5429,333.012,10,967.5,-0.54,ok,high,False
Kepler-717,1.0,10.0,-0.0857,816.3676,10,2278.89,-0.12,upper_boundary,high,False
Kepler-1312,0.8909,10.0,0.0776,141.3518,10,298.8,-0.02,upper_boundary,high,False
Kepler-1573,1.0,10.0,0.0776,589.7701,10,1525.12,0.02,upper_boundary,high,False
Kepler-733,0.9182,0.0316,0.1429,684.3377,10,932.06,0.01,lower_boundary,high,False
Kepler-217,1.1909,5.1303,-0.0204,272.6568,10,1066.56,-0.07,ok,high,False
Kepler-586,0.9455,0.0316,0.1429,425.0825,10,683.62,0.0,lower_boundary,high,False
Kepler-1071,0.9182,0.0316,0.1429,706.3834,10,975.72,0.01,lower_boundary,high,False
Kepler-248,0.9182,0.0316,0.3061,551.9045,10,743.49,0.17,lower_boundary,high,False
Kepler-1128,0.9455,0.0316,0.1755,941.0209,10,1078.29,0.04,lower_boundary,high,False
Kepler-1916,1.0,10.0,0.2082,742.5973,10,1884.42,0.07,upper_boundary,high,False
Kepler-1002,1.1091,6.5893,-0.0857,75.3023,10,493.53,0.04,ok,high,False
Kepler-850,1.0273,10.0,0.1429,614.7955,10,1864.7,0.03,upper_boundary,high,False
Kepler-758,1.0545,8.4632,-0.0204,476.2262,10,1450.41,-0.1,ok,high,False
Kepler-74,1.0545,9.1996,0.5673,531.0199,10,1127.03,0.42,ok,high,False
Kepler-986,0.9182,10.0,0.1755,340.4119,10,544.09,0.04,upper_boundary,high,False
Kepler-598,0.9182,0.0316,0.1755,428.8241,10,675.56,0.03,lower_boundary,high,False
Kepler-1239,1.1636,4.7197,0.3388,1.6981,6,1978.2,0.22,ok,ok,True
Kepler-1173,0.8364,0.0316,0.0122,191.1748,10,372.21,0.0,lower_boundary,high,False
Kepler-1044,0.9727,9.1996,0.1755,835.8164,10,1267.13,0.04,ok,high,False
Kepler-284,0.8364,0.0316,-0.1184,920.0961,10,1042.22,-0.26,lower_boundary,high,False
KOI-3503,0.8909,10.0,-0.4449,357.1869,10,852.08,-0.5428,upper_boundary,high,False
Kepler-166,0.8636,0.0316,0.0449,275.9992,10,597.97,-0.08,lower_boundary,high,False
Kepler-1478,1.0273,10.0,0.1429,784.6437,10,1759.08,0.03,upper_boundary,high,False
Kepler-610,0.9727,0.0316,0.2408,534.81,10,837.55,0.12,lower_boundary,high,False
Kepler-520,1.1636,6.0619,0.0449,200.9462,10,805.99,-0.03,ok,high,False
Kepler-766,1.0545,10.0,0.2082,824.4702,10,2252.12,0.09,upper_boundary,high,False
Kepler-1070,1.0,10.0,0.1755,267.8702,10,897.78,0.03,upper_boundary,high,False
Kepler-1078,1.0545,9.1996,0.0776,839.947,10,2256.57,-0.01,ok,high,False
Kepler-1322,0.9727,10.0,-0.4122,644.6096,10,1307.65,-0.3,upper_boundary,high,False
Kepler-320,0.9727,10.0,-0.0531,248.9711,10,805.8,-0.1228,upper_boundary,high,False
Kepler-1127,0.9182,0.0316,0.1429,631.9539,10,841.06,0.04,lower_boundary,high,False
Kepler-805,1.0,9.1996,-0.151,146.8478,10,623.78,-0.06,ok,high,False
Kepler-358,0.9727,0.0316,0.1755,506.7723,10,1069.26,0.035,lower_boundary,high,False
Kepler-754,1.0273,10.0,0.0776,637.9432,10,1735.37,0.05,upper_boundary,high,False
Kepler-69,0.9182,10.0,-0.151,296.2461,10,718.41,-0.29,upper_boundary,high,False
Kepler-1095,0.8909,10.0,0.0449,478.1332,10,780.97,-0.09,upper_boundary,high,False
KOI-3680,0.9727,10.0,0.2735,446.3619,10,939.69,0.16,upper_boundary,high,False
Kepler-432,1.0818,8.4632,0.0449,1.1093,10,847.04,-0.07,ok,ok,True
HD 183579,1.0,2.4214,0.0122,0.3509,10,56.71,-0.038,ok,ok,True
Kepler-1579,0.6727,0.048,-0.0204,282.4071,10,391.18,0.11,ok,high,False
Kepler-848,1.2182,5.5767,0.2082,219.0204,10,1347.77,0.15,ok,high,False
Kepler-359,0.9727,10.0,-0.4122,794.0874,10,1415.29,-0.29,upper_boundary,high,False
Kepler-1868,0.7273,0.0441,-0.0204,148.496,10,270.91,0.0,ok,high,False
Kepler-948,0.9455,0.0316,0.1102,461.8739,10,839.28,-0.02,lower_boundary,high,False
Kepler-1399,0.9182,10.0,0.1102,704.894,10,1289.96,-0.03,upper_boundary,high,False
Kepler-1943,1.0273,10.0,0.0776,260.4665,10,979.45,-0.06,upper_boundary,high,False
TOI-5786,1.1909,3.3805,0.1429,0.5281,10,193.05,0.08,ok,ok,True
Kepler-1133,0.9182,0.0316,0.1102,523.894,10,742.31,-0.02,lower_boundary,high,False
Kepler-1698,0.7818,10.0,0.2082,81.3922,10,220.29,0.08,upper_boundary,high,False
Kepler-339,0.9182,0.0316,0.1755,368.4544,10,621.49,0.033,lower_boundary,high,False
Kepler-816,0.9182,0.0316,0.3061,797.2322,10,965.54,0.16,lower_boundary,high,False
Kepler-804,0.9455,10.0,0.1429,393.7019,10,657.06,0.0,upper_boundary,high,False
Kepler-630,1.0,10.0,0.1755,298.225,10,837.93,0.03,upper_boundary,high,False
Kepler-1451,0.9455,0.0316,0.1102,620.2276,10,1045.14,0.01,lower_boundary,high,False
Kepler-724,0.8909,0.0374,0.1102,5.7229,10,869.39,-0.02,ok,ok,True
Kepler-1745,0.9727,9.1996,0.3061,563.278,10,988.16,0.16,ok,high,False
Kepler-597,0.9182,9.1996,0.1102,308.108,10,652.81,-0.01,ok,high,False
Kepler-696,1.0,10.0,0.2082,925.1472,10,1414.62,0.07,upper_boundary,high,False
Kepler-1275,1.0,10.0,0.1102,480.3075,10,1159.25,0.04,upper_boundary,high,False
Kepler-395,0.6182,0.0316,-0.151,424.201,10,406.94,-0.02,lower_boundary,high,False
Kepler-1468,1.0545,9.1996,0.0776,517.3768,10,1873.46,0.03,ok,high,False
Kepler-1333,0.9455,0.0316,0.0776,591.7639,10,905.13,-0.04,lower_boundary,high,False
Kepler-183,0.9455,10.0,0.2082,552.007,10,1031.56,0.11,upper_boundary,high,False
Kepler-1949,1.3,4.7197,0.2735,625.5287,10,2510.16,0.14,ok,high,False
K2-201,0.9182,0.0344,0.2408,49.0843,10,195.06,0.13,ok,high,False
Kepler-276,0.8636,9.1996,-0.151,855.0058,10,1082.03,-0.29,ok,high,False
Kepler-1280,1.1636,6.0619,0.0449,378.4469,10,1442.64,0.04,ok,high,False
Kepler-936,1.3818,3.6747,0.1102,293.9402,10,3967.36,0.05,ok,high,False
Kepler-1602,0.9727,10.0,0.1429,305.0552,10,621.92,0.02,upper_boundary,high,False
Kepler-434,1.0,10.0,0.1429,0.6933,6,1199.59,0.25,upper_boundary,ok,False
Kepler-791,1.0273,10.0,0.2082,440.4625,10,1215.04,0.06,upper_boundary,high,False
Kepler-944,0.8909,10.0,0.0122,863.15,10,1259.46,-0.11,upper_boundary,high,False
Kepler-1351,0.6182,5.5767,-0.151,90.8637,10,203.25,-0.03,ok,high,False
Kepler-283,0.6455,0.0316,-0.249,429.1097,10,482.55,-0.17,lower_boundary,high,False
Kepler-1695,0.9727,0.0316,0.1102,453.6453,10,810.27,-0.0347,lower_boundary,high,False
Kepler-1594,0.9455,9.1996,0.1755,619.7292,10,963.18,0.03,ok,high,False
Kepler-201,1.0,10.0,0.0776,197.2319,10,628.39,-0.0442,upper_boundary,high,False
Kepler-1491,1.1091,8.4632,0.2735,741.5424,10,2108.68,0.14,ok,high,False
Kepler-81,0.6455,0.0344,-0.3143,242.6934,10,349.47,-0.18,ok,high,False
Kepler-1881,0.9455,0.0316,0.2408,850.9865,10,1114.11,0.12,lower_boundary,high,False
Kepler-57,0.8909,0.0316,0.1429,411.2498,10,645.07,0.1166,lower_boundary,high,False
Kepler-1767,0.8636,0.0316,0.2082,613.3289,10,833.63,0.14,lower_boundary,high,False
KOI-2513,1.0818,6.5893,-0.249,558.2271,10,2096.39,-0.37,ok,high,False
Kepler-1379,0.8909,0.0316,0.0776,842.5787,10,963.81,-0.04,lower_boundary,high,False
Kepler-369,0.5364,0.0316,-0.1184,172.8302,10,281.1,-0.09,lower_boundary,high,False
Kepler-517,0.9182,10.0,0.0776,59.7939,10,290.72,-0.06,upper_boundary,high,False
Kepler-349,0.9727,7.1626,0.2735,16.8811,10,948.02,0.1509,ok,high,False
Kepler-409,0.8909,7.7858,0.1102,1.0633,10,68.04,0.05,ok,ok,True
Kepler-1030,0.8091,0.0316,0.0449,670.5612,10,750.65,-0.01,lower_boundary,high,False
Kepler-533,0.7545,0.0374,-0.0204,99.7221,10,302.01,0.01,ok,high,False
Kepler-557,1.2727,4.7197,0.1429,595.692,10,2022.64,0.02,ok,high,False
Kepler-1957,0.8091,0.0316,0.1102,357.5051,10,462.82,0.0,lower_boundary,high,False
Kepler-1714,1.4364,3.3805,0.2735,13.3201,10,432.22,0.22,ok,high,False
Kepler-1441,1.0273,10.0,0.0776,494.1834,10,1097.33,0.01,upper_boundary,high,False
Kepler-1199,0.9455,10.0,-0.1837,197.8081,10,613.34,-0.27,upper_boundary,high,False
Kepler-1503,0.8909,10.0,-0.0531,892.4686,10,1252.78,-0.19,upper_boundary,high,False
Kepler-216,1.0,10.0,-0.0531,369.8163,10,1147.69,-0.1489,upper_boundary,high,False
WTS-2,0.8909,0.0316,0.3388,666.6264,10,699.14,0.2,lower_boundary,high,False
Kepler-78,0.7273,0.0406,-0.3143,0.33,10,124.26,-0.18,ok,ok,True
Kepler-1575,0.9455,9.1996,0.0776,796.0701,10,1250.12,-0.07,ok,high,False
Kepler-786,0.8091,0.0316,0.1429,369.8442,10,491.14,0.09,lower_boundary,high,False
Kepler-561,0.8636,10.0,0.1429,5.6335,10,625.2,0.02,upper_boundary,ok,False
Kepler-56,1.0818,9.1996,0.1755,46.2112,10,922.77,0.2,ok,high,False
Kepler-1924,1.0545,10.0,0.2082,592.9277,10,2001.81,0.16,upper_boundary,high,False
Kepler-1694,0.8636,0.0316,0.2735,431.0801,10,512.14,0.14,lower_boundary,high,False
Kepler-1993,1.0273,9.1996,-0.0857,206.7069,10,1001.91,-0.04,ok,high,False
Kepler-415,0.6727,0.1201,-0.0531,1.1683,6,529.34,0.01,ok,ok,True
Kepler-708,0.9455,9.1996,0.1429,986.6746,10,1236.53,0.01,ok,high,False
Kepler-1469,0.9182,0.0316,0.1429,802.5735,10,1109.57,0.02,lower_boundary,high,False
Kepler-417,0.8091,0.0316,-0.0857,788.5648,10,890.81,-0.204,lower_boundary,high,False
Kepler-1906,0.9727,10.0,-0.0204,677.5487,10,1374.24,-0.12,upper_boundary,high,False
K2-147,0.5636,0.048,-0.1184,83.9752,10,90.7,-0.02,ok,high,False
Kepler-675,0.8364,0.0316,0.0776,476.2771,10,672.53,-0.05,lower_boundary,high,False
Kepler-642,1.0273,10.0,0.2082,234.8509,10,760.51,0.06,upper_boundary,high,False
Kepler-1592,1.0273,10.0,0.0776,668.7312,10,1605.35,0.04,upper_boundary,high,False
Kepler-939,1.0,10.0,-0.0857,582.8058,10,2266.17,-0.12,upper_boundary,high,False
Kepler-685,1.0,0.0316,0.2735,779.5908,10,935.16,0.15,lower_boundary,high,False
Kepler-1740,0.9455,0.0316,0.0776,608.3824,10,1067.36,-0.06,lower_boundary,high,False
Kepler-702,0.9455,0.0316,0.1429,720.3986,10,962.89,0.0,lower_boundary,high,False
Kepler-1764,1.0,10.0,-0.0204,641.9949,10,1504.13,-0.14,upper_boundary,high,False
Kepler-1557,1.0,9.1996,0.1429,656.6676,10,1447.89,0.02,ok,high,False
Kepler-1041,1.0545,9.1996,0.1102,422.5097,10,1446.14,0.01,ok,high,False
Kepler-608,0.9182,10.0,0.0776,52.8071,10,933.91,-0.02,upper_boundary,high,False
Kepler-1524,0.9182,10.0,0.1102,112.7615,10,381.11,0.04,upper_boundary,high,False
Kepler-208,0.9727,10.0,0.0122,265.6293,10,762.11,-0.0423,upper_boundary,high,False
Kepler-1422,1.0545,9.1996,0.0776,905.3588,10,2410.59,0.0,ok,high,False
Kepler-1679,0.9182,0.0316,0.0776,837.1389,10,901.85,-0.04,lower_boundary,high,False
Kepler-1715,1.0273,9.1996,0.0449,157.3733,10,519.78,-0.04,ok,high,False
Kepler-1870,0.9182,2.632,0.1429,2.1084,10,399.62,0.07,ok,ok,True
Kepler-1865,0.8909,0.0316,0.0776,799.2123,10,912.86,-0.06,lower_boundary,high,False
KOI-7368,0.8909,0.0316,0.0776,24.489,10,263.29,0.0578,lower_boundary,high,False
Kepler-231,0.5909,0.0406,-0.249,329.2739,10,317.37,-0.1,ok,high,False
Kepler-1496,1.0,10.0,0.1102,494.8041,10,1279.89,0.05,upper_boundary,high,False
Kepler-66,0.9182,10.0,-0.0531,571.192,10,1157.4,-0.2,upper_boundary,high,False
Kepler-1682,0.9455,0.0316,0.0776,1093.2563,10,1150.69,-0.048,lower_boundary,high,False
WTS-1,0.9727,10.0,-0.3796,523.1215,10,2678.91,-0.5,upper_boundary,high,False
Kepler-1859,1.0,9.1996,0.3061,555.316,10,1288.36,0.16,ok,high,False
Kepler-1684,0.7818,0.0316,0.2735,570.4456,10,616.11,0.1267,lower_boundary,high,False
Kepler-1243,0.9182,0.0316,0.1102,429.2704,10,760.34,0.01,lower_boundary,high,False
Kepler-31,0.9727,10.0,-0.0204,769.1274,10,1598.04,-0.076,upper_boundary,high,False
Kepler-544,1.0,10.0,-0.0531,354.4716,10,954.03,0.02,upper_boundary,high,False
Kepler-1634,0.9182,0.0316,0.1429,510.284,10,601.97,0.02,lower_boundary,high,False
Kepler-1636,1.0,10.0,0.1429,858.2404,10,1861.1,0.03,upper_boundary,high,False
Kepler-258,0.8364,0.0316,0.2735,346.1875,10,564.92,0.3031,lower_boundary,high,False
Kepler-1623,0.9727,0.0316,0.1755,632.4122,10,876.12,0.04,lower_boundary,high,False
Kepler-1455,0.5909,0.0406,-0.151,298.501,10,361.94,-0.02,ok,high,False
Kepler-1780,0.9182,0.0316,0.1102,481.9145,10,783.45,0.0,lower_boundary,high,False
Kepler-1917,0.8364,0.0316,-0.0857,574.0985,10,858.78,-0.22,lower_boundary,high,False
Kepler-281,1.0,10.0,0.1429,956.4706,10,1635.69,0.02,upper_boundary,high,False
Kepler-146,0.9455,10.0,0.0776,432.8376,10,710.91,-0.0261,upper_boundary,high,False
Kepler-1763,1.0,10.0,0.1429,367.4739,10,751.69,0.02,upper_boundary,high,False
Kepler-768,0.8364,0.0316,0.1102,868.4071,10,764.58,-0.03,lower_boundary,high,False
Kepler-114,0.7818,0.0374,0.2082,185.3772,10,256.52,0.2291,ok,high,False
Kepler-374,1.0273,10.0,0.2408,568.6848,10,1202.79,0.1111,upper_boundary,high,False
Kepler-541,1.3,4.3419,0.1755,201.6387,10,1055.23,0.07,ok,high,False
Kepler-1073,0.9455,10.0,0.3061,559.6722,10,812.36,0.16,upper_boundary,high,False
Kepler-67,0.8636,0.0316,-0.0531,1114.8483,10,1116.61,-0.2,lower_boundary,high,False
Kepler-1734,0.9727,10.0,0.0449,911.3814,10,1493.59,-0.1,upper_boundary,high,False
Kepler-937,1.0273,10.0,0.2082,571.6764,10,1635.29,0.08,upper_boundary,high,False
Kepler-923,1.0273,10.0,0.2082,372.6079,10,1004.35,0.07,upper_boundary,high,False
Kepler-1149,0.9727,10.0,0.1429,570.6896,10,1176.86,0.02,upper_boundary,high,False
Kepler-76,1.0273,9.1996,0.0449,253.6351,10,817.26,-0.1,ok,high,False
Kepler-239,0.8636,0.0316,0.2408,566.8554,10,645.92,0.17,lower_boundary,high,False
Kepler-23,1.0,10.0,-0.0204,194.6826,10,858.83,-0.112,upper_boundary,high,False
Kepler-1839,0.9727,10.0,0.0776,464.3676,10,1111.0,-0.04,upper_boundary,high,False
Kepler-1314,0.1273,0.0374,-0.3469,305.1863,10,141.22,-0.22,ok,high,False
Kepler-940,0.9455,0.0316,0.0449,613.6336,10,1203.58,-0.08,lower_boundary,high,False
Kepler-671,0.9455,10.0,0.2082,695.2875,10,1193.03,0.08,upper_boundary,high,False
Kepler-1159,1.0,10.0,0.1102,472.6172,10,1220.17,0.04,upper_boundary,high,False
Kepler-1766,0.9455,9.1996,-0.0857,191.0009,10,509.08,-0.22,ok,high,False
Kepler-603,1.0273,10.0,0.0449,482.0798,10,1759.25,0.03,upper_boundary,high,False
Kepler-1897,0.8909,0.0316,0.1429,1042.5999,10,987.11,0.02,lower_boundary,high,False
Kepler-1343,1.0,10.0,-0.0531,925.6307,10,1898.58,-0.16,upper_boundary,high,False
HATS-10,1.0,10.0,0.2408,266.2935,10,544.53,0.15,upper_boundary,high,False
Kepler-302,0.9727,10.0,0.3061,971.1367,10,1376.34,0.16,upper_boundary,high,False
Kepler-326,1.0,0.0316,0.3714,212.6038,10,470.2,0.2385,lower_boundary,high,False
Kepler-941,0.8909,0.0316,-0.0204,704.7736,10,1048.98,-0.15,lower_boundary,high,False
Kepler-1396,1.0,9.1996,0.1755,471.894,10,1084.96,0.04,ok,high,False
TOI-5232,1.1091,6.5893,-0.0857,72.1388,10,609.61,-0.104,ok,high,False
Kepler-385,1.0,9.1996,0.1429,635.6986,10,1463.66,0.01,ok,high,False
Kepler-1413,0.9182,0.0316,0.0776,1219.5593,10,1205.72,-0.05,lower_boundary,high,False
Kepler-1860,0.9455,0.0316,0.1429,181.7439,10,441.22,0.0,lower_boundary,high,False
Kepler-1658,1.5182,2.4214,-0.1184,45.8687,10,785.28,-0.18,ok,high,False
Kepler-1756,0.9182,0.0316,0.3061,616.6088,10,864.09,0.16,lower_boundary,high,False
Kepler-947,0.9727,10.0,0.0449,1139.3282,10,1690.22,-0.07,upper_boundary,high,False
Kepler-1725,0.9727,10.0,0.1102,176.8873,10,562.53,0.0,upper_boundary,high,False
Kepler-1537,0.8364,0.0316,0.0122,340.1905,10,517.08,-0.08,lower_boundary,high,False
Kepler-1846,0.8364,0.0316,0.1429,246.9714,10,375.25,0.08,lower_boundary,high,False
Kepler-418,0.9455,9.1996,0.0776,516.7695,10,966.46,-0.05,ok,high,False
Kepler-304,0.7273,4.7197,-0.0204,7.4393,10,438.86,0.03,ok,ok,True
Kepler-1589,1.0273,10.0,0.2082,678.0135,10,1479.13,0.08,upper_boundary,high,False
Kepler-321,0.9455,9.1996,0.2082,101.7948,10,388.74,0.121,ok,high,False
Kepler-1562,1.0545,9.1996,0.0776,735.9301,10,2033.27,0.11,ok,high,False
Kepler-1723,0.8909,9.1996,-0.151,340.8041,10,787.15,-0.3,ok,high,False
Kepler-480,1.0545,8.4632,0.0449,268.9342,10,853.14,0.11,ok,high,False
Kepler-1104,1.1364,6.0619,0.1102,94.7807,10,528.55,0.13,ok,high,False
Kepler-1306,0.9182,10.0,0.1429,530.0015,10,1085.24,0.0,upper_boundary,high,False
Kepler-266,0.9727,10.0,0.3061,792.6458,10,1371.19,0.16,upper_boundary,high,False
Kepler-1463,1.0,10.0,0.1429,990.4964,10,1762.73,0.0,upper_boundary,high,False
Kepler-690,1.0273,10.0,0.3388,959.007,10,1552.29,0.19,upper_boundary,high,False
Kepler-1632,1.0273,10.0,0.1429,204.0527,10,710.17,0.0,upper_boundary,high,False
Kepler-35,0.9727,10.0,-0.3796,902.0063,10,1818.27,-0.34,upper_boundary,high,False
Kepler-1065,0.9727,0.0316,0.1102,709.7972,10,1089.51,-0.01,lower_boundary,high,False
Kepler-41,1.0273,10.0,0.502,460.2685,10,1045.03,0.38,upper_boundary,high,False
Kepler-1123,0.9182,0.0316,0.1755,574.3987,10,698.85,0.05,lower_boundary,high,False
Kepler-1821,0.9727,0.0316,0.2082,522.0388,10,800.78,0.14,lower_boundary,high,False
Kepler-871,1.0273,10.0,0.2082,1063.4932,10,1845.55,0.09,upper_boundary,high,False
Kepler-1321,0.9727,10.0,-0.4449,399.3359,10,741.57,-0.45,upper_boundary,high,False
Kepler-1247,0.8636,0.0316,0.0449,694.7731,10,1022.36,-0.05,lower_boundary,high,False
Kepler-1450,0.7273,0.0316,-0.0531,346.8533,10,500.66,-0.02,lower_boundary,high,False
Kepler-1640,1.0273,9.1996,0.2408,477.2564,10,1139.55,0.1,ok,high,False
Kepler-1790,1.0,10.0,0.0449,415.0119,10,1051.74,0.0,upper_boundary,high,False
Kepler-1101,0.8636,0.0316,0.0122,510.4234,10,744.99,-0.04,lower_boundary,high,False
Kepler-595,0.9455,0.0316,0.502,354.0663,10,643.84,0.406,lower_boundary,high,False
Kepler-1241,0.8909,0.0316,0.0449,1011.6505,10,933.78,-0.09,lower_boundary,high,False
Kepler-1058,0.8636,0.0316,0.0776,399.3907,10,704.28,-0.06,lower_boundary,high,False
Kepler-1873,0.8909,0.0316,0.3388,501.3365,10,782.03,0.21,lower_boundary,high,False
Kepler-980,1.0,10.0,0.1429,309.1964,10,941.34,0.01,upper_boundary,high,False
Kepler-1016,0.9455,10.0,0.1102,657.8811,10,1327.79,-0.03,upper_boundary,high,False
Kepler-1201,0.9455,10.0,0.1755,701.5958,10,969.68,0.03,upper_boundary,high,False
Kepler-1956,0.6182,0.0567,-0.0531,339.0577,10,357.15,0.04,ok,high,False
Kepler-857,0.9727,0.0316,0.1429,616.3836,10,978.56,0.02,lower_boundary,high,False
Kepler-1631,0.9455,10.0,0.1755,891.6021,10,1335.91,0.04,upper_boundary,high,False
HATS-33,0.9727,9.1996,0.3714,80.1564,10,251.01,0.29,ok,high,False
Kepler-173,0.9727,10.0,0.1755,416.6886,10,853.45,0.0357,upper_boundary,high,False
Kepler-1068,0.9455,10.0,0.1755,844.7303,10,1492.88,0.03,upper_boundary,high,False
Kepler-882,0.8909,0.0316,0.0776,319.1186,10,499.42,-0.03,lower_boundary,high,False
Kepler-688,0.9455,10.0,0.1429,933.8865,10,1385.42,0.02,upper_boundary,high,False
KELT-20,1.7636,0.5394,-0.151,0.599,10,136.48,-0.29,ok,ok,True
Kepler-1834,0.8364,0.0316,0.2735,458.0766,10,488.58,0.16,lower_boundary,high,False
Kepler-176,0.8909,0.0316,0.2735,373.7857,10,515.94,0.13,lower_boundary,high,False
Kepler-314,0.9455,0.0316,0.2408,89.6412,10,267.28,0.322,lower_boundary,high,False
Kepler-851,0.8909,0.0316,0.0776,585.7075,10,802.64,-0.07,lower_boundary,high,False
Kepler-1474,0.9182,10.0,0.1755,574.2452,10,1087.98,0.04,upper_boundary,high,False
Kepler-1960,0.9727,10.0,-0.0531,630.1221,10,1486.55,-0.18,upper_boundary,high,False
Kepler-1096,0.6727,0.0316,-0.249,192.7689,10,371.13,-0.1,lower_boundary,high,False
Kepler-168,1.0273,10.0,0.2082,548.1593,10,1232.48,0.09,upper_boundary,high,False
Kepler-689,0.9455,0.0316,0.1102,711.5539,10,1102.78,-0.01,lower_boundary,high,False
Kepler-577,0.7818,0.0316,-0.0531,423.4911,10,515.62,-0.14,lower_boundary,high,False
Kepler-116,1.0273,10.0,0.1755,316.5032,10,940.91,0.07,upper_boundary,high,False
Kepler-1769,0.9727,10.0,0.0449,99.0895,10,451.84,-0.06,upper_boundary,high,False
Kepler-1368,1.0,10.0,0.2408,1062.952,10,1578.56,0.1,upper_boundary,high,False
Kepler-825,0.9455,9.1996,0.0449,564.066,10,783.8,-0.08,ok,high,False
Kepler-54,0.4545,0.0344,-0.3143,244.4704,10,267.06,-0.27,ok,high,False
Kepler-692,0.9182,0.0316,0.1102,748.4863,10,962.17,-0.01,lower_boundary,high,False
Kepler-1969,0.9182,10.0,0.2082,857.3596,10,1245.29,0.07,upper_boundary,high,False
Kepler-1674,0.9455,0.0316,0.1755,602.4425,10,1029.62,0.0562,lower_boundary,high,False
Kepler-1391,1.0273,10.0,0.1102,231.6047,10,1004.05,0.04,upper_boundary,high,False
Kepler-464,1.0818,8.4632,0.1429,145.4978,10,670.34,0.19,ok,high,False
Kepler-1792,0.8364,0.0344,0.2735,439.5703,10,585.56,0.32,ok,high,False
Kepler-751,0.8909,0.0316,0.0776,558.1913,10,755.42,-0.06,lower_boundary,high,False
Kepler-727,0.8909,0.0316,0.1102,596.0416,10,823.52,-0.01,lower_boundary,high,False
Kepler-1472,1.0273,10.0,0.0776,492.7434,10,1484.74,0.03,upper_boundary,high,False
KOI-217,0.9455,0.0316,0.1755,460.5773,10,906.34,0.12,lower_boundary,high,False
Kepler-1398,1.0,10.0,0.0776,258.5662,10,855.14,0.01,upper_boundary,high,False
Kepler-1877,0.9455,9.1996,0.3714,38.2238,10,282.98,0.24,ok,high,False
Kepler-1222,0.8091,0.0344,-0.0204,241.7675,10,411.0,-0.04,ok,high,False
Kepler-712,0.8636,0.0316,0.1102,802.6038,10,903.01,-0.03,lower_boundary,high,False
Kepler-1169,1.0545,8.4632,0.3714,131.2524,10,517.23,0.26,ok,high,False
HATS-8,0.9727,10.0,0.3388,613.2802,10,778.0,0.21,upper_boundary,high,False
Kepler-317,0.9455,0.0316,0.2735,729.3005,10,935.11,0.13,lower_boundary,high,False
Kepler-378,0.7545,0.048,0.1429,23.1055,10,151.88,0.1369,ok,high,False
KIC 3558849,0.9455,10.0,-0.2816,443.4222,10,1146.01,-0.42,upper_boundary,high,False
Kepler-1425,1.0273,10.0,0.1102,191.7641,10,851.74,-0.03,upper_boundary,high,False
Kepler-593,0.9727,10.0,0.1755,475.2476,10,985.86,0.04,upper_boundary,high,False
Kepler-942,0.8091,0.0374,0.2082,68.2065,10,215.96,0.09,ok,high,False
Kepler-874,0.9727,10.0,0.1755,540.2071,10,1083.08,0.03,upper_boundary,high,False
Kepler-1171,1.3545,2.861,-0.151,62.0394,10,581.43,-0.01,ok,high,False
Kepler-827,1.0273,10.0,0.0776,886.9328,10,2202.81,-0.06,upper_boundary,high,False
Kepler-215,0.8091,10.0,-0.3469,189.8702,10,483.96,-0.4425,upper_boundary,high,False
Kepler-1087,0.9455,0.0316,0.0776,82.569,10,360.23,0.01,lower_boundary,high,False
Kepler-1942,0.8364,10.0,-0.3796,521.7963,10,842.4,-0.5,upper_boundary,high,False
Kepler-831,0.9455,9.1996,0.1429,352.9104,10,591.48,0.02,ok,high,False
Kepler-616,0.9727,0.0316,0.1102,470.3743,10,928.75,-0.02,lower_boundary,high,False
Kepler-1115,1.4909,1.7343,-0.5755,163.2593,10,1020.51,-0.51,ok,high,False
Kepler-485,0.9727,10.0,0.1755,542.3674,10,1157.51,0.04,upper_boundary,high,False
Kepler-1867,0.9455,9.1996,-0.1184,277.7444,10,667.45,-0.24,ok,high,False
Kepler-579,0.8909,0.0344,0.1755,330.0255,10,521.63,0.13,ok,high,False
Kepler-163,0.9455,0.0316,0.1755,291.8675,10,667.94,0.1412,lower_boundary,high,False
Kepler-935,0.7818,0.0316,0.0122,269.5751,10,478.66,-0.01,lower_boundary,high,False
Kepler-490,1.0,10.0,0.0122,511.3653,10,1526.27,-0.02,upper_boundary,high,False
Kepler-1467,0.8636,0.0316,0.0449,671.9936,10,843.8,-0.07,lower_boundary,high,False
Kepler-830,1.1091,7.7858,0.1102,624.0263,10,1781.03,-0.02,ok,high,False
Kepler-1207,1.1364,6.5893,0.0122,408.6435,10,1646.4,0.05,ok,high,False
Kepler-1992,0.9182,10.0,0.1429,216.037,10,528.6,0.0,upper_boundary,high,False
Kepler-855,1.0273,10.0,0.2082,641.7278,10,1458.84,0.06,upper_boundary,high,False
Kepler-1277,0.9182,0.0316,0.1102,339.3816,10,548.95,-0.01,lower_boundary,high,False
Kepler-499,0.8909,0.0316,0.0776,516.1242,10,546.84,0.0,lower_boundary,high,False
Kepler-142,0.9727,10.0,0.1755,249.8662,10,551.08,0.05,upper_boundary,high,False
Kepler-1830,1.1636,6.5893,0.2082,378.2487,10,1053.11,0.24,ok,high,False
Kepler-1051,1.0545,8.4632,0.0449,267.3933,10,826.26,0.04,ok,high,False
Kepler-1801,0.9182,0.0316,0.0776,570.2164,10,841.14,-0.06,lower_boundary,high,False
Kepler-1980,1.0273,10.0,0.2735,927.3283,10,1627.15,0.14,upper_boundary,high,False
Kepler-1618,1.1364,6.5893,0.0449,345.3674,10,1174.36,0.04,ok,high,False
Kepler-1036,0.9182,0.0316,0.0776,217.6932,10,484.79,0.04,lower_boundary,high,False
Kepler-576,0.9455,0.0316,0.2082,345.0575,10,615.2,0.09,lower_boundary,high,False
Kepler-624,0.9727,10.0,-0.0204,277.7094,10,751.53,-0.06,upper_boundary,high,False
Kepler-1021,0.8909,0.0316,0.0776,554.2172,10,801.59,-0.05,lower_boundary,high,False
Kepler-1717,1.1091,7.1626,0.0776,256.3478,10,988.66,-0.06,ok,high,False
Kepler-793,0.9727,9.1996,0.1429,559.4994,10,915.78,0.0,ok,high,False
Kepler-197,0.8909,10.0,-0.4122,105.6713,10,336.59,-0.441,upper_boundary,high,False
Kepler-345,0.8909,0.0316,0.3388,200.868,10,360.27,0.1905,lower_boundary,high,False
Kepler-1255,1.0273,10.0,0.1429,659.6081,10,1617.04,0.02,upper_boundary,high,False
Kepler-1086,0.7,0.0344,-0.0857,290.3882,10,464.66,0.06,ok,high,False
Kepler-487,0.9455,0.0316,0.1429,602.4781,10,886.29,0.0,lower_boundary,high,False
Kepler-300,1.0273,10.0,0.1755,483.7098,10,1064.67,0.04,upper_boundary,high,False
Kepler-47,0.8909,9.1996,-0.1184,772.4097,10,1018.36,-0.25,ok,high,False
Kepler-964,0.8909,0.0316,0.1102,266.7396,10,448.41,0.03,lower_boundary,high,False
Kepler-1831,0.9455,10.0,0.1755,879.4633,10,1094.97,0.07,upper_boundary,high,False
Kepler-61,0.7,0.0316,-0.0531,287.3584,10,338.89,0.03,lower_boundary,high,False
Kepler-493,1.0273,10.0,0.1102,700.9874,10,1602.07,0.11,upper_boundary,high,False
Kepler-1145,0.8091,0.0316,0.0122,541.5714,10,688.31,-0.13,lower_boundary,high,False
Kepler-962,0.8909,0.0344,0.1102,137.903,10,409.14,0.01,ok,high,False
Kepler-908,1.0273,9.1996,0.2408,2.2189,10,294.31,0.15,ok,ok,True
Kepler-1603,1.1909,6.0619,0.1429,709.5786,10,2563.18,0.07,ok,high,False
Kepler-1052,0.9182,10.0,0.1429,490.176,10,921.63,0.0,upper_boundary,high,False
Kepler-1427,1.2572,5.1356,-0.0627,525.6485,10,5824.18,0.06,ok,high,False
Kepler-1281,0.9727,10.0,0.0776,914.8889,10,1505.65,-0.04,upper_boundary,high,False
Kepler-819,0.8636,0.0316,0.0776,635.3238,10,670.61,-0.06,lower_boundary,high,False
Kepler-1382,1.2727,4.7197,0.2408,138.8394,10,826.33,0.3,ok,high,False
WASP-194,1.2182,3.6747,0.1429,58.5199,10,474.81,0.0,ok,high,False
Kepler-870,0.9455,10.0,0.0776,650.0607,10,1295.83,-0.01,upper_boundary,high,False
Kepler-508,1.1091,5.1303,0.2408,19.0409,10,326.59,0.18,ok,high,False
Kepler-1483,1.0,10.0,0.1102,448.2714,10,1172.67,0.04,upper_boundary,high,False
Kepler-218,0.9727,10.0,0.502,268.2761,10,659.11,0.37,upper_boundary,high,False
Kepler-872,0.9455,0.0316,0.1755,605.9691,10,868.7,0.04,lower_boundary,high,False
Kepler-419,1.2455,4.7197,0.1429,169.9268,10,988.18,0.176,ok,high,False
Kepler-377,1.0,10.0,0.1755,341.693,10,816.05,0.05,upper_boundary,high,False
Kepler-1625,1.0273,10.0,0.0776,836.1129,10,2073.74,0.01,upper_boundary,high,False
Kepler-581,0.9455,0.0316,0.1755,511.085,10,685.98,0.03,lower_boundary,high,False
Kepler-678,1.0545,10.0,0.2082,445.3048,10,1842.54,0.07,upper_boundary,high,False
Kepler-1754,0.8091,0.0316,0.2082,683.5458,10,687.86,0.08,lower_boundary,high,False
Kepler-1283,1.3,4.3419,0.1102,655.2046,10,2640.4,0.04,ok,high,False
Kepler-1111,0.9727,0.0316,0.1429,474.3172,10,867.44,0.02,lower_boundary,high,False
Kepler-644,1.1364,6.5893,0.1102,9.9761,10,1300.36,0.08,ok,ok,True
Kepler-1125,1.0273,9.1996,-0.0531,567.093,10,1680.61,-0.09,ok,high,False
Kepler-1638,1.0273,10.0,0.0776,496.3447,10,1483.72,-0.01,upper_boundary,high,False
Kepler-450,1.1636,6.0619,0.1429,55.2382,10,470.83,0.1278,ok,high,False
Kepler-1487,1.1909,6.0619,0.5347,338.8764,10,1002.21,0.4,ok,high,False
Kepler-1098,0.9455,10.0,0.1102,491.4885,10,1032.3,-0.02,upper_boundary,high,False
Kepler-888,0.8636,10.0,-0.151,160.1952,10,418.52,-0.21,upper_boundary,high,False
Kepler-1432,1.0273,10.0,0.0776,647.4915,10,2031.8,0.02,upper_boundary,high,False
Kepler-719,1.0545,9.1996,0.0776,989.0051,10,2304.64,-0.02,ok,high,False
Kepler-1434,1.4909,3.11,0.2735,60.4939,10,771.92,0.19,ok,high,False
Kepler-667,1.0545,10.0,0.2082,549.9498,10,2119.76,0.15,upper_boundary,high,False
Kepler-199,0.9727,0.0316,0.1429,324.0778,10,519.89,0.0,lower_boundary,high,False
Kepler-1608,0.9727,10.0,-0.3469,520.1194,10,4533.13,-0.24,upper_boundary,high,False
Kepler-1134,0.8636,0.0316,0.0449,787.3003,10,954.82,-0.1,lower_boundary,high,False
Kepler-180,0.9727,0.0316,0.1755,310.1089,10,687.1,0.03,lower_boundary,high,False
Kepler-743,0.9455,0.0316,0.1429,80.6465,10,279.62,0.01,lower_boundary,high,False
Kepler-1696,0.9727,10.0,0.0449,814.2367,10,1574.12,-0.04,upper_boundary,high,False
Kepler-860,0.9455,0.0316,0.2082,587.8996,10,996.37,0.09,lower_boundary,high,False
Kepler-252,0.6727,0.0344,-0.249,245.4184,10,377.31,-0.13,ok,high,False
Kepler-1894,0.9182,0.0316,0.1429,706.32,10,909.32,0.0,lower_boundary,high,False
KOI-134,1.2182,5.5767,0.5673,266.4086,10,1114.4,0.427,ok,high,False
Kepler-1260,1.0545,8.4632,-0.0204,1.4315,6,1785.21,0.01,ok,ok,True
Kepler-516,1.2727,3.9944,0.0122,183.1719,10,687.5,0.01,ok,high,False
Kepler-1236,0.8636,0.0316,0.0449,896.2041,10,1030.33,-0.09,lower_boundary,high,False
Kepler-1237,0.9182,0.0316,0.1755,647.8325,10,1051.97,0.12,lower_boundary,high,False
Kepler-466,1.0,9.1996,0.1102,126.5147,10,523.19,-0.01,ok,high,False
Kepler-713,0.9182,10.0,0.1102,560.7526,10,1050.52,-0.03,upper_boundary,high,False
Kepler-1131,0.9455,10.0,0.1755,609.6844,10,1057.07,0.05,upper_boundary,high,False
Kepler-1090,0.9727,0.0316,0.2735,423.6758,10,870.65,0.18,lower_boundary,high,False
Kepler-528,0.9727,10.0,0.1429,365.8884,10,771.83,0.02,upper_boundary,high,False
Kepler-1405,0.9455,10.0,0.1755,1000.3963,10,1399.1,0.03,upper_boundary,high,False
Kepler-1490,0.8636,0.0316,-0.0204,713.2277,10,887.22,-0.08,lower_boundary,high,False
Kepler-379,1.0,10.0,0.1429,249.5415,10,706.59,0.09,upper_boundary,high,False
Kepler-1353,0.7818,0.0316,0.0776,495.9535,10,597.31,-0.06,lower_boundary,high,False
WASP-67,0.8909,0.0316,0.0449,105.7626,10,188.4,-0.07,lower_boundary,high,False
Kepler-292,0.8909,0.0316,0.1429,730.7737,10,1057.29,0.04,lower_boundary,high,False
Kepler-308,0.9182,10.0,0.0776,960.5133,10,1318.16,-0.04,upper_boundary,high,False
Kepler-1551,1.0,10.0,0.0776,812.5352,10,1525.3,0.01,upper_boundary,high,False
Kepler-1785,0.9182,10.0,0.1102,314.6751,10,732.98,0.0,upper_boundary,high,False
Kepler-879,0.9455,10.0,0.1755,333.9079,10,793.62,0.05,upper_boundary,high,False
Kepler-328,1.0545,10.0,0.2082,914.8538,10,2300.9,0.08,upper_boundary,high,False
Kepler-232,0.9727,10.0,0.1755,814.8927,10,1327.52,0.03,upper_boundary,high,False
Kepler-1315,0.8091,0.0316,0.1755,383.3101,10,478.05,0.07,lower_boundary,high,False
Kepler-1987,0.7273,10.0,0.1102,0.4399,6,597.55,0.12,upper_boundary,ok,False
Kepler-972,0.9727,10.0,0.1755,519.4669,10,1169.84,0.04,upper_boundary,high,False
Kepler-1861,1.0273,10.0,0.3061,245.7063,10,808.02,0.26,upper_boundary,high,False
Kepler-954,0.7818,0.0374,0.0122,76.1807,10,214.79,0.02,ok,high,False
Kepler-1180,1.0273,10.0,0.1102,573.114,10,1619.76,0.0,upper_boundary,high,False
Kepler-1610,0.8364,0.0316,0.0449,656.7205,10,867.5,-0.1,lower_boundary,high,False
Kepler-1007,0.8636,0.0316,0.1429,274.7899,10,506.01,0.03,lower_boundary,high,False
Kepler-1856,0.9455,0.0316,0.2735,594.2123,10,833.49,0.14,lower_boundary,high,False
Kepler-784,1.4636,3.11,0.1429,154.1043,10,1287.45,0.1,ok,high,False
Kepler-832,0.9727,10.0,0.0449,853.1959,10,1785.7,-0.08,upper_boundary,high,False
Kepler-340,1.4091,2.0492,-0.0857,165.3291,10,847.01,0.06,ok,high,False
Kepler-1206,0.8364,0.0316,0.2082,659.103,10,772.79,0.07,lower_boundary,high,False
Kepler-119,0.9727,0.0316,0.1429,321.7351,10,690.26,0.01,lower_boundary,high,False
Kepler-1475,1.0,10.0,0.1429,786.1397,10,1528.75,0.03,upper_boundary,high,False
Kepler-500,0.9455,10.0,0.1429,1.602,6,805.55,0.03,upper_boundary,ok,False
Kepler-789,0.9727,10.0,-0.1837,440.4695,10,1466.36,-0.06,upper_boundary,high,False
Kepler-1533,1.1364,6.5893,0.0449,173.2148,10,964.13,0.03,ok,high,False
Kepler-452,0.9727,10.0,0.3388,182.3723,10,546.39,0.21,upper_boundary,high,False
TOI-1064,0.7818,1.2422,0.1429,0.6964,10,68.53,0.05,ok,ok,True
Kepler-806,1.0273,10.0,0.1429,31.8616,10,363.48,0.0,upper_boundary,high,False
Kepler-1404,0.8909,0.0316,0.0449,698.4987,10,964.23,-0.09,lower_boundary,high,False
Kepler-679,0.8636,0.0316,0.0449,587.3233,10,874.84,-0.09,lower_boundary,high,False
Kepler-1959,0.8364,0.0316,0.0776,350.1871,10,487.32,-0.02,lower_boundary,high,False
Kepler-602,1.0,10.0,0.1102,489.0801,10,1122.65,-0.02,upper_boundary,high,False
Kepler-640,1.0,0.0316,0.2735,242.1618,10,543.48,0.15,lower_boundary,high,False
Kepler-1108,0.8909,0.0316,0.0449,563.0289,10,756.26,-0.09,lower_boundary,high,False
Kepler-910,1.1364,6.0619,0.1429,29.8261,10,394.1,0.12,ok,high,False
Kepler-1523,0.9455,0.0316,0.1102,438.4297,10,859.39,0.0,lower_boundary,high,False
Kepler-1607,1.2182,5.5767,0.1755,223.8664,10,1267.29,0.05,ok,high,False
Kepler-255,0.9727,0.0316,0.4041,930.875,10,1023.88,0.3386,lower_boundary,high,False
Kepler-335,1.1091,7.7858,0.1429,323.9536,10,1224.72,0.278,ok,high,False
Kepler-1257,0.9182,0.0316,0.0449,920.704,10,1058.05,-0.09,lower_boundary,high,False
Kepler-817,0.9727,9.1996,0.1429,967.5475,10,1413.33,0.02,ok,high,False
Kepler-1947,0.8909,9.1996,-0.3143,227.5116,10,464.66,-0.44,ok,high,False
Kepler-1502,1.1364,6.0619,-0.0857,398.4775,10,1547.71,0.05,ok,high,False
Kepler-80,0.7,0.067,0.1102,3.9983,10,370.88,0.04,ok,ok,True
Kepler-1724,0.9182,10.0,-0.0857,640.2574,10,1051.67,-0.22,upper_boundary,high,False
Kepler-1738,0.9182,10.0,0.1102,664.4716,10,1252.93,-0.02,upper_boundary,high,False
Kepler-396,0.9727,4.3419,0.2735,14.0597,10,225.45,0.1558,ok,high,False
Kepler-181,0.8636,0.0316,0.0776,356.8719,10,600.66,-0.04,lower_boundary,high,False
Kepler-1585,0.8909,0.0316,0.2082,600.57,10,994.84,0.08,lower_boundary,high,False
Kepler-900,0.7818,0.0316,0.0122,388.1006,10,482.34,-0.01,lower_boundary,high,False
Kepler-525,1.1909,6.0619,0.1755,160.9763,10,1006.32,0.11,ok,high,False
Kepler-1685,0.9727,0.0316,0.3388,962.8283,10,1165.34,0.21,lower_boundary,high,False
Kepler-1497,1.2727,4.7197,0.1102,754.1133,10,3063.25,0.01,ok,high,False
Kepler-15,1.0273,10.0,0.502,334.3086,10,744.51,0.36,upper_boundary,high,False
Kepler-1420,0.8636,0.0316,0.0122,869.9842,10,1017.35,-0.1,lower_boundary,high,False
Kepler-676,0.5364,0.0316,-0.0531,301.6472,10,295.39,-0.02,lower_boundary,high,False
Kepler-1326,1.2727,2.2275,0.0776,0.0408,6,736.09,0.02,ok,ok,True
Kepler-1061,0.9455,10.0,0.1102,176.9423,10,534.77,-0.03,upper_boundary,high,False
Kepler-1739,0.8091,10.0,-0.3796,546.3317,10,771.44,-0.5,upper_boundary,high,False
Kepler-1340,0.9727,9.1996,0.2082,531.2501,10,994.28,0.07,ok,high,False
Kepler-818,0.9455,0.0316,0.0449,637.4775,10,928.05,-0.08,lower_boundary,high,False
HIP 97166,0.8364,9.1996,0.1102,0.8846,10,65.98,0.248,ok,ok,True
Kepler-1886,0.8636,0.0316,-0.151,0.6398,6,1073.22,-0.2,lower_boundary,ok,False
Kepler-1336,1.0273,10.0,0.0776,278.7833,10,1116.53,0.05,upper_boundary,high,False
Kepler-228,1.0,9.1996,0.3061,780.1009,10,1534.53,0.18,ok,high,False
Kepler-1375,1.3545,3.6747,0.1429,256.225,10,1422.21,0.09,ok,high,False
Kepler-394,0.8909,10.0,-0.151,510.6455,10,1028.04,-0.3,upper_boundary,high,False
Kepler-1182,1.0,9.1996,0.1429,614.2524,10,1466.44,0.01,ok,high,False
Kepler-843,0.9455,10.0,0.1755,205.6303,10,1197.62,0.05,upper_boundary,high,False
Kepler-1037,0.8636,0.0316,0.1102,315.9853,10,445.86,-0.03,lower_boundary,high,False
Kepler-1927,1.2727,4.7197,0.2082,183.6785,10,1021.92,0.14,ok,high,False
Kepler-58,0.9455,9.1996,0.2408,537.6266,10,958.32,0.1,ok,high,False
Kepler-1641,0.9727,9.1996,0.1102,472.1682,10,868.95,-0.02,ok,high,False
Kepler-233,0.8636,0.0316,0.0122,524.7874,10,837.75,-0.09,lower_boundary,high,False
Kepler-1226,1.0,10.0,-0.0204,347.3429,10,1125.47,-0.08,upper_boundary,high,False
Kepler-590,1.0799,8.445,0.1102,430.2951,10,1388.26,0.07,ok,high,False
Kepler-1289,0.9727,10.0,0.1102,483.95,10,1059.42,0.02,upper_boundary,high,False
Kepler-731,0.9455,9.1996,0.1429,0.7375,6,1296.24,0.04,ok,ok,True
Kepler-1462,0.9182,0.0316,0.2082,815.6914,10,1007.78,0.06,lower_boundary,high,False
Kepler-873,1.0,10.0,0.2082,593.2404,10,1199.76,0.07,upper_boundary,high,False
Kepler-1935,0.9455,9.1996,-0.0531,572.9039,10,896.17,-0.18,ok,high,False
Kepler-554,0.9182,10.0,0.2735,401.4847,10,688.74,0.14,upper_boundary,high,False
Kepler-534,1.0,10.0,0.1429,269.3169,10,606.09,0.01,upper_boundary,high,False
Kepler-34,1.0545,9.1996,0.0776,396.6602,10,1725.53,-0.07,ok,high,False
Kepler-1857,0.9455,10.0,-0.6735,535.4481,10,815.53,-0.54,upper_boundary,high,False
Kepler-1080,1.3273,3.6747,0.0122,223.9266,10,1360.42,0.09,ok,high,False
Kepler-136,1.0545,8.4632,0.0776,96.1899,10,424.56,0.0002,ok,high,False
Kepler-51,0.9455,0.0316,0.1429,542.1542,10,785.12,0.05,lower_boundary,high,False
Kepler-246,0.8364,0.0374,0.1755,376.216,10,618.29,0.2,ok,high,False
Kepler-744,0.9455,0.0316,0.1429,222.9507,10,456.0,0.0,lower_boundary,high,False
Kepler-193,0.9727,10.0,0.1429,558.9183,10,1015.93,0.0,upper_boundary,high,False
Kepler-1626,1.0818,8.4632,0.1429,416.7345,10,1366.23,0.04,ok,high,False
Kepler-1944,0.9455,10.0,0.6,864.1233,10,1056.94,0.48,upper_boundary,high,False
Kepler-1611,1.4636,3.11,0.1429,5.1764,10,2238.02,0.01,ok,ok,True
Kepler-1591,1.0273,10.0,0.1102,491.1473,10,1392.08,0.01,upper_boundary,high,False
Kepler-472,0.8636,0.0316,0.2735,209.4234,10,305.9,0.16,lower_boundary,high,False
Kepler-1008,0.7818,0.0316,-0.151,127.4092,10,281.59,-0.01,lower_boundary,high,False
Kepler-1232,0.8909,0.0316,0.1429,459.5542,10,637.96,0.06,lower_boundary,high,False
Kepler-1228,0.7818,0.0316,-0.0857,373.3278,10,511.15,-0.18,lower_boundary,high,False
Kepler-1819,0.9727,10.0,0.3388,840.4628,10,1251.29,0.21,upper_boundary,high,False
Kepler-251,0.8909,1.2422,-0.0204,1.0533,6,880.9,-0.06,ok,ok,True
Kepler-535,1.0273,10.0,0.2408,164.5931,10,679.84,0.13,upper_boundary,high,False
Kepler-1963,0.8909,0.0316,0.0122,246.3488,10,488.34,-0.1,lower_boundary,high,False
Kepler-1847,0.9455,10.0,-0.1184,1036.9417,10,1771.41,-0.18,upper_boundary,high,False
Kepler-1200,0.7273,0.0316,-0.0857,532.5272,10,594.85,0.04,lower_boundary,high,False
Kepler-810,0.9727,10.0,0.2408,1078.2385,10,1462.98,0.1,upper_boundary,high,False
Kepler-1941,1.0273,10.0,0.0776,566.3353,10,1455.28,-0.06,upper_boundary,high,False
Kepler-559,0.9455,0.0316,0.1755,9.2642,10,762.14,0.03,lower_boundary,ok,False
Kepler-221,0.8364,1.8852,0.0122,2.7983,10,378.22,0.0616,ok,ok,True
Kepler-1722,0.8909,0.0316,-0.0531,466.4418,10,753.96,-0.2,lower_boundary,high,False
Kepler-1519,1.0273,10.0,0.0776,523.4977,10,1473.56,-0.07,upper_boundary,high,False
Kepler-757,0.9727,10.0,0.1429,629.4674,10,1074.63,0.02,upper_boundary,high,False
HATS-35,1.0273,10.0,0.1755,149.4123,10,525.34,0.21,upper_boundary,high,False
Kepler-1729,0.7273,0.0316,-0.151,447.5771,10,576.8,-0.06,lower_boundary,high,False
Kepler-1681,1.0,10.0,0.2408,522.1168,10,950.7,0.1064,upper_boundary,high,False
Kepler-1824,0.9727,10.0,0.3388,443.3732,10,1011.68,0.2,upper_boundary,high,False
Kepler-1820,0.9455,10.0,0.2082,1041.8597,10,1380.53,0.07,upper_boundary,high,False
Kepler-1150,0.7818,0.0344,0.1429,230.1545,10,356.47,0.01,ok,high,False
Kepler-1884,0.9455,10.0,-0.1184,677.0322,10,1436.66,-0.2,upper_boundary,high,False
Kepler-963,0.9182,0.0316,0.1102,546.0405,10,751.93,-0.02,lower_boundary,high,False
Kepler-1862,0.8636,10.0,-0.1184,1177.1928,10,1268.72,-0.24,upper_boundary,high,False
Kepler-998,1.0,10.0,0.2082,371.507,10,994.92,0.07,upper_boundary,high,False
Kepler-1046,1.0,10.0,0.1429,177.1187,10,635.76,0.0,upper_boundary,high,False
Kepler-171,1.0,0.0316,0.3061,506.3106,10,845.73,0.17,lower_boundary,high,False
Kepler-1875,0.9455,10.0,-0.6408,499.0683,10,1261.33,-0.5,upper_boundary,high,False
Kepler-361,1.0273,10.0,0.1102,225.1445,10,927.7,0.04,upper_boundary,high,False
Kepler-1720,0.8636,0.0344,0.0776,396.5408,10,617.43,-0.04,ok,high,False
Kepler-40,1.3818,3.6747,0.2082,492.2373,10,2093.97,0.1,ok,high,False
Kepler-482,0.7818,0.0316,-0.0857,104.612,10,307.18,-0.13,lower_boundary,high,False
Kepler-1708,0.9727,10.0,0.1102,841.0586,10,1626.69,0.0,upper_boundary,high,False
Kepler-6,1.0273,9.1996,0.4694,225.6464,10,574.98,0.34,ok,high,False
Kepler-564,0.9182,10.0,0.1102,614.5546,10,856.63,-0.01,upper_boundary,high,False
Kepler-1755,0.9455,9.1996,-0.1184,575.4006,10,964.84,-0.26,ok,high,False
Kepler-1816,0.7273,0.0316,-0.3796,277.2383,10,440.9,-0.24,lower_boundary,high,False
Kepler-366,1.1091,6.5893,-0.1184,535.9597,10,1951.88,-0.06,ok,high,False
Kepler-1212,1.0,10.0,0.1755,640.8693,10,1328.95,0.03,upper_boundary,high,False
Kepler-353,0.6455,0.0316,-0.0857,426.4099,10,383.16,-0.12,lower_boundary,high,False
Kepler-524,1.0273,10.0,0.1102,281.8631,10,1034.78,0.02,upper_boundary,high,False
Kepler-755,0.8636,0.0316,0.1102,226.2432,10,401.05,-0.01,lower_boundary,high,False
Kepler-631,1.0273,10.0,0.3388,247.2017,10,760.33,0.23,upper_boundary,high,False
Kepler-1249,1.0273,10.0,0.0776,629.7959,10,1973.23,0.06,upper_boundary,high,False
Kepler-1532,0.9182,0.0316,0.0449,494.2637,10,804.48,-0.1,lower_boundary,high,False
Kepler-1561,0.9727,0.0316,0.1755,510.6178,10,816.18,0.04,lower_boundary,high,False
Kepler-932,0.8636,0.0316,0.0449,259.6086,10,464.43,-0.01,lower_boundary,high,False
Kepler-984,0.8909,0.0316,-0.0857,2.384,10,449.73,0.04,lower_boundary,ok,False
Kepler-39,1.0273,9.1996,0.2408,586.7877,10,1046.27,0.1,ok,high,False
Kepler-1112,1.1091,7.7858,0.1755,605.6765,10,1651.55,0.04,ok,high,False
Kepler-112,0.8091,9.1996,-0.3796,230.2335,10,508.6,-0.5221,ok,high,False
Kepler-249,0.4273,0.0344,-0.3143,107.1367,10,190.03,-0.34,ok,high,False
Kepler-623,0.8909,0.0316,0.0776,574.1677,10,736.02,-0.03,lower_boundary,high,False
Kepler-1363,0.7818,0.0316,0.0449,523.3517,10,544.63,-0.09,lower_boundary,high,False
Kepler-123,0.9727,10.0,-0.0531,507.2355,10,978.5,-0.08,upper_boundary,high,False
Kepler-670,0.9182,10.0,0.2082,601.012,10,932.88,0.07,upper_boundary,high,False
Kepler-507,1.0,10.0,0.1102,115.7435,10,386.01,0.06,upper_boundary,high,False
Kepler-1119,1.0273,10.0,0.0776,630.183,10,1721.06,0.03,upper_boundary,high,False
Kepler-1342,0.8909,0.0316,0.1102,507.7899,10,860.34,0.03,lower_boundary,high,False
Kepler-1783,0.8091,0.0316,-0.0857,81.2856,10,263.19,-0.16,lower_boundary,high,False
Kepler-665,0.8091,0.0316,0.1102,573.3738,10,601.42,-0.03,lower_boundary,high,False
Kepler-107,1.0818,8.4632,0.4041,99.4694,10,515.29,0.321,ok,high,False
Kepler-1983,0.8091,0.0441,0.2082,431.4964,10,421.47,0.12,ok,high,False
KIC 9663113,1.3818,3.3805,0.0776,300.7516,10,1635.77,0.1436,ok,high,False
Kepler-734,1.0,10.0,-0.0204,516.9182,10,1143.08,-0.17,upper_boundary,high,False
Kepler-654,1.0273,10.0,0.0776,207.3729,10,952.45,0.04,upper_boundary,high,False
Kepler-96,1.0,2.0492,0.0776,0.4482,10,122.87,0.04,ok,ok,True
Kepler-159,0.6727,9.1996,-0.0204,4.7898,10,369.7,-0.04,ok,ok,True
Kepler-1220,0.9455,0.0316,0.0776,481.5416,10,920.49,-0.04,lower_boundary,high,False
Kepler-1331,0.6182,0.0728,-0.0857,425.1799,10,322.66,0.05,ok,high,False
Kepler-1680,0.7545,0.0406,-0.0857,199.5504,10,310.66,-0.07,ok,high,False
Kepler-203,0.9455,10.0,0.1755,312.3927,10,702.87,0.08,upper_boundary,high,False
Kepler-991,0.6455,5.5767,-0.1837,5.0063,10,390.9,-0.25,ok,ok,True
Kepler-11,0.9455,10.0,0.1755,247.0831,10,634.54,0.05,upper_boundary,high,False
Kepler-1543,1.0818,8.4632,0.2082,290.0576,10,942.66,0.07,ok,high,False
Kepler-1994,0.9455,9.1996,0.3061,27.8904,10,240.36,0.16,ok,high,False
Kepler-1889,0.9182,10.0,-0.151,842.0429,10,1371.86,-0.28,upper_boundary,high,False
Kepler-501,0.9727,10.0,0.1102,570.7323,10,1129.23,-0.03,upper_boundary,high,False
Kepler-797,1.0273,10.0,0.0776,432.5928,10,1269.99,-0.02,upper_boundary,high,False
Kepler-1642,0.8364,0.0316,0.0449,282.1989,10,410.58,-0.01,lower_boundary,high,False
TOI-1181,1.3273,3.9944,0.2735,0.8613,10,309.39,0.38,ok,ok,True
Kepler-1219,1.4091,3.11,-0.0531,56.5029,10,858.22,0.05,ok,high,False
Kepler-348,0.9727,10.0,-0.0857,232.6632,10,576.33,-0.03,upper_boundary,high,False
Kepler-655,1.0,10.0,0.1429,266.5076,10,748.53,0.0,upper_boundary,high,False
Kepler-966,1.0,10.0,0.1755,433.4622,10,1031.53,0.04,upper_boundary,high,False
Kepler-1716,0.6727,0.0522,-0.3143,3.6745,10,193.31,-0.24,ok,ok,True
Kepler-133,1.1091,8.4632,0.3388,92.249,10,681.39,0.282,ok,high,False
Kepler-162,0.9727,10.0,0.2408,331.6952,10,833.14,0.1,upper_boundary,high,False
Kepler-1544,0.7818,0.0344,0.0122,194.8425,10,335.77,0.02,ok,high,False
Kepler-1822,0.7818,0.0316,-0.2816,63.424,10,876.54,-0.32,lower_boundary,high,False
Kepler-367,0.7818,5.1303,0.3061,26.6752,10,186.14,0.1974,ok,high,False
Kepler-875,0.9182,10.0,0.1755,35.2247,10,1113.19,0.03,upper_boundary,high,False
Kepler-257,0.9182,0.0316,0.502,506.1786,10,767.4,0.4,lower_boundary,high,False
HAT-P-41,1.1909,5.5767,0.1755,9.3294,10,346.92,0.21,ok,ok,True
Kepler-1622,1.0,10.0,0.0776,190.0226,10,758.81,0.04,upper_boundary,high,False
KOI-94,1.0,10.0,0.0449,49.9973,10,471.03,0.0228,upper_boundary,high,False
Kepler-1305,0.9455,10.0,0.1429,909.6229,10,1414.74,0.01,upper_boundary,high,False
Kepler-1668,0.9182,10.0,0.2082,0.2123,6,1388.93,0.07,upper_boundary,ok,False
Kepler-99,0.7818,0.0374,0.0449,51.4551,10,207.44,0.18,ok,high,False
Kepler-1004,1.0545,9.1996,0.0449,203.1828,10,1141.17,-0.04,ok,high,False
Kepler-1378,0.6455,1.5955,-0.0204,1.8747,6,495.8,0.03,ok,ok,True
Kepler-1233,1.0,10.0,0.1429,646.9834,10,1179.3,0.02,upper_boundary,high,False
Kepler-852,1.3545,3.9944,0.2735,386.1228,10,1525.55,0.22,ok,high,False
Kepler-764,0.9455,0.0316,0.0776,829.9574,10,1011.75,-0.06,lower_boundary,high,False
TOI-1443,0.7545,0.0316,-0.4122,1.2366,10,85.66,-0.294,lower_boundary,ok,False
Kepler-1011,0.8909,0.0316,0.1755,513.896,10,749.21,0.08,lower_boundary,high,False
Kepler-1527,1.0273,10.0,0.1429,597.5402,10,1592.81,0.07,upper_boundary,high,False
Kepler-1669,0.7,0.0316,-0.1184,537.2201,10,532.98,-0.2,lower_boundary,high,False
Kepler-1057,0.9727,0.0316,0.1429,703.364,10,1183.8,0.01,lower_boundary,high,False
KOI-12,1.2455,3.6747,0.0122,34.6498,10,397.68,0.0815,ok,high,False
Kepler-711,0.8091,0.0316,0.0449,376.731,10,622.53,-0.04,lower_boundary,high,False
Kepler-1215,0.9182,0.0316,0.0776,331.1171,10,654.68,0.01,lower_boundary,high,False
Kepler-289,0.9455,10.0,0.1755,431.8876,10,711.58,0.05,upper_boundary,high,False
Kepler-1154,1.0,9.1996,-0.0204,1.6349,6,1493.32,0.04,ok,ok,True
Kepler-1645,1.0,10.0,0.1102,10.8859,10,1173.09,0.04,upper_boundary,high,False
Kepler-1997,0.9727,10.0,0.0449,941.1633,10,1472.36,-0.06,upper_boundary,high,False
Kepler-899,0.9182,10.0,0.0776,716.519,10,1214.32,-0.06,upper_boundary,high,False
Kepler-538,0.8909,4.7197,-0.0531,1.146,10,154.77,-0.09,ok,ok,True
Kepler-1229,0.5364,0.0316,-0.1837,292.9388,10,265.7,-0.06,lower_boundary,high,False
Kepler-582,0.8637,0.0316,0.1102,373.0529,10,607.84,0.01,lower_boundary,high,False
Kepler-1630,0.7,0.0316,-0.3796,143.2685,10,327.29,-0.46,lower_boundary,high,False
Kepler-309,0.8636,0.0316,0.4041,525.2539,10,543.71,0.27,lower_boundary,high,False
Kepler-1930,0.8091,7.7858,0.3388,38.0446,10,272.81,0.22,ok,high,False
Kepler-913,0.9727,10.0,-0.4122,138.4043,10,963.36,-0.52,upper_boundary,high,False
Kepler-1546,0.9182,0.0316,0.1429,539.4377,10,893.84,0.01,lower_boundary,high,False
Kepler-1621,1.0273,10.0,0.1429,630.9639,10,1542.39,0.03,upper_boundary,high,False
Kepler-433,1.1636,5.5767,-0.1184,488.6239,10,1852.83,-0.01,ok,high,False
Kepler-1428,1.4364,3.6747,0.4367,210.6836,10,1508.27,0.35,ok,high,False
Kepler-526,1.0818,9.1996,0.4694,151.2769,10,682.03,0.34,ok,high,False
Kepler-1800,0.9455,0.0316,0.2082,6.7096,10,352.61,0.08,lower_boundary,ok,False
Kepler-863,0.9727,10.0,0.1102,828.2803,10,1445.75,-0.03,upper_boundary,high,False
Kepler-567,0.8636,0.0316,0.1102,334.604,10,559.57,0.0,lower_boundary,high,False
Kepler-550,0.8636,0.0316,0.1102,320.6026,10,521.61,-0.02,lower_boundary,high,False
HAT-P-11,0.8364,1.3503,0.4041,0.1875,6,37.81,0.31,ok,ok,True
Kepler-1436,1.1636,5.5767,-0.1184,477.0399,10,2410.01,-0.01,ok,high,False
Kepler-115,0.9455,10.0,0.0449,219.0864,10,610.85,-0.0499,upper_boundary,high,False
Kepler-1092,0.9455,10.0,0.0449,645.5709,10,974.72,-0.09,upper_boundary,high,False
Kepler-865,0.8909,0.0316,0.1102,365.653,10,579.02,-0.01,lower_boundary,high,False
Kepler-1650,0.2364,0.0344,-0.249,256.8544,10,133.37,-0.11,ok,high,False
Kepler-536,0.9455,0.0316,0.1429,208.2188,10,476.66,0.0,lower_boundary,high,False
Kepler-1757,0.8091,0.0316,-0.151,612.7781,10,798.88,-0.24,lower_boundary,high,False
Kepler-862,0.9455,0.0316,0.1755,658.4234,10,939.84,0.04,lower_boundary,high,False
Kepler-1121,1.1091,7.1626,0.1755,92.5365,10,483.58,0.12,ok,high,False
Kepler-307,0.9727,0.0316,0.3061,256.3479,10,574.36,0.19,lower_boundary,high,False
Kepler-1758,1.0545,10.0,0.2735,641.2552,10,1471.7,0.16,upper_boundary,high,False
Kepler-663,0.9182,0.0316,0.1755,763.4786,10,1028.09,0.03,lower_boundary,high,False
Kepler-1259,0.8909,0.0316,0.0776,739.3998,10,791.97,-0.07,lower_boundary,high,False
Kepler-32,0.5636,0.0374,-0.1184,271.0558,10,319.73,0.0,ok,high,False
Kepler-1238,1.0545,9.1996,0.1755,48.7798,10,1591.09,0.05,ok,high,False
Kepler-87,0.9727,10.0,-0.0531,476.4444,10,1240.83,-0.17,upper_boundary,high,False
Kepler-1176,0.9182,0.0316,0.1102,575.6397,10,835.96,-0.01,lower_boundary,high,False
Kepler-990,0.9727,0.0316,0.1429,373.7325,10,787.02,0.01,lower_boundary,high,False
Kepler-1672,1.0,3.9944,-0.1184,320.4315,10,392.63,-0.25,ok,high,False
Kepler-1383,1.0545,9.1996,0.1102,352.1794,10,1016.77,0.03,ok,high,False
Kepler-1666,0.9727,10.0,-0.0531,837.8967,10,1418.29,-0.2,upper_boundary,high,False
Kepler-1565,0.7,0.0522,-0.1837,0.1878,6,625.26,-0.16,ok,ok,True
Kepler-1784,0.9455,0.0316,0.2408,47.5777,10,876.45,0.1,lower_boundary,high,False
Kepler-414,0.9727,0.0316,0.3061,136.7406,10,408.76,0.18,lower_boundary,high,False
Kepler-141,0.8909,0.0316,0.3061,207.3701,10,301.32,0.2643,lower_boundary,high,False
Kepler-1954,0.8909,10.0,-0.1184,938.9496,10,1369.45,-0.24,upper_boundary,high,False
Kepler-1765,0.9182,0.0316,0.1102,490.125,10,756.67,0.04,lower_boundary,high,False
Kepler-315,0.8636,10.0,-0.1837,719.7887,10,1112.95,-0.27,upper_boundary,high,False
Kepler-143,1.0,10.0,0.1102,281.7367,10,800.15,-0.01,upper_boundary,high,False
Kepler-18,0.9727,0.0316,0.3388,173.6576,10,431.23,0.19,lower_boundary,high,False
Kepler-1923,2.7727,0.4962,0.1102,350.2066,10,11352.9,0.16,ok,high,False
Kepler-1812,1.0,10.0,0.2408,656.6248,10,1430.54,0.1,upper_boundary,high,False
Kepler-1485,1.0,9.1996,0.1102,180.5569,10,610.36,0.02,ok,high,False
Kepler-568,0.5364,0.0792,-0.0204,51.6047,10,130.54,0.11,ok,high,False
Kepler-912,1.0545,9.1996,0.0776,627.7161,10,2064.05,0.02,ok,high,False
Kepler-919,1.0,10.0,0.2082,575.0735,10,1141.37,0.07,upper_boundary,high,False
Kepler-1508,1.0273,10.0,0.0776,303.058,10,1264.23,0.01,upper_boundary,high,False
Kepler-1647,1.1091,6.0619,-0.2163,10.5707,10,1175.76,-0.14,ok,high,False
Kepler-918,0.9455,9.1996,0.2082,580.9107,10,988.74,0.06,ok,high,False
Kepler-1586,1.0,9.1996,0.2082,50.8727,10,556.19,0.06,ok,high,False
PH1,1.5727,2.632,0.2082,257.878,10,1910.42,0.21,ok,high,False
Kepler-125,0.5364,10.0,-0.1184,4.338,10,183.25,-0.14,upper_boundary,ok,False
Kepler-512,1.0273,9.1996,0.3388,153.5112,10,470.72,0.22,ok,high,False
Kepler-313,1.1636,7.1626,0.3388,371.096,10,1244.41,0.26,ok,high,False
Kepler-1167,0.8091,0.0316,0.0449,644.9212,10,812.69,-0.05,lower_boundary,high,False
Kepler-930,1.0,10.0,0.1429,8.1677,10,853.33,0.04,upper_boundary,ok,False
Kepler-223,1.0545,10.0,0.2408,579.5014,10,1922.38,0.1,upper_boundary,high,False
Kepler-1039,0.7273,0.0374,-0.1184,180.686,10,305.18,0.01,ok,high,False
Kepler-29,0.9727,9.1996,-0.5429,363.207,10,875.27,-0.44,ok,high,False
KOI-1599,1.0,9.1996,0.2082,723.0912,10,1106.15,0.06,ok,high,False
Kepler-614,0.8364,0.0316,0.0122,462.4344,10,527.43,-0.07,lower_boundary,high,False
Kepler-17,0.9727,8.4632,0.4041,492.3054,10,695.77,0.26,ok,high,False
Kepler-312,1.1091,7.7858,0.1755,134.8977,10,772.21,0.15,ok,high,False
Kepler-1893,0.9727,10.0,0.3061,622.3313,10,1062.37,0.16,upper_boundary,high,False
Kepler-1189,0.9455,10.0,0.2082,418.0511,10,768.13,0.08,upper_boundary,high,False
Kepler-1683,0.9455,0.0316,0.3061,405.0624,10,728.95,0.16,lower_boundary,high,False
Kepler-666,1.0,10.0,0.1429,757.4471,10,1565.99,0.01,upper_boundary,high,False
Kepler-1759,0.8091,0.0344,0.1102,288.1974,10,382.96,-0.02,ok,high,False
Kepler-929,1.0273,10.0,0.0776,468.4282,10,1298.28,-0.04,upper_boundary,high,False
Kepler-318,0.9727,9.1996,0.4694,278.3679,10,486.57,0.332,ok,high,False
Kepler-1677,1.0,10.0,0.2408,351.6435,10,744.01,0.108,upper_boundary,high,False
Kepler-965,0.9727,8.4632,0.1429,24.8524,10,574.35,0.03,ok,high,False
Kepler-553,0.9182,0.0316,0.2082,412.9056,10,731.48,0.152,lower_boundary,high,False
Kepler-911,1.1636,5.5767,-0.0531,38.953,10,562.3,0.03,ok,high,False
Kepler-1840,0.8091,0.0316,0.1429,393.3183,10,508.2,0.14,lower_boundary,high,False
Kepler-949,0.8364,0.0316,0.0776,396.7978,10,478.46,0.01,lower_boundary,high,False
Kepler-424,0.9455,10.0,0.5673,340.7025,10,690.75,0.44,upper_boundary,high,False
Kepler-720,0.9182,10.0,0.1429,200.5267,10,1057.67,0.0,upper_boundary,high,False
Kepler-186,0.5091,0.048,-0.3796,91.9464,10,176.55,-0.28,ok,high,False
Kepler-532,0.8364,0.0344,0.1102,193.539,10,310.37,0.0,ok,high,False
Kepler-1390,0.9727,0.0316,0.1102,413.7675,10,730.17,-0.01,lower_boundary,high,False
Kepler-1416,1.0,10.0,0.1755,377.3084,10,937.88,0.03,upper_boundary,high,False
Kepler-179,0.9182,0.0316,0.2408,378.0058,10,601.78,0.12,lower_boundary,high,False
Kepler-1309,0.8364,0.0316,0.1102,710.737,10,799.46,-0.03,lower_boundary,high,False
Kepler-445,0.2364,0.0935,0.1429,213.9996,10,122.16,0.27,ok,high,False
Kepler-521,1.1909,6.0619,0.2735,151.0618,10,828.67,0.25,ok,high,False
Kepler-1316,0.9727,9.1996,0.1429,63.186,10,777.89,0.03,ok,high,False
Kepler-1066,0.9182,0.0316,0.1102,87.9159,10,340.1,-0.03,lower_boundary,high,False
Kepler-1545,0.8909,0.0316,0.0776,738.531,10,728.08,-0.06,lower_boundary,high,False
Kepler-463,0.8636,10.0,-0.1837,141.8974,10,392.51,-0.28,upper_boundary,high,False
Kepler-1252,0.9182,0.0316,0.1102,378.1671,10,648.86,0.03,lower_boundary,high,False
Kepler-1510,1.0273,10.0,0.0776,686.7591,10,1661.09,0.04,upper_boundary,high,False
Kepler-1038,0.8636,0.0316,0.2082,392.3464,10,562.81,0.16,lower_boundary,high,False
Kepler-1838,1.1091,7.7858,0.1755,42.9658,10,448.51,0.04,ok,high,False
Kepler-917,0.9727,10.0,-0.4122,727.4786,10,1716.97,-0.38,upper_boundary,high,False
Kepler-1161,0.7,0.0316,-0.2163,462.9046,10,556.98,-0.35,lower_boundary,high,False
Kepler-1892,0.8364,0.0316,-0.1184,751.1326,10,868.24,-0.22,lower_boundary,high,False
Kepler-471,1.1636,6.0619,0.0449,389.699,10,1270.78,0.07,ok,high,False
Kepler-539,0.9182,8.4632,0.1102,67.3944,10,303.22,-0.01,ok,high,False
Kepler-272,0.9455,10.0,0.1755,488.6069,10,898.51,0.04,upper_boundary,high,False
Kepler-382,0.9455,10.0,0.2082,551.7566,10,911.59,0.082,upper_boundary,high,False
Kepler-1967,0.8364,0.0374,0.4041,255.3306,10,248.21,0.32,ok,high,False
Kepler-48,0.9182,0.0316,0.2408,176.8924,10,307.05,0.17,lower_boundary,high,False
TOI-2194,0.6727,8.4632,-0.2816,0.4227,6,19.53,-0.372,ok,ok,True
Kepler-1876,1.0273,8.4632,-0.0204,13.4316,10,258.53,0.01,ok,high,False
Kepler-1267,0.9455,10.0,0.2082,1051.5197,10,1365.68,0.07,upper_boundary,high,False
Kepler-703,0.9182,10.0,0.1429,37.1911,10,1170.83,0.05,upper_boundary,high,False
Kepler-118,0.8909,0.0316,0.2408,378.7289,10,571.61,0.18,lower_boundary,high,False
Kepler-803,0.9727,9.1996,0.1429,362.212,10,635.33,0.02,ok,high,False
Kepler-305,0.8636,0.0316,0.1755,556.4903,10,852.95,0.09,lower_boundary,high,False
Kepler-1114,0.8636,0.0344,0.0449,254.9824,10,416.24,-0.08,ok,high,False
Kepler-1770,0.9455,0.0316,0.2408,278.5808,10,581.16,0.1,lower_boundary,high,False
Kepler-329,0.6727,0.0316,-0.3143,431.8985,10,436.42,-0.44,lower_boundary,high,False
Kepler-1911,0.9182,9.1996,0.1429,93.2782,10,270.03,0.0,ok,high,False
Kepler-695,0.9455,0.0316,0.1102,797.6739,10,834.34,-0.01,lower_boundary,high,False
Kepler-519,0.8909,0.0316,0.1102,84.9769,10,245.65,0.01,lower_boundary,high,False
Kepler-1938,0.7,0.0316,-0.2816,397.1689,10,421.24,-0.22,lower_boundary,high,False
Kepler-1848,0.8364,0.0316,0.1429,204.6948,10,308.7,0.0,lower_boundary,high,False
Kepler-5,1.1091,7.7858,0.1755,42.351,10,875.61,0.04,ok,high,False
TOI-1899,0.6182,7.1626,0.1429,12.477,10,127.95,0.28,ok,high,False
Kepler-399,1.0,10.0,0.2735,502.3588,10,890.32,0.14,upper_boundary,high,False
Kepler-1056,0.9727,10.0,0.1429,422.5882,10,966.65,0.02,upper_boundary,high,False
Kepler-1955,1.0,10.0,0.2735,86.9126,10,441.59,0.14,upper_boundary,high,False
Kepler-718,0.9727,10.0,0.2082,786.7789,10,1234.23,0.06,upper_boundary,high,False
Kepler-1929,1.0545,8.4632,-0.0204,45.3413,10,505.32,-0.02,ok,high,False
TOI-6002,0.2364,0.8898,-0.151,0.4982,6,32.04,-0.18,ok,ok,True
Kepler-999,1.0818,7.7858,0.0776,57.8841,10,547.39,0.05,ok,high,False
Kepler-1397,1.0789,8.4632,0.1102,274.721,10,1184.77,0.0,ok,high,False
Kepler-1990,1.0,9.1996,0.3388,147.6943,10,394.6,0.21,ok,high,False
Kepler-1091,0.9182,10.0,0.1102,569.0595,10,901.95,0.0,upper_boundary,high,False
Kepler-187,1.0273,10.0,0.0776,374.5701,10,1118.36,-0.04,upper_boundary,high,False
Kepler-462,1.3818,2.0492,-0.0857,93.7698,10,592.49,0.05,ok,high,False
Kepler-267,0.5364,0.142,-0.1837,3.3848,10,268.52,-0.18,ok,ok,True
Kepler-1832,0.7545,0.0316,-0.4122,395.1451,10,492.17,-0.54,lower_boundary,high,False
Kepler-1570,1.0273,10.0,0.0776,320.0212,10,917.68,-0.04,upper_boundary,high,False
Kepler-352,0.7818,0.0344,-0.151,129.0209,10,249.31,-0.11,ok,high,False
Kepler-749,0.8091,0.0316,0.0122,617.0117,10,747.4,-0.11,lower_boundary,high,False
Kepler-548,0.8909,0.0316,0.0776,412.1178,10,754.97,0.0,lower_boundary,high,False
Kepler-1768,1.0,9.1996,0.2735,214.1453,10,630.13,0.14,ok,high,False
Kepler-1118,0.9727,0.0316,0.1429,677.0615,10,893.47,0.0,lower_boundary,high,False
Kepler-44,1.0,10.0,0.2408,508.3755,10,1114.19,0.15,upper_boundary,high,False
Kepler-1815,0.9182,0.0316,0.0776,812.9462,10,934.72,-0.06,lower_boundary,high,False
HD 189733,0.7818,7.1626,-0.0531,0.0813,6,19.76,-0.02,ok,ok,True
Kepler-560,0.2636,0.0316,-0.5102,99.4526,10,109.02,-0.39,lower_boundary,high,False
Kepler-1802,0.7273,0.0316,-0.0531,307.4655,4,634.75,0.0,lower_boundary,high,False
Kepler-1921,1.1364,6.5893,0.0449,259.4739,10,879.09,0.02,ok,high,False
Kepler-1518,1.1091,7.7858,0.1755,335.4616,10,919.05,0.06,ok,high,False
Kepler-1360,1.3,4.3419,0.2082,277.2983,10,1485.89,0.06,ok,high,False
Kepler-979,0.8636,0.0316,0.1102,381.1961,10,551.87,-0.02,lower_boundary,high,False
Kepler-1779,0.9455,9.1996,0.3061,538.8511,10,946.21,0.16,ok,high,False
Kepler-1643,0.8636,0.0316,0.1102,169.4574,10,340.23,-0.01,lower_boundary,high,False
Kepler-1593,0.7273,0.0316,-0.1184,551.7816,10,635.41,0.02,lower_boundary,high,False
Kepler-79,1.0,10.0,0.0449,282.8248,10,997.15,-0.0731,upper_boundary,high,False
HD 235088,0.8364,1.3503,0.0122,2.9002,10,41.21,-0.02,ok,ok,True
Kepler-1794,0.7818,0.0316,0.0449,414.5802,10,560.5,0.02,lower_boundary,high,False
Kepler-1878,0.9182,10.0,-0.151,842.1104,10,1406.89,-0.26,upper_boundary,high,False
Kepler-106,0.9182,10.0,-0.0204,159.5155,10,439.14,-0.12,upper_boundary,high,False
Kepler-946,0.9455,10.0,0.0449,659.5425,10,1116.8,-0.09,upper_boundary,high,False
Kepler-1571,0.9727,10.0,0.1755,375.7216,10,665.0,0.04,upper_boundary,high,False
Kepler-1915,0.9455,10.0,0.0776,1113.9348,10,1465.34,-0.06,upper_boundary,high,False
Kepler-1804,0.8091,0.0374,0.1429,213.195,10,423.1,0.1,ok,high,False
Kepler-1796,0.8909,10.0,-0.0531,545.2039,10,796.23,-0.16,upper_boundary,high,False
Kepler-1705,0.9455,9.1996,-0.0531,24.9307,6,1589.68,-0.2,ok,high,False
TOI-5799,0.3727,0.3008,-0.1184,7.2263,6,27.85,0.01,ok,ok,True
Kepler-436,0.6727,0.0616,-0.0204,70.074,10,576.79,0.01,ok,high,False
HD 191939,0.8909,0.0316,-0.1184,2.2318,10,53.44,-0.15,lower_boundary,ok,False
TOI-2093,0.7,9.1996,0.0122,0.8161,10,82.39,-0.08,ok,ok,True
TOI-5542,0.9182,10.0,-0.0857,142.8025,10,353.67,-0.21,upper_boundary,high,False
WASP-80,0.6182,6.5893,0.0122,0.569,10,49.64,-0.13,ok,ok,True
HAT-P-34,1.3273,2.4214,0.1429,19.032,10,251.91,0.22,ok,high,False
Qatar-1,0.8091,0.0406,0.1102,22.1163,10,187.06,0.171,ok,high,False
WASP-81,0.9182,10.0,-0.2163,208.665,10,398.94,-0.36,upper_boundary,high,False
TOI-3523 A,0.9455,10.0,-0.3143,152.0799,10,603.67,-0.366,upper_boundary,high,False
WASP-74,1.2182,4.7197,0.3714,0.6053,10,148.75,0.39,ok,ok,True
KELT-21,1.4909,1.5955,-0.3796,32.8865,10,483.25,-0.405,ok,high,False
TOI-5795,0.8909,10.0,-0.151,22.4159,10,160.8,-0.27,upper_boundary,high,False
TOI-5800,0.7818,0.0406,-0.0204,0.8571,10,42.68,-0.04,ok,ok,True
WASP-68,1.1091,7.7858,0.2735,0.9057,10,228.37,0.22,ok,ok,True
TrES-5,0.9182,0.0316,0.2735,165.3591,10,358.57,0.2,lower_boundary,high,False
HAT-P-49,1.4636,2.0492,0.0122,9.3086,10,344.41,0.07,ok,ok,True
TOI-5261,1.3545,4.3419,0.2408,1061.1925,8,4635.32,0.254,ok,high,False
TOI-1444,0.9182,0.0344,0.0449,0.585,10,125.12,0.146,ok,ok,True
Ross 176,0.5909,0.4565,-0.151,0.2085,6,46.45,-0.19,ok,ok,True
TIC 365102760,1.0818,9.1996,0.2082,24.3792,10,556.98,0.09,ok,high,False
WASP-110,0.8909,0.0316,-0.0204,192.0371,10,275.33,-0.15,lower_boundary,high,False
HAT-P-23,1.0,9.1996,0.2408,87.6144,10,362.72,0.15,ok,high,False
TOI-4487 A,1.1091,7.7858,0.1755,118.0615,10,477.21,0.216,ok,high,False
HD 332231,1.1091,4.7197,0.0776,1.3593,10,80.47,0.043,ok,ok,True
GJ 1252,0.4273,0.327,-0.0204,6.9984,6,20.38,0.1,ok,ok,True
NGTS-25,0.9182,0.0316,0.1755,342.3908,10,514.81,0.12,lower_boundary,high,False
TOI-2207,1.2455,4.7197,0.3061,75.2839,10,370.49,0.181,ok,high,False
WASP-2,0.8636,0.0316,0.0122,1.5564,10,151.01,0.12,lower_boundary,ok,False
KELT-9,2.1727,0.5863,0.1102,0.9577,10,206.18,-0.03,ok,ok,True
WASP-88,1.3818,3.11,0.0449,1.7982,10,548.77,-0.08,ok,ok,True
TOI-1075,0.5636,0.1201,-0.0857,0.4444,10,61.42,-0.08,ok,ok,True
TIC 393818343,1.0273,5.5767,0.2735,1.674,10,93.94,0.318,ok,ok,True
TOI-6008,0.2364,1.1428,0.1755,18.7554,10,22.99,0.3,ok,high,False
WASP-7,1.2727,2.2275,0.0449,0.2441,10,160.8,0.0,ok,ok,True
HATS-15,1.0273,10.0,0.1429,618.0474,10,1098.31,0.0,upper_boundary,high,False
NGTS-21,0.7545,0.0316,-0.151,522.5362,10,572.45,-0.26,lower_boundary,high,False
GJ 806,0.3727,0.067,-0.3796,0.494,6,12.06,-0.28,ok,ok,True
AU Mic,0.6727,0.0406,0.1102,1.1593,6,9.71,0.23,ok,ok,True
WASP-182,1.0273,9.1996,0.4041,121.6778,10,325.26,0.27,ok,high,False
TOI-5882,1.2455,4.7197,0.0776,23.1281,10,412.9,0.18,ok,high,False
TOI-2196,0.9455,10.0,0.2408,155.8096,10,261.72,0.14,upper_boundary,high,False
SPECULOOS-3,0.1,0.327,-0.0531,15.4297,6,16.73,0.07,ok,high,False
HATS-62,0.9727,0.0316,0.2735,336.5617,10,510.0,0.133,lower_boundary,high,False
HATS-3,0.9727,10.0,-0.0857,127.3193,10,414.88,-0.157,upper_boundary,high,False
TOI-1288,0.9727,0.0344,0.3061,0.7723,10,114.5,0.257,ok,ok,True
HATS-14,1.0,0.0316,0.4694,310.3586,10,503.85,0.33,lower_boundary,high,False
TOI-1408,1.2727,2.632,0.2082,0.495,10,139.36,0.25,ok,ok,True
WASP-176,1.2727,4.7197,0.2408,173.9419,10,585.76,0.164,ok,high,False
TOI-2193 A,1.0,10.0,0.1755,132.8516,10,337.52,0.027,upper_boundary,high,False
TOI-5205,0.2636,0.0374,-0.0531,77.7555,10,86.83,0.0,ok,high,False
WASP-94 A,1.2182,3.9944,0.1429,1.7993,10,209.22,0.26,ok,ok,True
WASP-89,0.9182,0.0316,0.2735,148.0354,10,284.97,0.15,lower_boundary,high,False
KELT-16,1.0273,8.4632,-0.0531,71.5875,10,434.82,-0.002,ok,high,False
TOI-5210,1.0,10.0,0.4694,34.4155,10,300.41,0.324,upper_boundary,high,False
WASP-133,1.0545,10.0,0.4367,144.7151,10,545.05,0.29,upper_boundary,high,False
WASP-69,0.8364,0.0406,0.2082,1.0785,10,50.2,0.35,ok,ok,True
WASP-70 A,1.0,9.1996,0.1102,67.8884,10,228.31,-0.006,ok,high,False
WASP-90,1.1909,5.5767,0.0776,124.9097,10,469.88,0.11,ok,high,False
HAT-P-65,1.1091,8.4632,0.3388,239.8508,10,741.46,0.208,ok,high,False
TOI-4479,0.4,0.0792,-0.1184,19.2663,10,80.3,0.0,ok,high,False
TOI-1431,1.6818,1.0513,0.1102,0.9708,10,149.1,0.09,ok,ok,True
TOI-1448,0.4273,0.4199,0.2408,24.465,10,73.4,0.37,ok,high,False
TOI-172,1.1364,7.1626,0.2408,1.3342,10,354.3,0.148,ok,ok,True
HATS-13,0.9182,0.0316,0.1755,300.5528,10,430.8,0.05,lower_boundary,high,False
MASCARA-1,1.7909,0.8185,0.2408,0.975,10,180.94,0.15,ok,ok,True
TOI-6034,0.4818,0.0935,-0.1184,24.3984,10,117.06,-0.09,ok,high,False
WASP-46,0.8636,9.1996,-0.151,145.8371,10,368.23,-0.3,ok,high,False
TOI-2374,0.8091,0.0441,0.2082,55.4474,10,135.29,0.15,ok,high,False
HD 202772 A,1.6545,2.2275,0.3061,1.3597,10,162.26,0.3,ok,ok,True
WASP-73,1.4364,3.11,0.2082,5.4742,10,315.41,0.14,ok,ok,True
TOI-1278,0.5636,0.2546,-0.0531,12.5241,10,75.4,-0.01,ok,high,False
WASP-144,0.9727,0.0316,0.2735,139.3835,10,333.41,0.18,lower_boundary,high,False
WASP-145 A,0.7273,0.0616,0.0449,14.2262,10,90.93,-0.04,ok,high,False
TOI-5817,0.9727,9.1996,-0.1184,5.211,10,80.14,-0.24,ok,ok,True
TOI-3568,0.7818,0.0316,-0.1184,46.4043,10,197.38,-0.01,lower_boundary,high,False
TOI-1420,0.9727,3.3805,0.4041,12.5788,10,201.88,0.28,ok,high,False
HAT-P-17,0.8636,8.4632,0.1429,0.9024,10,92.16,0.0,ok,ok,True
TOI-1333,1.4091,2.4214,0.1755,1.8875,6,195.39,0.119,ok,ok,True
HD 207897,0.8364,0.067,-0.0204,0.0384,6,28.26,-0.03,ok,ok,True
TOI-4155,0.9727,6.5893,0.2408,26.2726,10,237.26,0.11,ok,high,False
TOI-1759,0.6182,0.1105,0.1102,0.4652,10,40.08,0.05,ok,ok,True
BD+05 4868 A,0.7273,0.0406,-0.0857,5.3652,10,43.54,-0.05,ok,ok,True
WASP-114,1.0273,10.0,0.2408,324.6565,10,502.65,0.14,upper_boundary,high,False
WASP-154,0.8636,0.0374,0.3388,72.8112,10,224.86,0.2,ok,high,False
NGTS-14 A,0.9182,0.0316,0.2082,213.3716,10,316.48,0.1,lower_boundary,high,False
HD 207496,0.8364,0.067,0.2082,0.1641,6,23.64,0.095,ok,ok,True
TOI-3540 A,1.0273,10.0,0.3061,59.3669,10,274.91,0.176,upper_boundary,high,False
NGTS-8,0.9727,0.0316,0.3388,245.9432,10,423.67,0.24,lower_boundary,high,False
TOI-4329,1.1909,6.0619,0.1429,23.2202,10,686.84,0.29,ok,high,False
K2-369,0.8364,9.1996,-0.2816,0.7506,10,189.14,-0.234,ok,ok,True
HD 209458,1.0273,5.5767,-0.0857,1.6392,10,48.07,0.01,ok,ok,True
TOI-6324,0.2091,0.067,-0.4122,1.9614,6,20.56,-0.32,ok,ok,True
TOI-2031 A,0.9727,7.7858,-0.249,11.2665,10,276.5,-0.24,ok,high,False
WASP-47,1.0,8.4632,0.5673,55.037,10,267.25,0.43,ok,high,False
EPIC 206024342,0.8909,0.0316,-0.0857,344.9502,10,361.75,-0.22,lower_boundary,high,False
TOI-6255,0.2909,0.067,-0.2816,0.2994,6,20.38,-0.14,ok,ok,True
TOI-3593,0.9727,0.0344,0.4367,26.5718,10,224.64,0.384,ok,high,False
K2-66,1.0545,8.4632,0.0122,82.3308,10,500.87,-0.047,ok,high,False
K2-171,1.0,10.0,-0.0857,73.2846,10,592.58,-0.09,upper_boundary,high,False
TOI-2285,0.4545,0.1306,-0.0857,7.1814,10,42.47,-0.05,ok,ok,True
K2-368,0.6727,0.0406,-0.3796,241.0783,10,205.84,-0.25,ok,high,False
WASP-124,0.9727,10.0,0.0776,185.6603,10,469.57,-0.02,upper_boundary,high,False
K2-168,0.9182,0.0316,0.0122,91.9821,10,243.66,-0.13,lower_boundary,high,False
K2-55,0.7273,0.0522,0.2408,118.1225,10,157.83,0.376,ok,high,False
K2-58,0.8364,0.0374,0.0776,27.132,10,181.3,0.11,ok,high,False
K2-68,0.7,0.048,-0.1837,105.4004,10,168.89,-0.21,ok,high,False
K2-62,0.6727,0.0567,-0.151,38.3236,10,112.28,-0.1,ok,high,False
TOI-1386,1.0,5.1303,0.1429,0.277,10,147.8,0.149,ok,ok,True
WASP-177,0.8636,0.0374,0.2408,112.4083,10,171.26,0.25,ok,high,False
TOI-1410,0.7818,0.0616,0.4694,0.6032,10,72.45,0.328,ok,ok,True
K2-73,0.9455,10.0,0.1102,55.8888,10,271.45,0.04,upper_boundary,high,False
EPIC 206215704,0.1545,0.048,-0.4449,369.405,10,110.26,-0.33,ok,high,False
K2-172,0.9182,2.2275,0.0449,3.7118,10,247.23,-0.06,ok,ok,True
TOI-4153,1.1636,6.5893,0.3388,46.7209,10,419.04,0.317,ok,high,False
K2-170,0.9455,9.1996,0.0122,178.4147,10,389.56,-0.11,ok,high,False
HAT-P-40,1.2455,4.7197,0.0776,80.7315,10,476.47,0.22,ok,high,False
K2-28,0.3455,0.2154,0.1429,1.4318,6,62.8,0.26,ok,ok,True
K2-116,0.7,0.0616,0.0449,0.8472,10,49.76,0.01,ok,ok,True
TOI-139,0.6727,6.5893,-0.1184,0.7607,10,42.37,-0.238,ok,ok,True
K2-167,0.9727,8.4632,-0.3143,0.9256,10,80.27,-0.456,ok,ok,True
K2-169,0.9182,9.1996,0.3388,40.9445,10,232.75,0.26,ok,high,False
WASP-95,1.0545,6.5893,0.2408,0.6652,10,137.74,0.14,ok,ok,True
TOI-1052,1.1091,4.7197,0.0449,0.9507,10,129.0,0.14,ok,ok,True
EPIC 206042996,0.7,0.0316,0.0776,648.2975,10,457.73,0.006,lower_boundary,high,False
EPIC 206317286,0.8364,0.0316,0.1429,224.2098,10,316.27,0.019,lower_boundary,high,False
K2-367,0.6182,0.0406,-0.4776,104.5046,10,177.39,-0.351,ok,high,False
K2-54,0.6182,9.1996,0.0122,0.2522,6,172.85,-0.02,ok,ok,True
K2-39,1.1636,7.1626,0.2735,1.1629,10,305.69,0.32,ok,ok,True
TOI-132,0.8636,10.0,0.0776,1.0019,10,163.66,0.16,upper_boundary,ok,False
K2-70,0.8636,0.0344,0.1755,104.4439,10,237.25,0.06,ok,high,False
K2-60,1.0,10.0,0.1429,145.7006,10,475.17,0.01,upper_boundary,high,False
K2-75,1.0818,9.1996,0.4367,172.9721,10,578.09,0.3,ok,high,False
HD 213885,0.9455,9.1996,-0.0204,3.3683,10,47.73,-0.04,ok,ok,True
HATS-72,0.7545,0.0522,0.2082,1.096,10,126.46,0.099,ok,ok,True
TOI-6130,1.0273,8.4632,0.3061,86.6684,10,218.15,0.28,ok,high,False
K2-61,0.9455,9.1996,0.1755,243.375,10,410.58,0.03,ok,high,False
K2-74,0.9182,10.0,-0.0857,241.8941,10,375.04,-0.21,upper_boundary,high,False
TOI-1516,1.2182,1.4678,0.0776,0.5284,10,245.82,-0.05,ok,ok,True
K2-21,0.6182,5.5767,-0.0857,0.7716,10,83.5,-0.11,ok,ok,True
HATS-60,1.0273,10.0,0.3388,2.0861,10,476.62,0.335,upper_boundary,ok,False
K2-265,0.9455,0.0316,0.1429,9.0426,10,139.04,0.033,lower_boundary,ok,False
WASP-75,1.0273,8.4632,0.1102,33.3174,10,295.77,0.07,ok,high,False
K2-57,0.7273,0.0316,-0.0204,270.6439,10,262.02,0.08,lower_boundary,high,False
HAT-P-8,1.0818,6.0619,-0.1184,0.6759,10,213.33,0.01,ok,ok,True
HIP 113103,0.7545,7.7858,0.0449,1.8377,10,46.19,-0.1,ok,ok,True
HAT-P-1,0.9727,10.0,0.0449,5.6945,10,159.61,0.13,upper_boundary,ok,False
WASP-164,0.9182,9.1996,0.1102,120.0072,10,324.11,-0.01,ok,high,False
HATS-32,0.9727,10.0,0.5347,477.7721,10,749.05,0.39,upper_boundary,high,False
TRAPPIST-1,0.1,2.4214,0.1755,6.357,6,12.45,0.052,ok,ok,True
WASP-21,0.9182,10.0,-0.151,85.7983,10,252.67,-0.22,upper_boundary,high,False
K2-238,2.0091,1.4678,0.2082,271.8764,10,3999.89,0.34,ok,high,False
TOI-332,0.9455,0.0344,0.3061,58.782,10,219.44,0.256,ok,high,False
WASP-6,0.8636,0.0344,-0.0204,117.6989,10,198.44,-0.15,ok,high,False
HD 219134,0.8364,0.1677,0.2082,0.2486,6,6.54,0.11,ok,ok,True
WASP-52,0.8636,0.0316,0.0449,74.0411,10,173.57,0.03,lower_boundary,high,False
K2-393,0.9727,7.1626,0.1429,2.3605,10,262.27,0.076,ok,ok,True
K2-138,0.8636,10.0,0.2735,53.6181,10,200.96,0.14,upper_boundary,high,False
WASP-10,0.7273,0.0441,-0.1184,15.2512,10,141.15,0.03,ok,high,False
WASP-151,1.0,10.0,0.2408,237.0999,10,454.59,0.1,upper_boundary,high,False
TOI-238,0.7818,5.5767,-0.0857,1.2707,10,79.98,-0.114,ok,ok,True
K2-285,0.8364,1.8852,0.0122,1.1153,10,154.5,0.0,ok,ok,True
HD 219666,0.9455,7.1626,0.0776,0.1544,6,93.96,0.04,ok,ok,True
WASP-59,0.6727,0.0441,-0.2163,12.1856,10,115.91,-0.15,ok,high,False
L 168-9,0.5909,9.1996,0.1102,0.4605,6,25.16,-0.03,ok,ok,True
K2-141,0.7273,2.861,0.0449,0.6912,10,61.83,0.0,ok,ok,True
K2-329,0.8636,0.0344,0.0449,65.5694,10,231.89,0.098,ok,high,False
TOI-329,1.0545,10.0,0.3388,66.591,10,282.58,0.205,upper_boundary,high,False
K2-293,0.9727,0.0316,0.2735,183.4666,10,393.43,0.218,lower_boundary,high,False
K2-414,0.7,0.0316,-0.249,206.3356,10,255.88,-0.102,lower_boundary,high,False
GJ 9827,0.6182,1.1428,-0.249,0.2603,6,29.61,-0.29,ok,ok,True
K2-294,1.0273,6.0619,0.3388,2.0371,10,356.69,0.194,ok,ok,True
TOI-181,0.8364,2.861,0.3714,3.4339,10,96.07,0.272,ok,ok,True
TOI-1518,1.6,1.3503,-0.0857,1.0899,10,228.25,-0.1,ok,ok,True
K2-388,0.9727,0.0316,0.3061,121.3963,10,299.37,0.24,lower_boundary,high,False
HD 221416,1.1636,5.5767,-0.1184,2.2815,10,95.06,-0.08,ok,ok,True
TOI-251,0.8909,7.1626,-0.249,0.5505,10,100.75,-0.106,ok,ok,True
TOI-333,1.0,8.4632,0.0776,78.4239,10,349.59,0.01,ok,high,False
K2-413,0.7,0.0316,-0.1184,282.9434,10,292.52,-0.205,lower_boundary,high,False
WASP-4,0.9455,0.0316,0.0776,156.0828,10,271.69,-0.05,lower_boundary,high,False
WASP-28,0.9455,9.1996,-0.0531,184.6944,10,337.98,-0.2,ok,high,False
HIP 116454,0.7545,10.0,-0.1184,0.4927,10,62.48,0.0,upper_boundary,ok,False
WASP-173 A,0.9727,10.0,0.2735,59.8875,10,233.73,0.16,upper_boundary,high,False
TOI-1422,1.0273,3.3805,0.1102,3.8085,10,154.56,-0.028,ok,ok,True
K2-392,0.8909,10.0,-0.1184,164.8286,10,391.62,-0.238,upper_boundary,high,False
TOI-1758,0.8636,2.2275,0.0776,0.5237,10,95.77,-0.02,ok,ok,True
HAT-P-6,1.1909,3.9944,-0.1184,17.126,10,272.18,-0.13,ok,high,False
DS Tuc A,0.8909,10.0,0.1429,0.6242,10,44.15,0.0,upper_boundary,ok,False
K2-389,0.9455,10.0,0.0776,55.5004,10,260.42,-0.034,upper_boundary,high,False
K2-390,0.8909,9.1996,0.0122,249.1391,10,451.28,-0.116,ok,high,False
TOI-5293 A,0.4273,0.0316,-0.151,138.4621,10,160.82,-0.03,lower_boundary,high,False
TOI-6223,0.5909,0.048,-0.1837,91.1368,10,133.46,-0.12,ok,high,False
K2-391,0.9182,10.0,-0.4776,249.6191,10,510.95,-0.543,upper_boundary,high,False
TOI-2382,1.2182,3.9944,0.3061,3.0931,10,424.67,0.249,ok,ok,True
TOI-5300,0.6727,0.0316,-0.2816,132.6897,10,161.64,-0.17,lower_boundary,high,False
WASP-60,1.0,10.0,0.0449,118.9543,10,424.07,-0.04,upper_boundary,high,False
WASP-165,1.1091,8.4632,0.4041,180.9465,10,583.55,0.33,ok,high,False
TOI-7041,1.1636,7.1626,0.2408,5.4666,10,437.97,0.25,ok,ok,True
WASP-91,0.8909,3.6747,0.3388,0.7706,10,150.62,0.19,ok,ok,True
WASP-29,0.7818,0.0374,-0.0204,1.113,10,87.27,0.11,ok,ok,True
TOI-2379,0.6727,0.0567,0.3714,200.3481,10,208.47,0.501,ok,high,False
Qatar-7,1.0545,10.0,0.4041,196.6546,10,643.21,0.276,upper_boundary,high,False
HATS-16,0.9727,9.1996,0.0449,385.825,10,716.67,-0.1,ok,high,False
HD 224018,1.0,7.7858,0.1429,0.6337,10,106.15,0.05,ok,ok,True
LTT 9779.00,1.0,2.632,0.3388,1.3842,10,80.88,0.27,ok,ok,True
Qatar-3,1.0273,10.0,0.0776,108.0859,10,623.83,-0.041,upper_boundary,high,False
WASP-147,1.0273,10.0,0.2082,97.6299,10,458.69,0.092,upper_boundary,high,False
WASP-5,0.9727,9.1996,0.2082,102.7293,10,310.88,0.09,ok,high,False
TOI-3629,0.6182,0.0792,0.2735,51.1103,10,129.69,0.4,ok,high,False
WASP-8,0.9455,10.0,0.3061,4.9336,10,89.86,0.17,upper_boundary,ok,False
