hostname,mass_msun,age_gyr,feh,chi2,n_bands,dist_pc,st_met_in,age_flag,chi2_flag,reliable
HIP 65 A,0.7545,0.0487,0.2082,3.8938,10,61.78,0.18,ok,ok,True
WASP-136,1.2455,3.7154,-0.1837,9.9027,10,266.45,-0.18,ok,ok,True
KELT-1,1.1091,5.8884,-0.0531,9.3274,10,269.87,0.052,ok,ok,True
HATS-34,1.0,0.0316,0.3714,342.319,10,504.79,0.25,lower_boundary,high,False
WASP-96,0.9727,9.1201,0.2735,93.6228,10,347.29,0.14,ok,high,False
TOI-198,0.3182,0.0365,-0.8367,0.697,6,23.76,-0.7,ok,ok,True
WASP-44,0.9455,0.0316,0.0776,200.5405,10,358.45,-0.003,lower_boundary,high,False
Gliese 12,0.2364,0.154,-0.3143,0.3318,6,12.16,-0.32,ok,ok,True
WASP-32,0.9727,9.1201,0.0122,41.2391,10,276.28,-0.13,ok,high,False
WASP-158,1.2727,4.5709,0.3388,127.183,10,530.45,0.24,ok,high,False
HD 1397,1.3,4.4668,0.2408,3.1742,10,79.98,0.29,ok,ok,True
TOI-6016,1.0545,9.3325,0.4041,56.5504,10,359.21,0.28,ok,high,False
WASP-26,1.0818,6.0256,0.1429,1.9087,10,250.37,0.16,ok,ok,True
TOI-260,0.5364,0.0487,-0.6082,0.2245,6,20.2,-0.47,ok,ok,True
Qatar-4,0.8909,0.0316,0.2408,226.9466,10,323.46,0.103,lower_boundary,high,False
WASP-20,1.1364,5.7544,-0.151,27.5169,10,338.34,-0.008,ok,high,False
WASP-1,1.0545,8.7096,0.1102,70.0185,10,376.53,0.17,ok,high,False
WASP-45,0.9182,0.0316,0.1102,41.9927,10,213.64,-0.03,lower_boundary,high,False
HATS-30,0.9727,10.0,0.2082,118.6578,10,340.41,0.06,upper_boundary,high,False
TOI-5322,1.0,10.0,0.0776,327.604,10,472.89,-0.048,upper_boundary,high,False
HATS-49,0.7273,0.0422,0.0776,203.0484,10,320.97,0.208,ok,high,False
HATS-46,0.9182,0.0316,0.0449,339.6282,10,447.0,-0.06,lower_boundary,high,False
Qatar-5,1.0,8.7096,0.502,127.9081,10,370.02,0.377,ok,high,False
TOI-178,0.6455,5.4954,-0.1837,0.344,10,62.8,-0.23,ok,ok,True
HD 2685,1.3273,2.1878,-0.0204,0.5885,10,196.97,0.02,ok,ok,True
WASP-190,1.2182,4.7863,0.0449,189.6419,10,543.5,-0.02,ok,high,False
TOI-6029,1.3,4.7863,0.3714,6.1893,10,594.12,0.37,ok,ok,True
HD 3167,0.8364,10.0,0.0122,1.2312,10,47.24,0.04,upper_boundary,ok,False
TOI-2406,0.1818,1.4791,-0.2816,1.593,6,55.39,-0.26,ok,ok,True
WASP-93,1.2727,3.02,-0.0531,1.4911,10,367.7,0.07,ok,ok,True
HAT-P-19,0.8364,0.0365,0.1429,92.2516,10,201.06,0.166,ok,high,False
HAT-P-16,1.1091,4.8978,0.2082,20.4252,10,221.12,0.17,ok,high,False
K2-149,0.5909,0.0487,-0.0204,101.8269,10,123.15,0.11,ok,high,False
TOI-1470,0.4818,0.154,-0.1184,7.8977,10,51.71,0.0,ok,ok,True
TOI-244,0.2909,0.0487,-0.3469,2.7857,10,22.07,-0.39,ok,ok,True
LHS 1140,0.1818,0.2054,-0.2816,2.9218,6,14.96,-0.15,ok,ok,True
K2-206,0.8364,0.0316,-0.0204,142.8319,10,245.5,-0.14,lower_boundary,high,False
K2-217,1.0,10.0,0.1429,227.5531,10,379.14,0.04,upper_boundary,high,False
K2-216,0.7273,0.0562,0.1429,97.6712,10,114.83,0.0,ok,high,False
K2-207,0.9727,0.0316,0.2408,279.0386,10,363.26,0.11,lower_boundary,high,False
HD 5278,0.9727,7.2444,-0.249,0.7312,10,57.39,-0.12,ok,ok,True
K2-385,0.7818,0.0316,-0.0857,367.7386,10,401.77,-0.224,lower_boundary,high,False
K2-220,0.9182,8.9125,0.0776,29.3653,10,231.42,-0.05,ok,high,False
K2-203,0.7818,0.0365,-0.1184,60.2714,10,168.47,-0.021,ok,high,False
K2-218,0.9727,9.1201,0.3714,150.2037,10,385.24,0.25,ok,high,False
TOI-3980,1.0545,10.0,0.2735,143.4731,10,494.83,0.188,upper_boundary,high,False
K2-219,1.0,9.7724,0.2735,56.7636,10,322.98,0.13,ok,high,False
TOI-5301,1.3545,3.6308,0.1429,97.4682,10,586.51,0.03,ok,high,False
HAT-P-28,0.9455,10.0,0.2408,113.2828,10,401.22,0.12,upper_boundary,high,False
EPIC 220674823,0.9727,0.0316,0.1429,109.0236,10,242.45,-0.005,lower_boundary,high,False
K2-213,1.0273,10.0,0.3061,132.9162,10,393.42,0.25,upper_boundary,high,False
K2-283,0.8909,0.0316,0.3714,317.9973,10,400.94,0.28,lower_boundary,high,False
K2-282,0.8636,0.0316,-0.1184,370.0232,10,485.08,-0.23,lower_boundary,high,False
TOI-1472,0.9182,1.0471,0.3714,0.5896,10,121.55,0.27,ok,ok,True
K2-148,0.6182,0.0487,-0.2163,74.0556,10,123.87,-0.11,ok,high,False
K2-209,0.7545,8.3176,0.0776,1.0862,10,76.25,-0.06,ok,ok,True
K2-214,1.0,10.0,0.1755,82.7848,10,307.03,0.04,upper_boundary,high,False
HATS-68,1.2182,5.4954,0.3388,114.8995,10,596.15,0.21,ok,high,False
K2-205,0.9455,9.5499,-0.1184,189.7748,10,396.47,-0.26,ok,high,False
TOI-261,0.8909,9.5499,-0.4122,0.1748,10,113.3,-0.35,ok,ok,True
HATS-71,0.3727,0.0422,0.0449,214.1488,10,139.79,0.17,ok,high,False
HD 6061,0.9727,5.0119,-0.0857,0.5358,10,67.55,-0.05,ok,ok,True
TOI-3693,0.8364,5.4954,0.0776,34.1175,10,174.8,0.071,ok,high,False
TOI-6651,1.1364,6.7608,0.1755,0.319,10,209.9,0.225,ok,ok,True
TOI-2046,0.9727,10.0,0.0449,39.3953,10,284.12,-0.06,upper_boundary,high,False
K2-281,0.8364,0.0316,0.2408,451.0559,10,464.96,0.22,lower_boundary,high,False
K2-222,0.8909,8.9125,-0.3469,0.3377,10,99.27,-0.315,ok,ok,True
TOI-1468,0.3455,0.1155,-0.1184,1.1793,10,24.71,-0.01,ok,ok,True
K2-221,1.0,0.0316,0.2735,127.6,10,309.17,0.13,lower_boundary,high,False
EPIC 220492298,0.9727,8.5114,0.4041,345.9817,10,597.0,0.28,ok,high,False
TOI-169,1.0273,9.7724,0.3714,81.4592,10,407.61,0.24,ok,high,False
K2-204,1.0273,9.7724,0.3388,249.2113,10,541.62,0.21,ok,high,False
WASP-187,1.4091,3.1623,0.0449,4.7577,10,356.03,0.0,ok,ok,True
K2-210,0.8636,7.9433,0.0449,0.8048,10,176.89,0.0,ok,ok,True
TOI-4406,1.0273,8.3176,0.0449,37.6979,10,260.55,0.1,ok,high,False
K2-386,0.9455,8.7096,0.2082,289.1255,10,421.8,0.074,ok,high,False
K2-150,0.4,0.0866,-0.0531,61.7829,10,102.47,0.09,ok,high,False
K2-212,0.6455,0.075,0.0449,34.7067,10,107.29,0.03,ok,high,False
K2-215,0.9455,9.7724,0.2408,139.9932,10,400.43,0.11,ok,high,False
WASP-186,1.1636,4.8978,0.0449,22.3186,10,281.43,-0.08,ok,high,False
TOI-277,0.5091,0.0866,-0.1184,0.181,6,64.86,-0.01,ok,ok,True
TOI-1467,0.5091,0.2738,-0.1837,3.8166,10,37.47,-0.062,ok,ok,True
K2-151,0.4545,0.1155,-0.2163,18.1775,10,69.13,-0.19,ok,high,False
K2-387,0.5636,0.0316,-0.0204,247.3739,10,267.44,0.126,lower_boundary,high,False
K2-113,1.0,9.7724,0.4041,249.9054,10,618.67,0.27,ok,high,False
WASP-118,1.2182,4.8978,0.0776,60.0333,10,381.68,0.16,ok,high,False
K2-295,,,,inf,3,232.68,0.14,ok,inf,False
TOI-2236,1.0818,8.1283,0.1429,20.3369,10,346.62,0.119,ok,high,False
TOI-4010,0.8636,5.8884,0.502,2.9976,10,176.1,0.37,ok,ok,True
GJ 3090,0.5364,0.2738,0.0449,2.4347,10,22.44,-0.06,ok,ok,True
K2-384,0.3727,8.5114,0.1755,71.4657,10,81.53,0.068,ok,high,False
K2-208,0.9182,0.0316,0.0449,130.4845,10,259.26,-0.064,lower_boundary,high,False
HAT-P-51,0.9455,9.1201,0.4367,160.7691,10,436.41,0.302,ok,high,False
K2-211,0.8909,0.0365,0.2735,115.1165,10,277.32,0.134,ok,high,False
TOI-4515,0.8636,10.0,0.1755,27.86,10,192.18,0.05,upper_boundary,high,False
HAT-P-53,0.9727,10.0,0.1102,345.2559,10,671.93,0.0,upper_boundary,high,False
TOI-1695,0.5364,1.7783,0.0776,0.9126,10,44.98,0.0,ok,ok,True
TOI-6330,0.4545,0.0487,-0.0531,115.2222,10,142.74,0.08,ok,high,False
TIC 237913194,0.9727,10.0,0.2408,107.9837,10,305.29,0.14,upper_boundary,high,False
TOI-2120,0.2636,0.866,0.2408,21.0159,6,32.13,0.39,ok,high,False
NGTS-11,0.8636,5.0119,0.2735,77.4485,10,188.26,0.22,ok,high,False
TOI-125,0.8636,6.0256,0.0776,1.0125,10,110.15,-0.02,ok,ok,True
WASP-105,1.0,0.0316,0.4041,27.6547,10,216.67,0.28,lower_boundary,high,False
WASP-18,1.1909,1.9055,-0.0204,0.9302,10,122.61,0.107,ok,ok,True
WASP-97,1.0,6.7608,0.1755,1.2176,10,150.5,0.23,ok,ok,True
HIP 8152,0.9727,3.8905,0.0776,0.6747,10,101.39,0.007,ok,ok,True
TOI-2152,1.0545,9.5499,0.1755,2.2864,10,317.15,0.282,ok,ok,True
WASP-76,1.3818,2.884,0.2408,0.6762,10,188.04,0.366,ok,ok,True
WASP-181,0.9455,10.0,0.1755,155.3485,10,425.44,0.09,upper_boundary,high,False
HAT-P-60,1.3,3.8905,0.0776,1.1001,10,227.25,0.037,ok,ok,True
TOI-849,0.8909,10.0,0.3061,60.4836,10,224.24,0.19,upper_boundary,high,False
WASP-71,1.3273,4.0738,0.2735,8.1696,10,350.75,0.15,ok,ok,True
HIP 9618,0.9727,4.0738,0.1102,0.6033,10,67.14,-0.018,ok,ok,True
HAT-P-32,0.9455,10.0,-0.1837,57.4733,10,283.05,-0.16,upper_boundary,high,False
TOI-2328,0.9455,0.0316,0.1755,26.2083,10,230.71,0.09,lower_boundary,high,False
WASP-53,0.8364,0.0422,0.1429,1.1246,10,199.96,0.22,ok,ok,True
TOI-262,0.9182,2.8184,0.2082,0.3897,6,44.1,0.26,ok,ok,True
WASP-156,0.8364,8.7096,0.3388,7.153,10,121.37,0.305,ok,ok,True
HAT-P-29,1.0273,9.3325,0.3388,32.3007,10,314.27,0.21,ok,high,False
TOI-2421,1.1091,8.1283,0.3061,8.2461,10,321.67,0.19,ok,ok,True
WASP-116,1.0273,9.7724,0.1102,180.2226,10,517.68,0.0,ok,high,False
HAT-P-38,0.9455,0.0316,0.1755,112.0078,10,250.35,0.06,lower_boundary,high,False
TOI-2384,0.6727,0.0422,0.2082,89.2104,10,186.81,0.332,ok,high,False
WASP-33,1.5455,0.5623,0.0776,0.9107,10,121.14,0.1,ok,ok,True
WASP-117,0.9727,7.7625,-0.1837,0.5558,10,157.48,-0.11,ok,ok,True
HD 15337,0.8364,9.1201,0.1102,1.8785,10,44.81,0.03,ok,ok,True
WASP-77 A,0.9182,9.5499,0.0449,32.4703,10,105.33,-0.1,ok,high,False
TOI-1062,0.9182,2.8184,0.1755,1.015,10,82.28,0.14,ok,ok,True
HD 15906,0.7818,5.8884,0.0776,0.9131,10,45.69,0.02,ok,ok,True
TOI-1601,1.4091,3.4674,0.2735,0.5295,10,332.2,0.343,ok,ok,True
GPX-1,1.2727,4.7863,0.3388,254.254,10,665.68,0.35,ok,high,False
TIC 4672985,1.0,9.1201,0.2735,56.4178,10,250.08,0.14,ok,high,False
TOI-3688 A,1.0273,9.3325,0.4041,103.2136,10,395.46,0.262,ok,high,False
TOI-4145 A,0.9182,3.2359,0.2735,64.9803,10,203.07,0.168,ok,high,False
WASP-99,1.1636,5.4954,0.0776,0.3367,10,159.86,0.21,ok,ok,True
TOI-2443,0.6455,8.1283,-0.151,0.473,6,23.89,-0.29,ok,ok,True
WASP-72,1.2455,4.0738,-0.1184,22.108,10,415.27,-0.06,ok,high,False
WASP-138,0.9727,9.7724,-0.151,96.2122,10,401.7,-0.09,ok,high,False
TOI-1201,0.4273,0.0316,0.0122,50.5041,10,37.64,0.05,lower_boundary,high,False
TOI-558,1.1091,5.7544,-0.1184,51.5799,10,401.43,-0.004,ok,high,False
HD 17156,1.1091,6.3096,0.0776,0.2677,10,77.31,0.208,ok,ok,True
TOI-4641,1.3545,2.138,-0.2163,0.7175,10,87.36,-0.09,ok,ok,True
HAT-P-52,0.9182,0.0316,0.4041,300.8597,10,359.24,0.28,lower_boundary,high,False
HR 858,1.1091,3.8019,-0.1184,0.8514,10,31.68,0.025,ok,ok,True
TOI-1736,1.0273,9.7724,0.2735,1.1322,10,87.98,0.148,ok,ok,True
WASP-50,0.8636,8.7096,0.0122,21.4197,10,181.27,-0.12,ok,high,False
TOI-4184,0.1545,0.075,-0.3796,152.0229,10,68.95,-0.27,ok,high,False
TOI-2345,0.7273,0.0562,0.0122,0.7376,10,81.21,-0.1,ok,ok,True
HD 18599,0.8091,7.0795,0.0122,1.6443,10,38.62,0.0,ok,ok,True
LHS 1478,0.2636,0.487,-0.249,6.5741,6,18.21,-0.13,ok,ok,True
TOI-1648,0.8091,9.7724,0.2408,0.5794,10,69.65,0.2,ok,ok,True
LTT 1445 A,0.2091,0.1,-0.4122,0.442,6,6.86,-0.34,ok,ok,True
TOI-1669,1.0,6.166,0.3388,1.1604,10,111.55,0.274,ok,ok,True
TOI-6041,0.8636,6.166,0.0122,0.4586,10,72.5,0.104,ok,ok,True
NGTS-20,1.3,3.9811,0.2408,14.9931,10,362.33,0.15,ok,high,False
TOI-6303,0.6455,0.075,0.3061,80.3182,10,150.79,0.44,ok,high,False
TOI-559,1.0,7.9433,0.0122,0.4529,10,231.51,-0.069,ok,ok,True
WASP-11,0.8636,0.0316,0.1429,10.756,10,129.14,0.0,lower_boundary,high,False
TOI-5678,0.9182,6.7608,0.1102,0.5856,10,163.4,0.0,ok,ok,True
TOI-257,1.3545,3.1623,0.1102,2.5839,10,76.78,0.175,ok,ok,True
TOI-3261,0.8636,7.2444,0.2735,1.9426,10,298.25,0.138,ok,ok,True
HAT-P-25,0.9727,0.0316,0.4367,185.6485,10,299.69,0.294,lower_boundary,high,False
HD 20329,0.9455,9.3325,0.0776,1.1933,10,63.75,-0.07,ok,ok,True
TOI-406,0.3455,0.0866,-0.0857,1.3793,6,30.91,-0.02,ok,ok,True
WASP-139,0.8909,5.4954,0.3388,39.6002,10,212.16,0.2,ok,high,False
TOI-2407,0.5364,0.1,0.1102,49.2596,10,91.89,0.21,ok,high,False
TOI-6109,0.9455,7.0795,0.2082,0.2611,10,147.79,0.0895,ok,ok,True
TOI-3682,1.0818,9.3325,0.502,32.6677,10,390.7,0.416,ok,high,False
TOI-5076,0.8091,8.3176,0.2082,0.7801,10,82.51,0.082,ok,ok,True
TOI-2202,0.8636,0.0365,0.2082,67.7736,10,235.89,0.059,ok,high,False
K2-86,0.7818,0.0316,-0.3143,106.2717,10,253.5,-0.35,lower_boundary,high,False
HD 21520,1.0,4.7863,0.0122,0.4908,10,79.37,0.049,ok,ok,True
TOI-6038 A,1.1091,6.7608,0.0776,0.54,10,177.12,0.124,ok,ok,True
GJ 143,0.7545,2.9512,0.1429,0.4305,6,16.33,0.003,ok,ok,True
K2-30,0.8636,0.0316,-0.0531,192.8838,10,328.54,-0.15,lower_boundary,high,False
K2-175,1.0545,9.1201,0.1755,16.0512,10,238.18,0.05,ok,high,False
WASP-22,1.0,8.9125,0.0776,91.8453,10,313.72,-0.05,ok,high,False
K2-178,0.9182,0.0316,0.1429,59.4769,10,216.01,0.09,lower_boundary,high,False
TOI-908,0.9182,6.9183,-0.0204,0.6134,10,175.24,0.08,ok,ok,True
BD+20 594,0.9182,9.7724,-0.0204,2.8777,10,176.32,-0.15,ok,ok,True
TOI-2537,0.8091,0.0316,0.1102,60.78,10,181.42,0.08,lower_boundary,high,False
HD 22946,1.0,5.2481,-0.2163,0.2907,10,62.84,-0.08,ok,ok,True
K2-77,0.8091,0.0365,0.0776,22.4091,10,140.64,0.13,ok,high,False
K2-177,1.0818,9.5499,0.4694,81.5901,10,489.47,0.41,ok,high,False
K2-79,0.9727,9.1201,0.1755,105.082,10,257.63,0.035,ok,high,False
HD 23472,0.7,0.0487,-0.2163,2.6885,10,39.08,-0.2,ok,ok,True
K2-84,0.9182,0.0316,0.4041,112.7609,10,284.43,0.278,lower_boundary,high,False
WASP-119,0.9727,8.9125,0.2735,22.8489,10,300.96,0.14,ok,high,False
TOI-6054,1.0273,7.5858,-0.2163,3.4469,10,78.58,-0.07,ok,ok,True
TOI-1634,0.4818,0.1778,0.1755,0.6409,10,35.07,0.19,ok,ok,True
TOI-2416,1.0273,10.0,0.4367,178.5143,10,555.54,0.32,upper_boundary,high,False
TIC 279401253,1.0,8.7096,0.2735,44.7198,10,283.93,0.2,ok,high,False
K2-411,0.9727,10.0,0.2735,66.4789,10,295.88,0.1415,upper_boundary,high,False
NGTS-16,1.0,9.7724,0.4041,377.4983,10,876.82,0.35,ok,high,False
K2-176,0.9182,0.0316,0.2735,71.5619,10,245.95,0.15,lower_boundary,high,False
WASP-98,0.7818,0.0316,-0.3469,181.2307,10,278.77,-0.49,lower_boundary,high,False
K2-179,0.8091,0.0365,0.1429,111.0456,10,187.58,0.03,ok,high,False
K2-80,0.8909,0.0316,0.2082,120.6444,10,198.39,0.07,lower_boundary,high,False
K2-90,0.6182,0.0316,-0.3469,81.8211,10,133.49,-0.225,lower_boundary,high,False
TOI-5340,1.1364,7.5858,0.2735,146.6222,10,523.76,0.208,ok,high,False
K2-85,0.7,8.1283,0.2082,23.5043,10,96.72,0.14,ok,high,False
K2-111,0.8909,9.7724,-0.3143,33.3291,10,197.33,-0.46,ok,high,False
TOI-858 B,1.0273,9.5499,0.2735,12.1026,10,250.66,0.153,ok,high,False
K2-173,0.8636,0.0316,-0.1184,79.6854,10,225.61,-0.25,lower_boundary,high,False
WASP-140,0.9182,1.122,0.1429,6.6617,10,116.42,0.12,ok,ok,True
HD 25463,1.2455,2.5119,0.1102,0.8405,10,45.11,-0.018,ok,ok,True
K2-174,0.7273,1.0965,0.1755,0.9693,10,100.02,0.113,ok,ok,True
HATS-57,0.9455,8.9125,0.4041,95.3773,10,277.02,0.268,ok,high,False
HATS-75,0.6182,5.1286,0.6,158.7679,10,195.84,0.522,ok,high,False
V1298 Tau,0.9727,9.3325,0.2408,43.5326,10,107.52,0.1,ok,high,False
TOI-2714,1.0273,9.3325,0.4367,260.9221,10,601.18,0.3,ok,high,False
HATS-61,1.0545,10.0,0.2735,207.4588,10,675.01,0.247,upper_boundary,high,False
TOI-2373,1.0,9.1201,0.4367,186.4351,10,492.95,0.3,ok,high,False
TOI-954,1.1909,6.0256,0.3061,0.7553,10,238.12,0.215,ok,ok,True
TOI-2580,1.1909,6.3096,0.3714,58.0298,10,372.79,0.26,ok,high,False
WASP-120,1.3,3.1623,-0.0531,11.8907,10,380.24,-0.05,ok,high,False
K2-29,0.8909,0.0316,0.2408,193.3804,10,176.74,0.16,lower_boundary,high,False
TOI-5344,0.5909,0.075,0.3061,95.8078,10,136.09,0.425,ok,high,False
K2-25,0.2636,0.1334,0.0449,60.3765,10,44.62,0.15,ok,high,False
WASP-126,1.0,10.0,0.3388,18.0566,10,216.95,0.2068,upper_boundary,high,False
WASP-78,1.1091,5.6234,-0.3143,119.5833,10,708.75,-0.35,ok,high,False
LP 890-9,0.1273,0.3162,-0.151,2.8715,6,32.28,-0.028,ok,ok,True
TOI-444,0.8091,6.0256,-0.0204,1.2395,10,57.39,0.08,ok,ok,True
LP 714-47,0.6182,0.1334,0.2735,0.7064,10,52.3,0.41,ok,ok,True
HD 28109,1.1636,3.8905,-0.0204,0.4711,10,140.09,0.1,ok,ok,True
TOI-1696,0.2909,0.2371,0.2408,107.6252,10,64.43,0.336,ok,high,False
XO-3,1.1909,3.0903,-0.3143,0.4523,10,204.12,-0.18,ok,ok,True
K2-155,0.5636,2.884,-0.3143,19.5771,10,72.89,-0.3,ok,high,False
K2-87,0.9455,10.0,0.4694,607.2146,10,488.52,0.328,upper_boundary,high,False
HAT-P-15,0.9727,0.0316,0.3061,84.7384,10,191.46,0.22,lower_boundary,high,False
WASP-79,1.3,2.3442,-0.1184,3.4296,10,244.7,0.03,ok,ok,True
HATS-5,0.9182,3.2359,0.2735,65.6337,10,245.92,0.19,ok,high,False
K2-136,0.6727,8.5114,-0.0531,0.6574,10,58.75,-0.02,ok,ok,True
HATS-63,0.9455,10.0,0.2082,352.8782,10,625.36,0.081,upper_boundary,high,False
K2-370,0.9455,0.0316,0.1102,31.6147,10,140.18,0.018,lower_boundary,high,False
TOI-2449,1.0,4.7863,-0.1184,1.8942,10,154.52,-0.03,ok,ok,True
WASP-159,1.2727,4.5709,0.1755,77.9979,10,717.81,0.22,ok,high,False
TOI-270,0.3455,0.1,-0.3143,0.5068,6,22.47,-0.17,ok,ok,True
TOI-1685,0.4818,0.1778,0.1429,1.4115,10,37.6,0.01,ok,ok,True
HAT-P-58,0.9727,10.0,-0.0857,285.95,10,519.95,-0.224,upper_boundary,high,False
WASP-100,1.3273,2.5704,-0.1184,0.7599,10,354.87,-0.03,ok,ok,True
HAT-P-64,1.0,8.7096,-0.249,195.5776,10,668.87,-0.113,ok,high,False
TOI-3714,0.5091,0.075,0.0449,50.113,10,112.52,0.1,ok,high,False
HATS-76,0.6727,0.3652,0.4041,451.2139,10,388.45,0.322,ok,high,False
NGTS-23,0.9455,7.9433,-0.3796,4.9204,10,1011.01,-0.26,ok,ok,True
K2-395,0.7273,0.0316,-0.151,223.3728,10,285.87,-0.033,lower_boundary,high,False
TOI-2447,1.0273,3.3113,0.0776,1.0715,10,149.02,0.18,ok,ok,True
TOI-2154,1.0545,7.5858,0.0122,21.2056,10,296.22,0.011,ok,high,False
K2-394,0.6182,0.0562,-0.2816,1.3151,10,97.58,-0.388,ok,ok,True
TOI-2719,1.1091,8.3176,0.3061,125.8878,10,600.03,0.27,ok,high,False
WASP-141,1.0818,8.1283,0.4367,122.9686,10,504.94,0.29,ok,high,False
WASP-82,1.3818,2.9512,-0.0204,0.5852,10,273.35,0.12,ok,ok,True
TOI-813,1.2455,4.3652,0.1755,0.4292,10,262.47,0.1,ok,ok,True
NGTS-17,1.0273,9.5499,0.2735,390.9454,10,991.26,0.15,ok,high,False
NGTS-15,1.0,0.0316,0.2735,455.1056,10,762.04,0.15,lower_boundary,high,False
TOI-157,0.9727,9.3325,0.3714,52.3047,10,353.8,0.24,ok,high,False
K2-232,1.0818,4.6774,0.1429,2.6866,10,129.22,0.1,ok,ok,True
TOI-216,0.8636,5.0119,0.2735,25.8651,10,177.72,0.32,ok,high,False
TOI-5350,0.9727,10.0,0.1429,81.6307,10,280.89,0.044,upper_boundary,high,False
HAT-P-62,1.0,9.5499,0.5347,137.455,10,350.48,0.414,ok,high,False
HAT-P-70,1.6545,1.2303,-0.0857,15.4733,10,315.88,-0.059,ok,high,False
K2-396,0.9182,0.0316,0.2735,93.1071,10,272.84,0.237,lower_boundary,high,False
TOI-871,0.7273,9.5499,-0.151,0.7381,10,67.81,-0.07,ok,ok,True
WASP-61,0.9727,8.7096,-0.249,85.7868,10,476.94,-0.1,ok,high,False
HAT-P-61,0.9727,0.0316,0.3061,254.5471,10,340.29,0.194,lower_boundary,high,False
NGTS-6,0.8364,0.0316,0.2408,217.3443,10,303.93,0.11,lower_boundary,high,False
TOI-269,0.4,0.154,-0.2163,4.8563,10,56.8,-0.29,ok,ok,True
WASP-35,0.9455,9.7724,-0.0204,38.9331,10,201.33,-0.15,ok,high,False
K2-412,0.8909,0.0316,0.1429,90.6801,10,668.62,0.014,lower_boundary,high,False
K2-291,0.9727,1.1749,0.1102,0.3816,10,89.27,0.08,ok,ok,True
TOI-942,0.8364,0.0316,-0.1184,40.2201,10,150.9,-0.221,lower_boundary,high,False
K2-260,1.1909,6.166,0.2735,123.2812,10,667.94,0.334,ok,high,False
TOI-4137,1.1091,7.9433,0.3061,134.8428,10,335.39,0.182,ok,high,False
KELT-7,1.3818,2.2387,-0.0204,1.0515,10,134.9,0.0,ok,ok,True
EPIC 246851721,1.1364,7.0795,0.1755,40.0998,10,373.37,0.141,ok,high,False
K2-284,0.6182,4.3652,-0.0531,16.4445,10,106.05,0.0,ok,high,False
TOI-2458,0.9727,8.3176,-0.2163,3.1763,10,111.06,-0.1,ok,ok,True
TOI-163,1.3545,3.3113,0.3388,38.4226,10,404.65,0.22,ok,high,False
K2-397,0.9727,0.0316,0.2408,54.7861,10,197.84,0.11,lower_boundary,high,False
TOI-4364,0.4818,0.2054,0.0776,0.621,10,43.83,0.148,ok,ok,True
TOI-199,0.9182,1.8621,0.2408,1.2611,10,101.65,0.22,ok,ok,True
NGTS-31,1.0,10.0,0.1429,341.2282,10,645.55,0.0,upper_boundary,high,False
HATS-43,0.8909,0.0365,0.1755,235.2855,10,357.97,0.05,ok,high,False
TOI-2338,0.9727,8.9125,0.3388,102.3727,10,305.01,0.22,ok,high,False
HD 35843,0.8636,6.7608,-0.249,1.0507,10,69.26,-0.27,ok,ok,True
TOI-421,0.8636,6.9183,0.0449,0.8869,10,74.85,-0.044,ok,ok,True
TOI-544,0.6182,7.9433,-0.2163,0.6654,10,40.86,-0.17,ok,ok,True
NGTS-1,0.5909,0.0562,-0.0531,235.7914,10,216.11,0.0,ok,high,False
TOI-431,0.8091,2.3442,0.1755,0.9243,10,32.61,0.2,ok,ok,True
TOI-4603,1.6273,2.3988,0.4367,0.7071,10,222.62,0.342,ok,ok,True
TIC 46432937,0.5636,0.2371,0.1755,21.8146,10,90.34,0.323,ok,high,False
TOI-2796,0.9727,9.7724,0.3388,108.1263,10,346.35,0.239,ok,high,False
HD 39091,1.0545,4.7863,0.0449,0.2781,6,18.29,0.09,ok,ok,True
HATS-44,0.8636,5.0119,0.2735,314.5695,10,433.11,0.32,ok,high,False
TOI-532,0.6455,0.0649,0.2408,94.9557,10,134.6,0.338,ok,high,False
TOI-892,1.0818,7.7625,0.2082,54.7445,10,330.94,0.24,ok,high,False
TOI-2525,0.8636,0.0316,0.1429,198.5245,10,395.97,0.14,lower_boundary,high,False
WASP-62,1.1091,3.8019,-0.0531,1.195,10,175.47,0.04,ok,ok,True
TOI-2570,0.9727,9.7724,0.3388,94.0431,10,355.13,0.191,ok,high,False
TOI-201,1.2182,2.3442,0.1429,0.5578,10,112.08,0.24,ok,ok,True
WASP-160 B,0.9182,3.2359,0.2735,212.1676,10,288.94,0.27,ok,high,False
TOI-2346,1.0,9.3325,-0.0531,66.4652,10,436.56,-0.03,ok,high,False
HATS-6,0.6182,1.9055,0.2408,118.0847,10,168.62,0.2,ok,high,False
TOI-480,1.2455,3.1623,0.1429,0.4697,10,54.22,0.164,ok,ok,True
TOI-2364,0.9455,0.0365,0.4367,69.127,10,216.45,0.344,ok,high,False
TOI-904,0.5364,1.9055,-0.1184,0.6672,10,46.06,0.022,ok,ok,True
NGTS-4,0.8091,0.0316,-0.2163,163.8481,10,277.29,-0.28,lower_boundary,high,False
TOI-2497,1.5455,2.138,0.0776,0.4925,10,275.74,0.094,ok,ok,True
TOI-4734,1.1364,7.4131,0.2408,122.4635,10,585.4,0.288,ok,high,False
TOI-4201,0.6455,0.075,0.4041,142.4809,10,187.55,0.52,ok,high,False
TOI-286,0.8636,0.7499,0.0776,1.6304,10,59.26,-0.05,ok,ok,True
TOI-3757,0.6182,0.0487,-0.0857,110.4872,10,177.42,0.0,ok,high,False
WASP-49,0.8909,9.3325,-0.0857,40.555,10,193.74,-0.23,ok,high,False
LHS 1815,0.4818,0.075,-0.1837,1.4976,6,29.79,-0.12,ok,ok,True
TOI-5153,1.0818,7.4131,0.1102,105.0354,10,385.14,0.12,ok,high,False
TOI-220,0.8364,0.0316,-0.2163,3.7071,10,90.87,-0.217,lower_boundary,ok,False
NGTS-10,0.6727,0.0316,-0.151,176.7532,10,258.39,-0.02,lower_boundary,high,False
TOI-1338 A,1.0,9.7724,0.0449,63.8042,10,399.22,0.01,ok,high,False
KELT-2 A,1.2455,4.4668,0.0776,0.7665,10,133.92,0.0,ok,ok,True
TOI-712,0.7273,0.487,-0.0204,1.0451,10,58.65,-0.02,ok,ok,True
HD 42813,0.9182,9.3325,0.3061,0.5128,10,67.91,0.24,ok,ok,True
TOI-2803 A,0.9455,10.0,-0.151,135.9979,10,488.69,-0.105,upper_boundary,high,False
TIC 434398831,0.8909,10.0,0.0449,82.4016,10,213.25,-0.081,upper_boundary,high,False
TOI-470,0.8364,6.9183,0.0776,0.9549,10,129.74,0.1,ok,ok,True
HATS-4,1.0,0.0316,0.502,206.6575,10,412.3,0.43,lower_boundary,high,False
TOI-880,0.8091,8.9125,0.1755,1.9968,10,60.48,0.23,ok,ok,True
K2-26,0.4818,0.0562,-0.249,36.3916,10,99.31,-0.13,ok,high,False
TOI-1710,0.9727,4.0738,0.0449,0.5847,10,80.99,0.147,ok,ok,True
WASP-63,1.0818,8.5114,0.1755,1.7929,10,287.58,0.08,ok,ok,True
TOI-5110,1.3273,3.7154,0.0776,0.4815,10,384.07,0.065,ok,ok,True
NGTS-3 A,0.9727,0.0316,0.2408,361.9744,10,726.64,0.12,lower_boundary,high,False
XO-6,1.1909,2.8184,-0.1837,11.0682,10,230.52,-0.07,ok,high,False
CoRoT-31,1.0545,9.5499,0.1429,817.9527,10,1811.47,0.0,ok,high,False
TIC 241249530,1.0273,9.7724,0.2082,35.5844,10,333.02,0.09,ok,high,False
TOI-2498,1.0,9.5499,0.1102,14.0619,10,274.3,0.167,ok,high,False
TOI-512,0.8636,0.0316,-0.1184,1.1049,10,67.14,-0.11,lower_boundary,ok,False
WASP-168,0.9727,9.5499,0.1102,90.1576,10,297.28,-0.01,ok,high,False
CoRoT-19,1.0273,10.0,0.0776,339.8713,10,812.2,-0.02,upper_boundary,high,False
TOI-700,0.4273,8.1283,-0.1184,2.0523,10,31.13,-0.07,ok,ok,True
WASP-12,1.1091,7.7625,0.1755,95.2318,10,405.85,0.12,ok,high,False
CoRoT-20,0.9727,10.0,0.2735,673.3096,10,861.68,0.14,upper_boundary,high,False
TOI-1694,0.8636,5.0119,0.2735,9.354,10,123.69,0.131,ok,ok,True
CoRoT-18,0.9455,0.0316,0.0449,713.2285,10,759.7,-0.1,lower_boundary,high,False
WASP-101,1.2182,2.2387,0.0776,0.3049,10,199.02,0.2,ok,ok,True
GJ 238,0.4545,0.487,0.0449,0.8521,6,15.21,0.15,ok,ok,True
TOI-628,1.1364,5.8884,0.2408,7.6744,10,184.77,0.258,ok,ok,True
HD 260655,0.4273,0.075,-0.5429,0.3684,6,9.99,-0.43,ok,ok,True
TOI-640,1.4091,3.0903,0.1102,14.936,10,337.91,0.072,ok,high,False
HAT-P-54,0.6455,0.0487,-0.2163,61.4822,10,142.75,-0.127,ok,high,False
CoRoT-32,0.9182,10.0,0.1429,626.4221,10,553.87,0.0,upper_boundary,high,False
HATS-40,1.3545,3.3884,-0.0531,474.8064,10,1353.27,0.01,ok,high,False
CoRoT-12,0.9727,10.0,0.3061,941.5905,10,1096.19,0.16,upper_boundary,high,False
TOI-2184,1.4636,3.0903,0.1429,34.6152,10,757.67,0.14,ok,high,False
HAT-P-56,1.1091,5.4954,-0.1184,58.2479,10,311.45,0.0,ok,high,False
CoRoT-7,0.8909,0.0365,0.1755,95.5747,10,158.7,0.05,ok,high,False
CoRoT-21,1.0273,10.0,0.0776,879.1514,10,1693.73,0.0,upper_boundary,high,False
WASP-64,0.9182,9.7724,0.0449,1.6812,10,358.55,-0.08,ok,ok,True
WASP-23,0.8364,0.0365,0.0122,45.2941,10,205.28,-0.05,ok,high,False
CoRoT-5,0.9455,10.0,-0.1184,524.067,10,834.75,-0.25,upper_boundary,high,False
HATS-66,1.1909,5.6234,0.0776,512.3381,10,1465.22,-0.017,ok,high,False
CoRoT-24,0.8636,0.0316,0.3061,490.2862,10,594.99,0.3,lower_boundary,high,False
HATS-45,1.0273,9.3325,0.1102,345.9586,10,773.16,0.02,ok,high,False
CoRoT-1,0.9455,10.0,-0.151,320.3768,10,743.85,-0.3,upper_boundary,high,False
CoRoT-4,1.0,9.3325,0.1755,391.7507,10,712.18,0.05,ok,high,False
CoRoT-13,1.0,9.7724,0.1429,729.2315,10,1201.21,0.01,ok,high,False
TOI-530,0.5636,0.3652,0.2408,2.6572,10,146.68,0.376,ok,ok,True
CoRoT-14,1.0273,10.0,0.0776,801.9261,10,1825.93,0.05,upper_boundary,high,False
HATS-41,1.2182,5.2481,0.3714,196.437,10,703.3,0.47,ok,high,False
TOI-1716,1.0,7.7625,0.0122,0.5064,10,103.56,0.096,ok,ok,True
TOI-4127,1.0545,6.9183,0.0449,53.5683,10,320.23,0.14,ok,high,False
TOI-500,0.7273,9.3325,0.1755,0.7949,10,47.38,0.12,ok,ok,True
TOI-5082,0.9182,6.0256,-0.0531,1.051,10,42.96,0.09,ok,ok,True
TOI-5592,0.9727,9.7724,-0.151,171.8627,10,578.87,-0.013,ok,high,False
TOI-2589,0.9455,10.0,0.2082,20.2823,10,198.61,0.12,upper_boundary,high,False
WASP-121,1.3273,1.8197,0.1429,0.1419,10,262.4,0.17,ok,ok,True
NGTS-33,1.2455,3.3113,-0.0857,58.3349,10,435.67,-0.11,ok,high,False
HD 56414,1.7091,0.7499,0.0122,0.3011,10,267.16,0.0,ok,ok,True
TOI-1221,0.9455,7.0795,0.1102,0.3735,10,136.95,0.06,ok,ok,True
TOI-2842,1.0273,9.7724,0.3714,154.284,10,450.24,0.233,ok,high,False
KELT-14,1.0545,9.1201,0.2735,9.3564,10,245.87,0.32,ok,ok,True
HATS-42,1.0273,10.0,0.3061,289.9651,10,786.59,0.22,upper_boundary,high,False
HAT-P-24,1.0,8.3176,-0.1837,103.55,10,405.08,-0.16,ok,high,False
HATS-70,1.5727,1.6982,-0.0857,359.9692,10,1273.29,0.041,ok,high,False
TOI-4791,1.0545,8.3176,0.1429,20.2577,10,315.85,0.207,ok,high,False
TOI-2886,1.0273,9.5499,0.3061,105.5248,10,412.18,0.284,ok,high,False
HAT-P-9,1.0545,8.5114,0.2082,171.3818,10,455.78,0.12,ok,high,False
TOI-2876,0.9182,0.0365,0.3061,98.0405,10,221.28,0.353,ok,high,False
TOI-4214,1.0818,8.7096,0.4041,42.7974,10,334.52,0.294,ok,high,False
XO-4,1.0818,6.0256,-0.151,13.6866,10,262.64,-0.04,ok,high,False
TOI-4794,1.0,10.0,-0.0204,186.8854,10,548.84,-0.102,upper_boundary,high,False
TOI-481,1.2455,4.7863,0.3714,0.5598,10,177.41,0.26,ok,ok,True
KELT-19 A,1.4364,1.8197,-0.1184,43.6993,10,291.95,-0.12,ok,high,False
HAT-P-20,0.7545,7.0795,0.4367,0.9664,10,71.22,0.35,ok,ok,True
TOI-4562,1.0,9.5499,0.2082,108.9619,10,344.43,0.08,ok,high,False
HATS-39,1.1364,6.3096,0.0122,199.86,10,779.75,0.0,ok,high,False
TOI-150,1.0818,8.5114,0.2735,28.752,10,332.38,0.28,ok,high,False
HAT-P-33,1.1909,4.5709,-0.0531,38.5943,10,391.89,0.05,ok,high,False
HAT-P-39,1.2182,5.0119,0.1102,142.467,10,693.43,0.19,ok,high,False
TOI-715,0.1545,0.1,-0.3143,47.4627,10,42.46,-0.25,ok,high,False
TOI-1011,0.8909,8.3176,0.0776,1.5257,10,52.35,0.03,ok,ok,True
HATS-55,1.0,9.3325,0.2408,223.6505,10,599.17,0.108,ok,high,False
TOI-4504,0.9455,0.0316,0.3061,78.4811,10,336.72,0.16,lower_boundary,high,False
TOI-4773,1.1636,5.2481,0.0122,104.0739,10,501.5,0.11,ok,high,False
TOI-969,0.7273,6.166,0.1755,2.4344,10,77.71,0.175,ok,ok,True
TOI-2587 A,1.0545,8.7096,0.0449,72.0587,10,370.03,0.13,ok,high,False
TOI-1937 A,0.9727,8.9125,0.3388,133.7225,10,410.32,0.196,ok,high,False
XO-5,0.9455,9.7724,0.1755,128.298,10,271.19,0.05,ok,high,False
TOI-1723,0.9727,8.9125,0.1755,13.1109,10,100.39,0.159,ok,high,False
TOI-2322,0.6727,8.9125,-0.1184,0.7043,10,59.86,-0.12,ok,ok,True
XO-2 N,0.9455,7.9433,0.4367,0.527,10,149.38,0.43,ok,ok,True
KELT-15,1.0545,7.4131,-0.0531,9.1789,10,314.69,0.05,ok,ok,True
HD 63433,0.8909,6.0256,-0.151,0.8195,10,22.36,-0.07,ok,ok,True
HD 63935,0.8909,8.7096,-0.0204,0.52,10,48.77,0.107,ok,ok,True
HAT-P-50,1.0273,7.7625,-0.249,150.1709,10,477.78,-0.18,ok,high,False
HAT-P-68,0.6727,0.0487,-0.151,120.8934,10,200.92,-0.059,ok,high,False
TOI-283,0.8091,6.9183,-0.1184,0.9434,10,82.44,-0.09,ok,ok,True
TOI-2529,1.0545,9.7724,0.2408,6.7405,10,296.92,0.1,ok,ok,True
TOI-2818,0.9727,9.5499,0.1102,3.6794,10,309.48,-0.02,ok,ok,True
GJ 3470,0.5091,0.154,0.0776,1.5127,10,29.38,0.2,ok,ok,True
GJ 3473,0.3727,9.3325,0.0122,2.091,6,27.3,0.11,ok,ok,True
TOI-1728,0.6455,2.0893,0.1429,0.7527,10,60.82,0.25,ok,ok,True
TOI-3819,1.0545,9.5499,0.2408,136.0787,10,545.75,0.273,ok,high,False
K2-373,1.0273,8.3176,-0.0531,19.8853,10,226.34,0.049,ok,high,False
HAT-P-35,1.0545,9.5499,0.2408,221.6587,10,518.4,0.11,ok,high,False
TOI-521,0.3727,0.075,-0.2163,6.0893,10,60.84,-0.12,ok,ok,True
K2-108,1.0818,9.3325,0.4367,84.0526,10,465.76,0.36,ok,high,False
WASP-180 A,1.1364,2.5119,-0.0204,1.3823,10,249.65,0.1,ok,ok,True
HAT-P-30,1.1091,5.7544,0.0776,15.7056,10,207.18,0.13,ok,high,False
TIC 139270665,1.1636,3.9811,0.2082,0.4215,10,185.34,0.156,ok,ok,True
K2-338,0.6182,0.0562,-0.3796,75.8636,10,157.91,-0.23,ok,high,False
L 98-59,0.2636,0.1,-0.3469,0.9417,6,10.61,-0.46,ok,ok,True
TOI-519,0.3455,0.1,0.1429,210.0693,10,114.6,0.27,ok,high,False
K2-355,0.9182,0.0316,-0.0204,332.8688,10,487.99,-0.12,lower_boundary,high,False
K2-183,0.9455,0.0316,0.1102,226.4588,10,318.36,0.09,lower_boundary,high,False
K2-271,0.8636,9.3325,-0.151,485.1224,10,529.93,-0.3,ok,high,False
TOI-622,1.2455,2.3988,0.0449,0.5772,10,122.55,0.09,ok,ok,True
K2-105,0.8909,10.0,0.2408,61.9625,10,197.89,0.22,upper_boundary,high,False
TOI-6420,1.0273,10.0,0.2735,198.312,10,600.2,0.24,upper_boundary,high,False
KELT-17,1.4909,1.2882,-0.151,0.3083,10,225.96,-0.018,ok,ok,True
K2-276,0.8636,0.0316,0.1429,401.7666,10,470.77,0.07,lower_boundary,high,False
K2-346,0.6727,0.0487,-0.3143,6.6119,10,105.22,-0.18,ok,ok,True
WASP-161,1.3273,2.9512,0.1429,37.1778,10,352.91,0.16,ok,high,False
K2-347,0.6455,0.0316,-0.3469,472.0955,10,315.68,-0.26,lower_boundary,high,False
TOI-1478,0.9182,9.3325,0.0449,0.3554,10,151.79,0.078,ok,ok,True
K2-180,0.7273,0.0316,-0.5429,79.646,10,202.54,-0.578,lower_boundary,high,False
K2-122,0.6182,8.9125,0.2082,6.6784,10,72.25,0.32,ok,ok,True
K2-98,1.0,9.1201,-0.151,216.0325,10,513.5,-0.044,ok,high,False
K2-115,0.8091,9.5499,-0.3143,5.0965,10,400.7,-0.198,ok,ok,True
HIP 41378,1.1909,2.5704,0.0449,0.4899,10,105.6,-0.1,ok,ok,True
K2-330,1.1909,3.6308,0.0122,0.28,10,157.97,-0.03,ok,ok,True
K2-121,0.7273,0.0562,0.1755,151.6489,10,168.55,0.04,ok,high,False
WASP-169,1.3273,3.8019,0.1102,93.3214,10,606.31,0.06,ok,high,False
K2-181,0.9455,10.0,0.2735,231.7095,10,356.58,0.18,upper_boundary,high,False
K2-34,1.0545,8.5114,0.1429,105.6791,10,342.32,0.01,ok,high,False
K2-337,0.9455,10.0,-0.151,181.4451,10,423.35,-0.27,upper_boundary,high,False
K2-97,1.1909,6.9392,0.4694,115.7162,10,805.99,0.328,ok,high,False
K2-114,0.8636,5.0119,0.2735,405.4772,10,469.66,0.42,ok,high,False
K2-340,0.9455,9.5499,0.2082,529.0019,10,701.8,0.08,ok,high,False
K2-371,0.8091,0.0316,-0.0204,434.3798,10,438.73,-0.107,lower_boundary,high,False
K2-356,0.8909,0.0316,0.0122,260.149,10,354.46,-0.11,lower_boundary,high,False
TIC 172900988 Aa,1.3818,3.3884,0.3714,0.3191,10,244.36,0.34,ok,ok,True
HAT-P-43,0.9727,10.0,0.3388,281.9579,10,516.47,0.2,upper_boundary,high,False
K2-354,0.4,0.075,-0.1184,105.9911,10,90.5,-0.04,ok,high,False
K2-184,0.7545,10.0,-0.249,0.8354,10,75.48,-0.1,upper_boundary,ok,False
K2-274,0.7545,0.0316,-0.2816,224.6705,10,226.92,-0.16,lower_boundary,high,False
K2-95,0.2909,0.0316,-0.0204,653.9715,10,178.3,0.1,lower_boundary,high,False
K2-335,1.0273,10.0,0.2082,363.0138,10,523.95,0.1,upper_boundary,high,False
TOI-6695,1.2455,4.2658,0.2408,15.0783,10,281.15,0.2,ok,high,False
K2-100,1.0545,7.7625,0.3061,70.3588,10,181.74,0.22,ok,high,False
K2-104,0.4545,0.0365,0.0449,370.328,10,185.06,0.18,ok,high,False
K2-263,0.8909,0.0316,-0.0204,71.1329,10,162.02,-0.08,lower_boundary,high,False
HD 73583,0.7,4.3652,-0.0857,0.4536,10,31.56,0.0,ok,ok,True
HD 73344,1.1364,2.5704,0.0776,1.1816,10,35.2,0.143,ok,ok,True
K2-273,0.9182,0.0316,0.3061,274.8728,10,303.14,0.2,lower_boundary,high,False
K2-188,0.9727,10.0,0.1102,176.7217,10,433.35,-0.01,upper_boundary,high,False
HAT-P-13,1.3,4.2658,0.502,0.6107,10,243.76,0.46,ok,ok,True
K2-146,0.2909,0.0866,-0.0857,159.2091,10,80.2,-0.02,ok,high,False
K2-102,0.7818,0.0365,0.1429,123.4331,10,184.65,0.14,ok,high,False
K2-339,0.7273,0.0316,-0.249,339.0635,10,360.02,-0.11,lower_boundary,high,False
K2-269,0.9727,9.3325,-0.2163,119.3979,10,362.57,-0.08,ok,high,False
K2-182,0.8636,2.5119,0.1429,13.3431,10,153.57,0.022,ok,high,False
K2-185,0.8909,10.0,0.0449,172.3476,10,268.9,-0.1,upper_boundary,high,False
TOI-564,0.9727,9.1201,0.2735,51.8082,10,197.79,0.143,ok,high,False
K2-101,0.7818,0.0422,0.1102,129.657,10,184.56,0.07,ok,high,False
EPIC 211822797,0.6182,0.0562,0.0776,221.7326,10,185.03,0.2,ok,high,False
K2-341,0.9455,10.0,0.0449,235.8825,10,414.43,-0.05,upper_boundary,high,False
K2-375,1.0,10.0,-0.0204,261.0364,10,680.54,-0.091,upper_boundary,high,False
HAT-P-69,1.5727,1.349,-0.1184,32.7009,10,332.05,-0.069,ok,high,False
K2-372,0.9182,0.0316,0.0122,273.6411,10,454.16,-0.064,lower_boundary,high,False
K2-348,0.8364,8.3176,0.2408,1.3902,10,200.31,0.13,ok,ok,True
TOI-3785,0.4818,0.075,-0.0204,23.8263,10,79.44,0.099,ok,high,False
WASP-84,0.8909,1.9953,0.1102,1.0466,10,100.03,0.0,ok,ok,True
K2-270,0.8364,0.0365,0.2735,203.3709,10,277.83,0.26,ok,high,False
K2-264,0.3455,0.0316,-0.151,388.7348,10,178.15,-0.013,lower_boundary,high,False
WASP-36,0.8909,9.5499,-0.1184,176.8934,10,373.85,-0.26,ok,high,False
K2-357,0.9727,0.0316,0.1102,288.5183,10,506.39,-0.02,lower_boundary,high,False
K2-119,0.7273,0.0316,-0.1837,346.502,10,358.4,-0.05,lower_boundary,high,False
K2-118,0.8364,0.0365,0.2408,269.375,10,320.07,0.129,ok,high,False
K2-275,0.7273,0.0422,-0.151,79.5383,10,123.41,-0.06,ok,high,False
K2-187,0.9182,0.0316,0.0776,251.7284,10,322.39,0.0,lower_boundary,high,False
K2-272,0.8636,0.0316,-0.0204,378.9486,10,414.61,-0.09,lower_boundary,high,False
K2-345,0.5909,1.1749,0.2735,171.5729,10,160.37,0.26,ok,high,False
K2-376,0.9455,9.7724,-0.0531,19.6527,10,160.24,-0.176,ok,high,False
K2-331,0.9455,8.7096,0.0776,21.8318,10,206.75,0.08,ok,high,False
K2-342,0.9455,10.0,0.0449,56.1317,10,210.39,-0.06,upper_boundary,high,False
55 Cnc,0.8909,10.0,0.2408,0.3508,6,12.58,0.35,upper_boundary,ok,False
WASP-65,0.9455,9.7724,0.0776,119.4704,10,272.07,-0.07,ok,high,False
TOI-615,1.3,2.5704,-0.249,5.7583,10,352.54,-0.1,ok,ok,True
K2-124,0.3455,0.0562,-0.1184,194.6914,10,136.38,0.023,ok,high,False
K2-268,0.8364,0.0316,0.0449,239.3806,10,321.1,0.03,lower_boundary,high,False
K2-358,0.9182,0.0316,0.0122,371.343,10,466.8,-0.07,lower_boundary,high,False
K2-336,0.8091,7.2444,-0.0857,95.4921,10,236.38,-0.17,ok,high,False
K2-117,0.5364,1.122,0.0449,43.2085,10,101.78,-0.05,ok,high,False
K2-343,0.4,0.0316,-0.249,262.0073,10,165.88,-0.1,lower_boundary,high,False
K2-123,0.5909,0.0562,-0.1184,148.3903,10,160.83,0.03,ok,high,False
G 9-40,0.3182,0.2738,-0.1837,0.9203,6,27.82,-0.07,ok,ok,True
TOI-2669,1.3,4.7863,0.2408,2.5115,10,392.21,0.1,ok,ok,True
TOI-2368,0.8909,0.0365,0.2408,38.3741,10,209.88,0.1,ok,high,False
K2-419 A,0.4818,0.0316,-0.1837,398.4072,10,261.22,-0.11,lower_boundary,high,False
K2-186,0.9727,9.7724,0.2082,216.8547,10,339.67,0.06,ok,high,False
HAT-P-42,1.0545,9.3325,0.3388,61.4934,10,407.5,0.27,ok,high,False
WASP-170,1.0,0.0316,0.3061,129.8875,10,301.6,0.22,lower_boundary,high,False
TOI-2545,0.9727,6.7608,-0.1837,0.4553,10,105.03,-0.2729,ok,ok,True
K2-332,0.2091,0.0649,-0.0531,330.3704,10,124.16,0.09,ok,high,False
K2-344,0.4545,0.0365,-0.8041,34.0096,10,75.4,-0.95,ok,high,False
TOI-5573,0.6182,0.075,0.2735,173.0534,10,185.84,0.42,ok,high,False
K2-334,1.2455,3.7154,0.2082,54.8049,10,374.25,0.17,ok,high,False
EPIC 211945201,1.1636,4.1687,0.1755,0.3346,10,179.63,0.1,ok,ok,True
HD 77946,1.1364,4.5709,0.1755,0.4916,10,98.96,0.215,ok,ok,True
K2-333,1.0,9.5499,0.2082,132.1694,10,346.37,0.07,ok,high,False
K2-415,0.1818,1.2882,-0.1837,2.1021,6,21.78,-0.13,ok,ok,True
K2-374,0.8636,10.0,-0.151,339.6012,10,360.44,-0.292,upper_boundary,high,False
TOI-3807,1.0545,9.7724,0.4041,119.1169,10,418.92,0.278,ok,high,False
HATS-52,0.8636,10.0,-0.151,370.8971,10,549.45,-0.2843,upper_boundary,high,False
WASP-13,1.0818,7.7625,0.1102,25.235,10,229.27,0.0,ok,high,False
HD 80653,1.0545,5.8884,0.1102,0.3081,10,107.56,0.255,ok,ok,True
GJ 341,0.5364,0.2371,-0.0857,0.6265,6,10.45,-0.16,ok,ok,True
K2-352,0.8909,7.2444,-0.151,0.2672,10,176.87,-0.05,ok,ok,True
WASP-142,1.1091,7.9433,0.2082,188.9684,10,694.38,0.26,ok,high,False
HD 80606,0.9727,8.1283,0.2735,1.1014,10,65.9,0.35,ok,ok,True
NGTS-9,1.2182,4.3652,0.4367,186.1526,10,593.23,0.31,ok,high,False
TOI-620,0.5636,7.0795,0.2082,0.5106,6,33.0,0.35,ok,ok,True
TOI-1789,1.4636,2.8184,0.4694,0.597,10,221.73,0.373,ok,ok,True
TOI-2977,0.9455,10.0,0.1102,126.2164,10,337.94,0.013,upper_boundary,high,False
GJ 357,0.3727,0.3162,-0.1837,1.0403,6,9.43,-0.12,ok,ok,True
TOI-677,1.0818,5.8884,0.0776,0.7457,10,141.66,0.0,ok,ok,True
HATS-64,1.3545,3.6308,0.1429,265.7078,10,1052.53,0.22,ok,high,False
TOI-3364,1.0545,8.9125,0.5347,27.143,10,272.44,0.387,ok,high,False
TOI-1898,1.2182,3.5481,-0.1184,0.2715,10,79.9,-0.095,ok,ok,True
WASP-166,1.1636,2.8184,0.2082,0.4382,10,113.88,0.19,ok,ok,True
HATS-26,1.1364,6.4565,0.0449,21.4342,10,821.77,-0.02,ok,high,False
TOI-3856,0.9727,10.0,0.6,121.2029,10,309.48,0.454,upper_boundary,high,False
GJ 367,0.4818,1.9953,0.0122,0.7861,6,9.42,-0.01,ok,ok,True
TOI-2000,1.0,7.9433,0.4041,1.1618,10,173.18,0.439,ok,ok,True
TOI-1994,1.6273,1.5136,-0.0857,34.4143,10,499.76,-0.01,ok,high,False
MASCARA-4,1.6545,1.0715,-0.0531,1.5398,10,168.09,0.0,ok,ok,True
TOI-561,0.8091,0.0316,-0.3469,1.0632,10,84.25,-0.41,lower_boundary,ok,False
Wolf 327,0.4273,0.1778,-0.0204,1.2797,10,28.56,-0.17,ok,ok,True
WASP-19,0.9182,9.7724,0.1755,48.1324,10,265.14,0.04,ok,high,False
KELT-3,1.1636,4.7863,-0.0857,2.1064,10,207.64,0.05,ok,ok,True
HD 86226,0.9455,7.0795,-0.1184,1.626,10,45.55,0.018,ok,ok,True
HATS-77,0.7,0.0422,0.1429,407.6036,10,426.86,0.253,ok,high,False
TOI-6478,0.1818,0.1334,-0.4122,1.6292,10,38.51,-0.53,ok,ok,True
TOI-2969,0.7818,0.0316,0.0449,54.7521,10,162.34,0.08,lower_boundary,high,False
TOI-1775,0.9182,3.2359,0.2735,40.4323,10,148.74,0.162,ok,high,False
HAT-P-66,1.1909,5.4954,0.0449,253.0576,10,903.82,0.035,ok,high,False
TOI-2096,0.2364,9.1201,-0.151,23.9786,10,48.35,-0.03,ok,high,False
TOI-5126,1.1636,3.8019,0.2735,5.7234,10,159.78,0.18,ok,ok,True
TOI-1235,0.6455,0.2054,0.2082,0.762,10,39.57,0.33,ok,ok,True
TOI-3837,0.9455,9.7724,-0.1184,124.4414,10,319.84,-0.26,ok,high,False
BD-14 3065 A,1.3818,2.5704,-0.4449,1.271,10,558.97,-0.34,ok,ok,True
GJ 1132,0.2091,0.7499,-0.2163,2.229,6,12.61,-0.17,ok,ok,True
HD 88986,1.0,9.5499,-0.0531,1.3994,10,33.3,0.06,ok,ok,True
HATS-38,0.9455,8.9125,0.0449,182.2652,10,336.89,-0.102,ok,high,False
K2-400,0.3182,0.0649,-0.1837,47.0519,10,62.55,-0.051,ok,high,False
LTT 3780.00,0.4,8.3176,0.0776,1.5224,6,22.02,0.06,ok,ok,True
HD 89345,1.1364,7.2444,0.4041,0.5255,10,130.8,0.421,ok,ok,True
WASP-43,0.6455,0.0562,-0.151,6.6537,10,87.0,-0.05,ok,ok,True
K2-401,0.6727,0.0365,-0.2163,274.9887,10,199.82,-0.098,ok,high,False
TOI-1107,1.1091,5.4954,-0.249,1.4052,10,286.65,-0.1,ok,ok,True
HAT-P-22,0.9455,9.5499,0.3714,10.3737,10,81.3,0.24,ok,high,False
TOI-815,0.7818,6.4565,0.0122,0.5061,10,59.37,-0.09,ok,ok,True
TOI-3362,1.3273,2.6915,-0.0531,0.1901,10,356.95,0.017,ok,ok,True
K2-321,0.5909,9.5499,0.2082,2.9604,10,76.83,0.148,ok,ok,True
TOI-1231,0.4818,1.8197,-0.0857,1.1359,6,27.47,0.041,ok,ok,True
TOI-1772,0.9455,5.2481,0.0122,0.2708,10,97.09,0.1282,ok,ok,True
TOI-837,0.9455,8.7096,0.0776,4.4945,10,142.44,0.01,ok,ok,True
KELT-4 A,1.1091,6.4565,-0.0531,1.5923,10,216.61,-0.116,ok,ok,True
TOI-1260,0.6727,2.5119,-0.0204,0.5541,10,73.26,-0.1,ok,ok,True
Qatar-8,1.0,9.7724,0.1429,28.4678,10,274.03,0.025,ok,high,False
K2-266,0.6727,0.0562,-0.1184,4.2492,10,77.54,-0.12,ok,ok,True
WASP-66,1.0273,7.0795,-0.3796,125.876,10,492.25,-0.31,ok,high,False
TOI-669,0.9182,8.1283,0.0449,0.7115,10,141.81,0.001,ok,ok,True
HD 307842,0.8636,8.7096,-0.0204,1.5914,10,64.54,-0.13,ok,ok,True
EPIC 248847494,1.0273,9.1201,-0.0857,102.3372,10,568.84,-0.23,ok,high,False
TOI-733,0.9182,6.0256,-0.0531,0.5445,10,75.18,-0.04,ok,ok,True
OGLE-TR-211,1.0545,9.7724,0.2408,1.4986,6,1761.51,0.11,ok,ok,True
TOI-663,0.5091,0.154,-0.0531,0.7354,10,63.89,0.07,ok,ok,True
K2-404,0.5364,0.0866,-0.1184,96.4264,10,120.98,0.005,ok,high,False
WASP-127,0.9727,9.5499,-0.0531,1.5016,10,159.82,-0.193,ok,ok,True
K2-239,0.2636,0.487,-0.2163,14.8381,10,31.07,-0.1,ok,high,False
WASP-104,0.9182,8.9125,0.4694,33.199,10,184.92,0.32,ok,high,False
WASP-197,1.2182,4.6774,-0.0531,40.4003,10,466.56,0.0,ok,high,False
Qatar-9,0.7273,0.0422,0.1102,115.9054,10,212.91,0.252,ok,high,False
TOI-2524,0.9727,10.0,0.1755,161.3313,10,431.28,0.06,upper_boundary,high,False
K2-402,0.9182,9.1201,-0.249,265.2698,10,481.25,-0.378,ok,high,False
KELT-11,1.4091,3.3113,0.1102,3.7353,10,99.63,0.17,ok,ok,True
K2-398,0.9455,10.0,-0.151,287.4575,10,595.87,-0.257,upper_boundary,high,False
TOI-5398,1.0,5.1286,-0.0531,1.5091,10,130.84,0.09,ok,ok,True
KELT-24,1.2455,3.3113,0.0122,0.9915,10,96.68,0.138,ok,ok,True
OGLE-TR-132,0.9727,10.0,0.4367,0.4582,6,2259.48,0.37,upper_boundary,ok,False
HD 93963 A,1.0273,3.6308,0.0122,0.8012,10,82.08,0.11,ok,ok,True
K2-261,1.0818,9.1201,0.4367,4.7695,10,213.21,0.372,ok,ok,True
OGLE-TR-113,,,,inf,3,582.01,0.09,ok,inf,False
OGLE-TR-111,0.8636,0.0316,0.3388,0.8987,6,1083.95,0.19,lower_boundary,ok,False
TOI-2981,0.9455,8.9125,0.0122,242.7684,10,522.73,-0.11,ok,high,False
TOI-2986,1.0273,10.0,0.1429,224.5374,10,553.42,0.095,upper_boundary,high,False
WASP-183,0.8636,0.0316,-0.1837,197.6201,10,317.41,-0.31,lower_boundary,high,False
TOI-2005,1.6,1.7378,0.0776,0.6188,10,332.32,0.0,ok,ok,True
TOI-771,0.2091,0.1778,-0.249,3.1861,10,25.32,-0.13,ok,ok,True
K2-403,0.8909,0.0316,-0.0857,75.7808,10,243.15,-0.162,lower_boundary,high,False
TOI-2992,1.0545,9.3325,0.1755,109.3922,10,555.15,0.084,ok,high,False
WASP-193,0.9727,9.7724,0.0122,175.7897,10,373.15,-0.108,ok,high,False
K2-405,0.8091,0.0365,0.0449,64.6853,10,197.73,0.132,ok,high,False
TOI-674,0.4273,0.154,0.0449,1.642,10,46.15,0.17,ok,ok,True
TOI-654,0.4545,4.7863,0.0449,1.1449,6,57.69,0.12,ok,ok,True
TOI-1776,0.8909,7.5858,-0.151,0.3942,10,44.69,-0.193,ok,ok,True
HD 95338,0.8364,9.1201,0.0776,0.3686,6,36.95,0.08,ok,ok,True
TOI-4377,1.1364,8.1283,0.3388,13.6763,10,455.64,0.205,ok,high,False
KPS-1,0.9182,0.0316,0.2735,97.9937,10,262.28,0.22,lower_boundary,high,False
TOI-3023,1.0273,10.0,0.2082,68.7103,10,387.71,0.085,upper_boundary,high,False
TOI-5143,0.9182,0.0316,0.2082,49.2558,10,177.6,0.107,lower_boundary,high,False
WASP-34,0.9455,8.7096,0.0776,1.0081,10,130.68,-0.02,ok,ok,True
LP 791-18,0.1273,0.1778,-0.151,41.4509,10,26.6,-0.09,ok,high,False
TOI-762 A,0.4,0.075,0.2082,34.4113,10,98.36,0.357,ok,high,False
TOI-5108,1.0818,6.3096,0.2082,0.9154,10,130.41,0.2,ok,ok,True
WASP-175,1.0273,9.7724,0.2735,254.5535,10,541.06,0.15,ok,high,False
WASP-106,1.0273,8.7096,-0.0204,76.6798,10,354.31,-0.02,ok,high,False
TOI-1199,1.0818,8.3176,0.4367,12.1507,10,245.99,0.44,ok,high,False
OGLE2-TR-L9,1.0,9.3325,-0.0857,0.5,6,1512.63,-0.05,ok,ok,True
K2-7,1.0273,10.0,0.1429,235.9313,10,688.61,0.049,upper_boundary,high,False
TOI-1799,0.8909,8.7096,-0.0857,0.7783,10,62.09,-0.064,ok,ok,True
OGLE-TR-182,1.0273,8.9125,0.502,3.3531,6,2841.18,0.37,ok,ok,True
TOI-1194,0.9182,8.7096,0.2735,1.0338,10,148.57,0.348,ok,ok,True
TOI-672,0.4273,0.0316,-0.5755,4.8686,10,66.82,-0.71,lower_boundary,ok,False
TOI-1203,0.8909,10.0,-0.2816,3.7859,6,64.88,-0.39,upper_boundary,ok,False
WASP-162,1.0,9.1201,0.4041,178.7658,10,305.38,0.28,ok,high,False
NGTS-24,1.0818,9.3325,0.3388,257.547,10,705.56,0.27,ok,high,False
K2-47,0.8091,0.0316,-0.0857,247.1304,10,349.11,-0.224,lower_boundary,high,False
HD 97658,0.8091,1.6982,-0.151,2.1691,10,21.54,-0.23,ok,ok,True
EPIC 201497682,0.7,0.0422,-0.1837,188.4411,10,251.43,-0.0892,ok,high,False
K2-11,0.8636,0.0316,-0.0531,197.2511,10,327.54,-0.12,lower_boundary,high,False
K2-5,0.5636,0.0365,-0.4449,255.0916,10,199.85,-0.33,ok,high,False
WASP-31,0.9727,9.5499,-0.0857,98.7289,10,381.09,-0.2,ok,high,False
K2-36,0.7818,1.0233,0.0449,0.6595,10,108.71,-0.047,ok,ok,True
K2-22,0.6182,0.0365,-0.0531,189.7873,10,238.81,0.032,ok,high,False
K2-50,0.6727,3.1623,-0.0204,5.2199,10,253.67,-0.1132,ok,ok,True
K2-8,0.8091,0.0316,0.0449,371.4757,10,404.28,-0.02,lower_boundary,high,False
TOI-5704,0.7818,5.1286,0.3714,2.2246,10,89.38,0.428,ok,ok,True
K2-35,0.7273,0.0316,-0.0857,170.974,10,252.5,0.04,lower_boundary,high,False
EPIC 201170410,0.3455,0.0316,0.0776,304.2768,10,216.82,-0.048,lower_boundary,high,False
K2-13,0.8091,10.0,-0.4122,202.2283,10,337.19,-0.54,upper_boundary,high,False
TOI-5720,0.4,0.4217,-0.0204,0.5315,6,35.84,0.03,ok,ok,True
HATS-59,0.9455,10.0,0.2735,318.1654,10,617.84,0.18,upper_boundary,high,False
TOI-3877,1.0545,10.0,0.4041,180.3625,10,492.43,0.269,upper_boundary,high,False
HATS-74 A,0.5909,0.0316,0.3714,386.9029,10,287.69,0.514,lower_boundary,high,False
TOI-2641,0.9727,9.7724,-0.0857,46.0349,10,342.58,-0.15,ok,high,False
TOI-2989,0.7,0.0365,-0.151,110.5875,10,193.43,-0.04,ok,high,False
HAT-P-21,0.9727,10.0,0.1102,22.6914,10,280.23,0.01,upper_boundary,high,False
K2-27,0.9182,0.0316,0.1429,165.4574,10,247.38,0.12,lower_boundary,high,False
WASP-171,1.1909,5.6234,0.0776,140.2472,10,713.89,0.04,ok,high,False
K2-164,1.0545,6.9183,-0.249,0.7296,10,376.16,-0.23,ok,ok,True
K2-10,0.9455,0.0316,0.0776,84.9657,10,271.14,-0.07,lower_boundary,high,False
K2-3,0.5364,3.02,-0.2816,0.633,10,43.94,-0.157,ok,ok,True
K2-18,0.4545,0.154,0.0449,0.9481,10,38.09,0.12,ok,ok,True
K2-12,0.9455,10.0,0.1102,78.4321,10,316.27,0.0,upper_boundary,high,False
TOI-3071,1.1091,7.2444,0.3388,67.0501,10,491.88,0.35,ok,high,False
TOI-6894,0.1818,0.1334,0.0776,261.2376,10,72.79,0.142,ok,high,False
NGTS-30,0.9182,0.0316,0.0449,146.2272,10,240.73,-0.03,lower_boundary,high,False
HATS-18,0.9455,10.0,0.4041,384.3655,10,606.53,0.28,upper_boundary,high,False
HATS-22,0.8091,0.0316,0.0449,127.2945,10,230.2,0.0,lower_boundary,high,False
K2-44,1.0273,9.7724,0.0776,146.38,10,463.59,0.0,ok,high,False
TOI-5174,0.9727,9.5499,0.3061,13.3327,10,196.8,0.415,ok,high,False
K2-46,0.9455,8.3176,-0.4449,6.5543,10,442.72,-0.32,ok,ok,True
K2-4,0.6455,0.0316,-0.249,237.863,10,231.09,-0.12,lower_boundary,high,False
K2-19,0.8636,10.0,0.2082,134.8395,10,296.75,0.06,upper_boundary,high,False
K2-16,0.6727,0.0365,-0.3796,290.0097,10,328.36,-0.33,ok,high,False
EPIC 201841433,0.8091,0.0316,0.1102,375.5527,10,428.97,0.0,lower_boundary,high,False
HIP 56998,0.6727,1.3183,-0.2816,0.1612,6,12.78,-0.343,ok,ok,True
HATS-1,0.9455,8.7096,0.0776,134.5771,10,283.83,-0.06,ok,high,False
GJ 436,0.4545,1.6982,0.0449,0.8256,6,9.77,0.0991,ok,ok,True
TOI-1801,0.5364,0.1334,-0.1184,0.5465,10,30.86,-0.19,ok,ok,True
TOI-5634 A,0.5091,0.0316,-0.1837,316.9524,10,320.86,-0.27,lower_boundary,high,False
WASP-85 A,0.9727,9.1201,0.2408,28.8984,10,140.36,0.118,ok,high,False
K2-48,0.7273,0.0316,-0.2816,379.819,10,313.65,-0.19,lower_boundary,high,False
NGTS-13,1.1364,7.4131,0.2735,90.6476,10,645.7,0.25,ok,high,False
NGTS-12,1.0273,9.5499,0.1102,95.7569,10,440.3,-0.03,ok,high,False
K2-9,0.2909,0.1,-0.3143,140.9395,10,82.6,-0.25,ok,high,False
WASP-129,1.0,9.7724,0.2735,49.3647,10,311.57,0.15,ok,high,False
HATS-2,0.9182,0.0316,0.2735,195.8068,10,332.76,0.15,lower_boundary,high,False
TOI-1803,0.7818,2.6303,0.1429,11.5934,10,118.48,0.014,ok,high,False
K2-14,0.6182,0.0316,-0.249,365.6907,10,354.47,-0.37,lower_boundary,high,False
K2-15,0.7545,0.0316,-0.3469,479.9445,10,489.28,-0.46,lower_boundary,high,False
K2-6,0.8909,8.5114,-0.0204,250.557,10,315.94,-0.14,ok,high,False
K2-17,0.6455,5.6234,0.0449,57.2444,10,123.12,0.15,ok,high,False
TOI-776,0.5364,3.02,-0.0857,0.5692,6,27.13,-0.21,ok,ok,True
K2-242,0.3727,3.6308,-0.1184,283.7858,10,109.86,-0.01,ok,high,False
K2-158,0.8909,10.0,0.1755,28.8442,10,194.54,0.07,upper_boundary,high,False
HATS-56,1.4636,3.0903,0.2735,4.21,10,562.26,0.19,ok,ok,True
HATS-67,1.0818,8.9125,0.3388,310.5005,10,914.5,0.332,ok,high,False
K2-159,0.8364,0.0316,-0.1837,68.2852,10,171.17,-0.07,lower_boundary,high,False
NGTS-18,1.0,10.0,0.2408,457.4033,10,1014.13,0.15,upper_boundary,high,False
K2-243,1.0273,8.1283,-0.0531,61.9609,10,258.23,-0.03,ok,high,False
K2-241,0.7545,0.0316,-0.3796,44.4249,10,148.94,-0.44,lower_boundary,high,False
TOI-3884,0.2364,0.1,-0.0531,8.7924,10,43.33,0.04,ok,ok,True
K2-246,0.9182,0.0316,-0.0531,511.0867,10,723.14,-0.19,lower_boundary,high,False
K2-152,0.6182,8.9125,0.0776,42.8372,10,107.81,0.12,ok,high,False
K2-132,1.0273,10.0,0.0122,6.0932,10,604.05,-0.01,upper_boundary,ok,False
K2-163,0.8091,0.0365,0.1429,146.4293,10,197.94,0.14,ok,high,False
K2-252,0.8364,0.0316,-0.0204,103.0798,10,225.28,-0.09,lower_boundary,high,False
K2-156,0.6455,0.0365,-0.4122,77.0688,10,147.74,-0.33,ok,high,False
K2-131,0.7818,9.7724,0.0449,44.2777,10,153.38,-0.04,ok,high,False
K2-248,0.9182,0.0316,0.0449,213.2782,10,394.59,-0.1,lower_boundary,high,False
WASP-56,0.9727,10.0,0.1755,113.4113,10,324.07,0.12,upper_boundary,high,False
K2-249,1.0273,10.0,0.1102,125.404,10,520.11,0.04,upper_boundary,high,False
K2-244,0.8636,9.1201,-0.151,83.9022,10,213.29,-0.29,ok,high,False
HD 106315,1.1091,3.0903,-0.249,0.8162,10,108.54,-0.311,ok,ok,True
TOI-4860,0.3182,0.0866,0.1755,140.8792,10,80.45,0.27,ok,high,False
K2-226,0.8909,0.0316,0.0122,62.193,10,207.96,-0.05,lower_boundary,high,False
EPIC 201595106,0.9182,10.0,0.1102,89.1149,10,231.81,0.01,upper_boundary,high,False
K2-157,0.9182,0.0316,0.0776,101.0977,10,288.04,0.02,lower_boundary,high,False
K2-161,1.0273,9.5499,-0.0531,75.204,10,862.99,-0.03,ok,high,False
K2-153,0.5364,0.0649,-0.151,136.1065,10,143.11,-0.09,ok,high,False
TOI-782,0.4273,0.1778,0.2082,2.1422,10,52.07,0.34,ok,ok,True
K2-160,0.9727,0.0316,0.2082,177.8516,10,309.44,0.07,lower_boundary,high,False
EPIC 201427007,0.9182,9.3325,0.0776,221.1135,10,690.17,-0.053,ok,high,False
K2-165,0.8364,5.4954,0.0776,60.5491,10,130.57,-0.05,ok,high,False
TOI-5616,0.6727,0.0365,0.0122,536.3331,10,379.43,0.14,ok,high,False
TOI-4551,1.0818,9.3853,0.2408,1.8694,10,216.11,0.23,ok,ok,True
K2-250,0.8636,0.0316,0.1102,274.3134,10,403.64,-0.02,lower_boundary,high,False
TOI-1279,0.8364,7.7625,-0.1184,1.1544,10,106.62,-0.079,ok,ok,True
K2-245,0.8909,10.0,-0.3469,201.5636,10,451.11,-0.45,upper_boundary,high,False
K2-166,1.0818,8.3176,0.1429,158.1482,10,473.68,0.09,ok,high,False
K2-223,0.9455,9.1201,0.1755,7.8393,10,204.55,0.19,ok,ok,True
K2-254,0.6727,0.0422,-0.249,179.2284,10,227.0,-0.14,ok,high,False
K2-162,0.7273,7.7625,-0.0204,34.8729,10,124.48,-0.17,ok,high,False
K2-253,0.9182,10.0,0.1429,561.7693,10,845.35,0.0,upper_boundary,high,False
TOI-2068,0.5636,0.2371,0.1429,1.7736,10,52.99,0.27,ok,ok,True
EPIC 229004835,0.9182,6.9183,-0.1837,0.9695,10,121.06,-0.12,ok,ok,True
TOI-1451,0.9182,8.3176,-0.0857,0.604,10,90.66,0.019,ok,ok,True
K2-225,1.1091,8.1283,0.4694,1.2619,10,358.04,0.486,ok,ok,True
HD 108236,0.8364,8.5114,-0.2816,0.3612,10,64.48,-0.28,ok,ok,True
K2-259,1.0,9.5499,0.2408,151.9062,10,414.81,0.16,ok,high,False
K2-137,0.3455,0.0365,-0.1837,114.5951,10,98.63,-0.059,ok,high,False
K2-229,0.8636,0.2738,0.0122,0.615,10,102.05,-0.09,ok,ok,True
K2-228,0.7,0.0316,-0.3796,39.9853,10,161.78,-0.25,lower_boundary,high,False
K2-258,1.0,9.7724,0.1429,283.9815,10,622.81,0.01,ok,high,False
TOI-1820,1.0273,10.0,0.2082,16.2076,10,257.73,0.14,upper_boundary,high,False
TOI-757,0.7818,7.9433,-0.2163,0.7185,10,60.23,-0.27,ok,ok,True
K2-140,0.9455,9.7724,0.2408,130.0961,10,344.24,0.1,ok,high,False
HAT-P-36,0.9727,8.7096,0.3714,111.6304,10,291.48,0.25,ok,high,False
K2-257,0.5364,1.122,0.0449,9.6462,10,64.71,-0.03,ok,ok,True
WASP-107,0.6727,5.6234,-0.0204,0.7889,10,64.3,0.02,ok,ok,True
K2-247,0.7,0.0316,-0.1184,270.0826,10,260.13,-0.08,lower_boundary,high,False
TOI-1811,0.8091,0.0487,0.3388,37.9081,10,126.07,0.306,ok,high,False
K2-154,0.6455,0.0649,0.1102,121.601,10,130.09,0.21,ok,high,False
EPIC 228836835,0.2909,0.0316,-0.3143,205.1773,10,147.72,-0.18,lower_boundary,high,False
K2-224,0.9182,1.6982,-0.0531,152.1862,10,274.34,-0.19,ok,high,False
HD 109833,0.9727,4.2658,-0.0857,0.4257,10,79.49,-0.07,ok,ok,True
HD 110067,0.7818,8.3176,-0.2163,1.441,10,32.18,-0.2,ok,ok,True
K2-255,0.6727,0.0422,-0.249,91.4282,10,190.05,-0.14,ok,high,False
HD 110113,0.9455,6.0256,0.0122,0.7872,10,105.58,0.14,ok,ok,True
WASP-83,0.9727,8.5114,0.4367,82.2925,10,266.43,0.29,ok,high,False
WASP-41,0.9455,3.02,0.1755,0.8046,10,162.59,0.06,ok,ok,True
K2-251,0.4545,0.0422,-0.1837,182.5418,10,145.22,-0.04,ok,high,False
K2-227,0.8909,7.4131,0.0122,42.6095,10,189.2,-0.1,ok,high,False
K2-230,1.0273,10.0,0.2408,167.828,10,528.44,0.1,upper_boundary,high,False
HATS-31,1.1364,7.0795,0.1429,256.3927,10,794.76,0.0,ok,high,False
GJ 486,0.2364,0.0649,-0.249,0.7224,6,8.08,-0.15,ok,ok,True
TOI-756,0.5364,6.9183,0.2082,59.051,10,85.83,0.196,ok,high,False
TOI-1136,0.9727,3.9811,-0.0204,0.8997,10,84.43,0.07,ok,ok,True
HATS-17,1.0273,9.7724,0.4367,50.2368,10,395.71,0.3,ok,high,False
TOI-4961,0.9182,0.0316,0.2408,8.3031,10,212.6,0.206,lower_boundary,ok,False
HD 110082,1.1091,2.6915,-0.0531,0.0865,10,105.03,0.08,ok,ok,True
WASP-42,0.8909,0.0365,0.2735,1.5979,10,177.26,0.29,ok,ok,True
TOI-1135,1.0,6.4565,-0.1184,0.8146,10,113.94,0.0,ok,ok,True
HATS-27,1.1636,6.0256,0.1102,154.2705,10,783.26,0.09,ok,high,False
TOI-763,0.8636,8.5114,-0.0857,1.0261,10,95.33,0.01,ok,ok,True
TOI-2257,0.2636,0.0866,-0.3796,6.939,10,57.74,-0.27,ok,ok,True
WASP-25,0.9182,0.0316,-0.0531,45.4446,10,213.21,-0.2,lower_boundary,high,False
WASP-174,1.0273,7.9433,-0.0857,80.9707,10,404.41,0.06,ok,high,False
WASP-108,1.0273,7.2444,0.0449,1.6013,10,254.73,0.1478,ok,ok,True
TOI-3082,0.6727,8.9125,0.1102,26.9908,10,112.27,0.17,ok,high,False
KELT-6,1.0545,6.0256,-0.3469,0.97,10,242.34,-0.28,ok,ok,True
WASP-167,1.4909,1.7783,0.0449,7.6526,10,407.82,0.1,ok,ok,True
TOI-1823,0.8364,4.3652,0.3714,0.7895,10,71.56,0.243,ok,ok,True
HD 114082,1.1091,6.4565,-0.0531,363.4747,10,94.91,0.0,ok,high,False
TOI-1173,0.9182,7.2444,0.2408,0.5636,10,131.85,0.139,ok,ok,True
TOI-1824,0.8636,5.7544,0.1755,3.1164,10,59.42,0.124,ok,ok,True
TOI-1266,0.4273,0.1334,-0.249,0.6314,10,36.04,-0.109,ok,ok,True
TOI-1268,0.9727,0.1334,0.502,1.0382,10,109.76,0.36,ok,ok,True
K2-198,0.8909,0.1778,0.2082,10.389,10,111.08,0.094,ok,high,False
K2-349,0.7273,0.0316,-0.5429,401.3275,10,449.18,-0.66,lower_boundary,high,False
TOI-1272,0.8091,9.7724,0.1429,19.4387,10,137.02,0.182,ok,high,False
TOI-778,1.3545,2.2909,0.0122,0.359,10,161.7,0.0,ok,ok,True
WASP-172,1.4364,2.3988,-0.1184,35.3774,10,521.49,-0.1,ok,high,False
HATS-37 A,0.9455,0.0316,0.1755,120.4443,10,208.36,0.051,lower_boundary,high,False
K2-195,0.9182,9.1201,0.0449,91.6875,10,316.13,-0.09,ok,high,False
K2-196,1.1091,6.6069,-0.0857,64.6334,10,552.84,0.01,ok,high,False
TOI-1249,1.0273,1.9953,0.4041,2.1021,10,139.4,0.297,ok,ok,True
HATS-54,1.0,10.0,0.502,354.0844,10,712.62,0.37,upper_boundary,high,False
TOI-1807,0.7545,2.7542,0.0776,0.8524,10,42.54,0.044,ok,ok,True
TOI-3894,1.0273,8.1283,-0.0857,39.4773,10,411.92,0.021,ok,high,False
TOI-1238,0.6182,0.1334,0.1755,0.6086,10,70.64,0.31,ok,ok,True
K2-353,0.8636,10.0,-0.1184,71.8296,10,267.1,-0.21,upper_boundary,high,False
K2-191,0.9182,0.0316,0.3061,198.5372,10,280.63,0.31,lower_boundary,high,False
WASP-157,1.0,8.9125,0.3714,67.6614,10,336.69,0.25,ok,high,False
TOI-1842,1.3,4.0738,0.2082,0.5167,10,224.21,0.332,ok,ok,True
K2-277,0.9455,5.1286,0.0122,0.3896,10,112.16,0.078,ok,ok,True
K2-200,0.7818,0.0365,-0.151,41.1968,10,183.07,-0.04,ok,high,False
K2-197,0.9182,8.9125,0.2082,72.0068,10,246.82,0.08,ok,high,False
K2-377,0.6727,0.0487,-0.1184,75.6048,10,195.02,-0.008,ok,high,False
WASP-130,0.9727,8.7096,0.3714,12.7543,10,173.79,0.26,ok,high,False
K2-278,1.0273,10.0,0.0776,337.6447,10,755.23,0.0,upper_boundary,high,False
TOI-1794,1.0,9.7724,0.1755,2.019,10,154.82,0.035,ok,ok,True
HD 118203,1.2455,4.7863,0.1755,1.4232,10,91.87,0.287,ok,ok,True
K2-126,0.6727,1.0471,0.0122,24.0488,10,101.77,0.02,ok,high,False
POTS-1,0.6182,0.0562,-0.0531,46.1047,10,741.56,-0.03,ok,high,False
K2-189,0.8909,0.0316,-0.0204,37.448,10,241.1,-0.1,lower_boundary,high,False
WASP-55,0.9455,10.0,0.0449,90.2113,10,288.72,-0.03,upper_boundary,high,False
K2-350,0.9182,9.5499,0.1102,216.9879,10,475.6,-0.02,ok,high,False
EPIC 212737443,0.6727,0.0422,-0.2816,280.7609,10,335.64,-0.137,ok,high,False
K2-128,0.6727,5.6234,-0.151,1.0163,10,114.17,-0.26,ok,ok,True
TOI-4914,0.9182,9.1201,0.0122,88.319,10,293.09,-0.13,ok,high,False
K2-194,1.0273,10.0,0.1755,232.1495,10,631.26,0.1,upper_boundary,high,False
K2-279,0.8364,0.0316,-0.2816,32.8705,10,184.41,-0.37,lower_boundary,high,False
K2-378,0.7818,0.0316,-0.0857,753.9123,10,657.97,-0.206,lower_boundary,high,False
TOI-2485,1.0818,7.5858,0.0122,26.7682,10,392.1,0.097,ok,high,False
K2-193,0.9455,0.0316,0.0776,148.2459,10,402.83,0.0,lower_boundary,high,False
TOI-1855,0.9455,10.0,0.5347,21.9531,10,175.42,0.399,upper_boundary,high,False
K2-190,0.8909,8.9125,-0.0531,3.47,10,161.14,-0.19,ok,ok,True
K2-292,1.0,6.4565,0.1102,0.59,10,113.15,0.07,ok,ok,True
EPIC 212587672,0.9182,9.3325,-0.0531,92.8038,10,328.22,-0.18,ok,high,False
WASP-54,1.0273,6.7608,-0.3796,0.6175,10,248.9,-0.27,ok,ok,True
TOI-3493,0.9727,8.9125,-0.0204,0.7817,10,96.79,0.03,ok,ok,True
NGTS-27,1.1364,7.0795,0.1429,201.9382,10,937.42,0.0,ok,high,False
HAT-P-3,0.8909,5.2481,0.3388,1.1163,10,134.15,0.27,ok,ok,True
TOI-4336 A,0.3182,0.2054,-0.151,2.1331,10,22.45,-0.209,ok,ok,True
K2-192,0.8636,0.0316,0.0449,99.0633,10,223.11,0.15,lower_boundary,high,False
K2-351,0.9455,8.9125,0.2082,473.3373,10,650.71,0.08,ok,high,False
Wolf 503,0.6455,0.0422,-0.5102,0.678,6,44.56,-0.47,ok,ok,True
K2-127,0.8909,0.0316,0.0122,490.6736,10,705.36,-0.11,lower_boundary,high,False
EPIC 212297394,0.8364,0.0316,0.0776,255.9765,10,415.57,-0.03,lower_boundary,high,False
K2-110,0.7,0.0365,-0.4122,14.4248,10,116.01,-0.34,ok,high,False
TOI-3235,0.4,0.2371,0.1429,41.3214,10,72.32,0.264,ok,high,False
HIP 67522,1.0,9.7724,0.1429,2.3753,10,124.38,0.0,ok,ok,True
Qatar-2,0.7273,0.0365,-0.1184,112.1737,10,181.35,0.02,ok,high,False
TOI-3135,0.9455,8.7096,0.2082,19.0198,10,219.25,0.071,ok,high,False
HATS-25,0.9727,9.3325,0.1429,230.2269,10,470.52,0.02,ok,high,False
TOI-5713,0.2909,8.1283,-0.0531,0.8379,10,40.95,-0.03,ok,ok,True
K2-99,1.5727,2.6303,0.3388,19.3501,10,508.41,0.2,ok,high,False
HATS-7,0.8364,0.0365,0.2082,80.7471,10,239.42,0.25,ok,high,False
K2-199,0.7,7.5858,-0.0531,9.4494,10,107.88,-0.01,ok,ok,True
WASP-15,1.0,7.9433,-0.249,45.5552,10,284.39,-0.17,ok,high,False
TOI-3919,1.0545,9.3325,0.2735,254.3114,10,605.8,0.175,ok,high,False
TOI-1174,0.8364,0.0562,0.0776,0.7662,10,94.55,-0.002,ok,ok,True
HAT-P-12,0.6727,0.0562,-0.2163,2.7794,10,141.76,-0.29,ok,ok,True
WASP-184,1.1091,7.4131,0.0776,212.8151,10,682.24,0.12,ok,high,False
WASP-131,1.0,8.3176,-0.249,0.6771,10,192.07,-0.2,ok,ok,True
EPIC 212624936,0.8364,10.0,-0.249,411.9905,10,559.52,-0.39,upper_boundary,high,False
TOI-4559,0.4545,0.4217,0.0122,0.9563,10,31.6,-0.09,ok,ok,True
TOI-1798,0.8364,4.6774,0.0776,6.0218,10,113.47,0.073,ok,ok,True
TOI-1853,0.8091,9.7724,0.1429,38.147,10,165.27,0.11,ok,high,False
HAT-P-44,0.9727,0.0316,0.3061,120.8201,10,345.82,0.33,lower_boundary,high,False
HAT-P-26,0.8364,0.0316,-0.0857,1.0429,10,142.1,-0.04,lower_boundary,ok,False
WASP-185,1.0545,8.7096,0.1102,4.7738,10,277.93,-0.02,ok,ok,True
TOI-1273,0.9455,8.7096,0.0776,8.0732,10,176.03,0.07,ok,ok,True
TOI-1180,0.7273,6.9183,-0.0531,1.0252,10,71.91,0.067,ok,ok,True
WASP-16,0.9455,9.3325,0.1429,1.9897,10,191.32,0.01,ok,ok,True
NGTS-2,1.1909,4.4668,-0.0531,6.0509,10,356.3,-0.06,ok,ok,True
TOI-3912,1.0273,10.0,0.2735,117.5795,10,460.51,0.187,upper_boundary,high,False
KELT-18,1.4636,2.0417,0.0776,1.392,10,315.01,0.09,ok,ok,True
TOI-1416,0.8091,6.9183,0.1102,0.7201,10,54.98,0.08,ok,ok,True
WASP-39,0.9182,0.0316,0.0449,21.6039,10,213.56,0.01,lower_boundary,high,False
TOI-2076,0.8091,5.3703,-0.0531,0.6977,10,41.96,0.02,ok,ok,True
WASP-132,0.7818,9.1201,0.2735,43.5623,10,123.16,0.15,ok,high,False
NGTS-26,1.0,10.0,0.3388,483.3765,10,1056.2,0.2,upper_boundary,high,False
TOI-4087,1.0545,6.6069,0.3061,60.2416,10,302.4,0.237,ok,high,False
WASP-14,1.1636,2.9512,-0.0857,0.3089,10,160.18,0.0,ok,ok,True
NGTS-5,0.8091,0.5623,-0.0204,2.1449,10,307.73,0.12,ok,ok,True
WASP-37,0.8636,10.0,-0.3143,115.1872,10,377.34,-0.4,upper_boundary,high,False
TOI-824,0.7273,0.0316,-0.1837,987.4951,10,63.78,-0.092,lower_boundary,high,False
Qatar-6,0.7818,3.3884,-0.0531,9.7729,10,100.63,-0.025,ok,ok,True
HAT-P-27,0.8909,9.5499,0.4367,1.263,10,200.7,0.3,ok,ok,True
TOI-1294,1.0273,10.0,0.1755,6.5641,10,327.15,0.283,upper_boundary,ok,False
WASP-192,1.0273,9.7724,0.2735,127.4387,10,486.04,0.14,ok,high,False
WASP-57,0.8909,10.0,-0.1184,131.2385,10,400.77,-0.25,upper_boundary,high,False
NGTS-32,1.0545,9.1201,0.0776,238.4025,10,834.13,-0.03,ok,high,False
TIC 88785435,0.7,0.0316,-0.2163,50.995,10,121.88,-0.08,lower_boundary,high,False
TOI-3976 A,1.1091,7.7625,0.3061,109.6153,10,513.36,0.182,ok,high,False
TOI-3160 A,1.0,10.0,0.0122,253.2488,10,489.86,-0.114,upper_boundary,high,False
WASP-113,1.1091,7.5858,0.1429,59.2263,10,430.8,0.1,ok,high,False
TOI-836,0.6455,6.166,-0.151,2.0571,10,27.48,-0.284,ok,ok,True
WASP-189,1.9273,0.866,0.3061,1.2025,10,98.6,0.29,ok,ok,True
TOI-6628,1.0,0.0316,0.502,187.679,10,305.0,0.36,lower_boundary,high,False
TOI-5386 A,1.0545,9.3325,0.2735,70.3382,10,383.0,0.182,ok,high,False
TOI-3984 A,0.4545,0.075,0.0776,38.9238,10,108.38,0.18,ok,high,False
TOI-1860,0.9455,3.9811,-0.0204,1.6119,10,45.71,0.04,ok,ok,True
WASP-24,1.0273,9.1201,0.1102,52.6831,10,324.47,0.0,ok,high,False
WASP-178,1.8455,0.5623,0.1102,68.3694,10,409.34,0.21,ok,high,False
TIC 257060897,1.1364,6.166,-0.0204,18.4131,10,496.06,0.054,ok,high,False
TOI-905,0.9182,9.1201,0.2735,2.8927,10,156.58,0.14,ok,ok,True
K2-240,0.5364,0.0649,-0.249,8.0211,10,73.01,-0.1,ok,ok,True
HD 135694,0.9182,9.7724,-0.0204,1.092,10,73.28,-0.121,ok,ok,True
K2-408,0.8091,0.0365,-0.1184,22.5144,10,160.12,-0.171,ok,high,False
K2-315,0.1273,0.0866,-0.3796,141.1624,10,56.53,-0.24,ok,high,False
EPIC 249893012,1.0545,10.0,0.3061,28.7049,10,319.49,0.2,upper_boundary,high,False
K2-409,0.9727,9.3325,0.1102,162.0912,10,417.62,-0.036,ok,high,False
TOI-912,0.4,0.0866,-0.1837,1.2531,6,26.09,-0.19,ok,ok,True
TOI-2018,0.5636,0.0487,-0.5755,0.9226,6,28.02,-0.58,ok,ok,True
HAT-P-4,1.2455,4.0738,0.2735,0.5832,10,318.45,0.24,ok,ok,True
HD 136352,0.9455,5.7544,-0.1184,0.5884,6,14.74,-0.24,ok,ok,True
K2-233,0.7273,9.1201,-0.1184,0.624,10,67.54,-0.082,ok,ok,True
K2-406,0.8909,8.7096,-0.0857,0.4092,10,85.05,-0.038,ok,ok,True
HD 137496,1.0273,9.5499,0.1102,4.2969,10,154.82,-0.03,ok,ok,True
TOI-2015,0.1545,0.0316,-0.4449,2.2044,10,47.2,-0.31,lower_boundary,ok,False
KELT-23 A,0.8909,8.3176,-0.2163,2.5161,10,126.86,-0.105,ok,ok,True
K2-407,0.9182,0.0316,0.0776,71.867,10,216.93,0.014,lower_boundary,high,False
TOI-1411,0.6455,6.0256,-0.0857,0.2564,6,32.43,0.012,ok,ok,True
K2-287,1.0,0.0316,0.3388,53.6639,10,155.85,0.2,lower_boundary,high,False
K2-286,0.6182,1.1749,-0.0857,0.3369,10,76.4,0.0,ok,ok,True
TOI-3474,1.0,10.0,0.2735,143.1678,10,412.56,0.146,upper_boundary,high,False
TOI-2019,1.1636,6.4565,0.502,0.5618,10,197.56,0.409,ok,ok,True
TOI-3464,1.0545,9.1201,0.1102,159.1973,10,585.47,0.045,ok,high,False
TOI-913,0.7273,9.7724,-0.1837,1.1662,10,64.97,-0.133,ok,ok,True
K2-290,1.0,9.5499,-0.0531,3.906,10,267.11,-0.06,ok,ok,True
TOI-2048,0.8364,0.4217,0.0776,1.6157,10,115.92,0.02,ok,ok,True
TOI-5005,0.9182,10.0,0.2735,32.8264,10,208.65,0.15,upper_boundary,high,False
K2-365,0.9455,0.0316,0.1102,33.819,10,186.22,-0.021,lower_boundary,high,False
GJ 3929,0.3455,1.0965,-0.0204,0.9348,6,15.82,-0.02,ok,ok,True
WASP-17,1.0,8.1283,-0.2816,62.2811,10,396.32,-0.25,ok,high,False
K2-38,0.9727,9.5499,0.4041,28.609,10,189.51,0.26,ok,high,False
TOI-1739,0.8091,3.0903,0.1429,0.9785,10,70.89,0.07,ok,ok,True
XO-1,0.9455,3.9811,-0.0204,0.2813,10,161.71,0.02,ok,ok,True
TOI-1298,1.0545,8.9125,0.2735,19.2857,10,312.57,0.397,ok,high,False
TOI-1439,1.1091,7.2444,0.1755,0.7155,10,234.13,0.226,ok,ok,True
K2-24,0.9727,10.0,0.4694,10.0697,10,170.55,0.34,upper_boundary,high,False
K2-37,0.8364,0.0316,0.0122,49.6237,10,177.55,-0.08,lower_boundary,high,False
TOI-1751,0.9182,9.7724,-0.3469,0.7455,10,113.32,-0.373,ok,ok,True
K2-366,0.8636,0.0316,-0.0857,187.8826,10,190.94,-0.216,lower_boundary,high,False
TOI-5027,0.8909,10.0,-0.0531,26.1107,10,205.48,-0.15,upper_boundary,high,False
WASP-38,1.0545,6.6069,-0.151,0.3658,10,135.76,-0.02,ok,ok,True
K2-53,0.8091,0.0316,0.1102,41.8986,10,137.36,-0.037,lower_boundary,high,False
TOI-7149,0.2091,0.0365,-0.1184,180.3642,10,126.55,-0.08,ok,high,False
HAT-P-2,1.3818,2.138,0.2082,0.2429,10,128.18,0.18,ok,ok,True
K2-31,0.8909,7.9433,0.2082,5.4384,10,109.77,0.08,ok,ok,True
TOI-1836,1.1091,5.2481,-0.2163,0.3089,10,189.28,-0.101,ok,ok,True
K2-52,0.9727,10.0,0.1755,943.6732,10,915.47,0.055,upper_boundary,high,False
K2-289,0.8364,0.0316,0.2735,388.9084,10,272.08,0.162,lower_boundary,high,False
WASP-92,1.0273,9.3325,0.1429,250.6548,10,581.43,0.0,ok,high,False
WASP-195,1.0818,6.4565,-0.1184,32.9761,10,481.72,0.0,ok,high,False
HD 149026,1.2182,3.4674,0.1755,0.5143,10,76.09,0.32,ok,ok,True
TOI-2260,0.9727,0.487,0.1755,1.0857,10,100.95,0.22,ok,ok,True
WASP-103,1.1091,7.7625,0.1429,150.3656,10,545.39,0.06,ok,high,False
TOI-3486,0.8364,4.3652,0.4041,32.5747,10,153.83,0.283,ok,high,False
TOI-1269,0.8636,5.8884,-0.0857,0.7302,10,172.11,-0.049,ok,ok,True
TOI-1246,0.9182,0.0316,0.2082,11.5621,10,169.96,0.168,lower_boundary,high,False
TOI-4379,1.2182,5.7544,0.2735,113.2304,10,610.13,0.16,ok,high,False
K2-32,0.8364,0.0316,0.0449,54.432,10,155.87,-0.06,lower_boundary,high,False
TOI-1753,0.9455,7.2444,0.1755,16.3848,10,224.32,0.026,ok,high,False
TOI-2109,1.3,3.1623,-0.0531,13.052,10,265.31,0.068,ok,high,False
K2-237,1.1091,4.7863,0.2082,2.8914,10,303.45,0.337,ok,ok,True
HD 152843,1.0545,6.166,-0.1837,0.2087,10,108.89,-0.16,ok,ok,True
WASP-148,0.9727,0.0316,0.2408,63.7445,10,247.71,0.099,lower_boundary,high,False
TOI-1437,0.8909,10.0,-0.4449,0.4304,10,103.29,-0.4924,upper_boundary,ok,False
TOI-1244,0.7273,5.4954,0.0122,0.412,10,102.36,0.034,ok,ok,True
HAT-P-18,0.7818,0.0487,0.2082,40.4504,10,161.4,0.1,ok,high,False
WASP-163,0.8636,10.0,-0.2163,274.1155,10,260.72,-0.34,upper_boundary,high,False
HAT-P-67,1.4909,2.3988,-0.151,0.3212,10,370.06,-0.08,ok,ok,True
TOI-1346,0.8364,1.0233,0.1102,0.8377,10,114.19,-0.01,ok,ok,True
TOI-1295,1.3818,2.2909,0.3061,1.3298,10,399.8,0.26,ok,ok,True
TOI-1296,1.0818,8.9125,0.3714,1.0002,10,313.71,0.405,ok,ok,True
TOI-4633,1.0545,9.1201,0.3061,1.6368,10,94.65,0.2379,ok,ok,True
TOI-4582,1.2727,4.4668,0.0776,1.439,10,376.62,0.17,ok,ok,True
TOI-2128,0.9182,9.5499,-0.2163,4.6844,10,36.64,-0.07,ok,ok,True
TOI-1742,1.0545,5.6234,0.3061,0.8046,10,72.93,0.193,ok,ok,True
TOI-1743,0.3455,0.4217,0.0776,2.5583,10,41.23,0.22,ok,ok,True
TOI-1846,0.4545,0.4217,0.0449,6.1305,10,47.2,0.169,ok,ok,True
TOI-1453,0.7,0.0422,-0.3796,1.0508,10,78.78,-0.31,ok,ok,True
TOI-4600,0.8364,7.0795,0.1429,0.3483,10,215.95,0.16,ok,ok,True
TOI-2141,0.9182,6.6069,-0.0204,0.3239,10,77.02,-0.14,ok,ok,True
GJ 1214,0.2091,0.866,0.1102,4.1114,6,14.63,0.24,ok,ok,True
TOI-1670,1.1636,3.0903,0.0122,0.4029,10,165.72,0.09,ok,ok,True
TOI-1248,0.8636,8.1283,0.1755,0.7922,10,168.81,0.223,ok,ok,True
TOI-2084,0.4273,0.0562,-0.249,77.2234,10,113.9,-0.13,ok,high,False
HAT-P-14,1.3273,2.5119,0.0776,0.8011,10,224.02,0.11,ok,ok,True
TOI-2088,0.8636,3.8019,0.4367,7.4338,10,126.63,0.339,ok,ok,True
TOI-2145,1.6273,2.2387,0.2408,0.4541,10,225.28,0.285,ok,ok,True
WASP-150,1.2182,5.1286,0.2735,55.9052,10,535.57,0.156,ok,high,False
HAT-P-55,0.9727,9.3325,0.1429,181.4206,10,516.93,0.003,ok,high,False
TOI-2081,0.4273,0.0422,-0.5755,1.5591,10,62.27,-0.5,ok,ok,True
TOI-6086,0.2636,0.6494,-0.0204,9.5708,10,31.43,0.11,ok,ok,True
TOI-3321,1.0,10.0,0.0122,27.4159,10,284.95,-0.103,upper_boundary,high,False
TOI-5688 A,0.6182,0.0422,0.3388,128.1013,10,225.92,0.47,ok,high,False
WASP-135,0.8909,0.0316,0.0776,182.9985,10,297.95,0.02,lower_boundary,high,False
KELT-12,1.4364,2.884,0.1102,8.9374,10,365.29,0.19,ok,ok,True
OGLE-TR-10,0.9455,10.0,0.4041,213.4406,6,1196.64,0.28,upper_boundary,high,False
TrES-3,0.8636,0.0316,-0.1184,105.8785,10,231.08,-0.19,lower_boundary,high,False
TrES-4,1.2182,4.7863,0.0449,22.248,10,496.16,0.14,ok,high,False
HATS-24,0.9455,10.0,-0.1184,301.5383,10,516.87,-0.229,upper_boundary,high,False
OGLE-TR-56,,,,inf,3,2297.01,0.25,ok,inf,False
HAT-P-63,0.9455,0.0316,0.2735,333.8261,10,400.36,0.251,lower_boundary,high,False
TOI-4438,0.2636,0.0487,-0.2816,0.6814,6,30.06,-0.19,ok,ok,True
HAT-P-46,1.0273,10.0,0.4367,17.7044,10,297.01,0.3,upper_boundary,high,False
TOI-3331 A,0.9455,10.0,0.2735,128.6947,10,221.12,0.148,upper_boundary,high,False
HAT-P-31,1.0545,9.5499,0.2735,77.3253,10,338.07,0.15,ok,high,False
TOI-2134,0.7273,10.0,0.2082,0.7352,6,22.66,0.12,upper_boundary,ok,False
TOI-1184,0.7,4.0738,-0.0857,1.2962,10,58.51,0.017,ok,ok,True
TOI-2583 A,1.0273,10.0,0.1429,118.3624,10,551.95,0.158,upper_boundary,high,False
TOI-1691,0.9182,9.1201,0.0122,1.3938,10,112.35,0.052,ok,ok,True
TOI-1117,1.0,4.8978,0.2082,0.7765,10,166.15,0.136,ok,ok,True
TOI-7510,0.9727,8.5114,0.3714,81.1371,10,245.74,0.25,ok,high,False
HAT-P-45,0.9455,10.0,0.2082,220.172,10,299.49,0.07,upper_boundary,high,False
HAT-P-5,1.0545,4.5709,0.1755,0.9911,10,306.41,0.24,ok,ok,True
WASP-58,0.8909,10.0,-0.3143,29.3696,10,290.92,-0.45,upper_boundary,high,False
HAT-P-57,1.0818,5.7544,-0.3143,21.3922,10,288.94,-0.25,ok,high,False
TOI-4465,0.9182,8.5114,0.0776,1.2656,10,121.93,-0.06,ok,ok,True
TOI-2158,1.0273,9.7724,0.5673,1.0887,10,195.38,0.47,ok,ok,True
XO-7,1.2454,3.5608,0.3581,2.1585,10,230.54,0.432,ok,ok,True
CoRoT-30,0.9455,9.7724,0.1429,923.6795,10,1040.95,0.02,ok,high,False
CoRoT-36,1.2182,4.6774,-0.0857,219.7796,10,956.5,-0.1,ok,high,False
TOI-2180,1.0818,7.9433,0.1755,0.8007,10,116.34,0.253,ok,ok,True
CoRoT-27,0.9455,0.0316,0.0449,835.1368,10,907.35,-0.1,lower_boundary,high,False
CoRoT-16,0.8909,0.0316,0.3388,66.7956,6,743.52,0.19,lower_boundary,high,False
WASP-3,1.1364,3.8019,-0.0857,0.3251,10,229.83,0.0,ok,ok,True
CoRoT-28,1.0818,9.3325,0.2735,216.5717,10,747.25,0.15,ok,high,False
CoRoT-17,0.9727,1.6596,0.0776,205.6841,6,1117.25,0.0,ok,high,False
WASP-188,1.2455,4.0738,-0.0204,94.024,10,682.56,0.0,ok,high,False
CoRoT-29,0.9455,0.0316,0.3388,14.4722,6,809.44,0.2,lower_boundary,high,False
TOI-2169 A,1.1909,5.6234,0.1429,17.7895,10,359.88,0.123,ok,high,False
WASP-153,1.1091,8.3176,0.3388,102.7531,10,589.37,0.34,ok,high,False
TOI-4463 A,0.9727,9.3325,0.3714,4.3923,10,175.89,0.25,ok,ok,True
CoRoT-26,1.0545,9.7689,0.1102,721.0993,10,3369.34,0.01,ok,high,False
CoRoT-23,1.0,10.0,0.1755,1076.5356,10,1013.51,0.05,upper_boundary,high,False
TOI-1859,1.1909,3.0903,-0.0204,0.3261,10,223.04,0.12,ok,ok,True
Kepler-1629,0.9182,7.9433,0.1755,153.7424,10,334.14,0.05,ok,high,False
Kepler-1445,1.0,9.7724,0.0449,74.3704,10,502.32,-0.03,ok,high,False
Kepler-1286,1.0,9.3325,0.1755,646.2523,10,1340.77,0.03,ok,high,False
Kepler-1835,0.9182,10.0,-0.151,762.0165,10,1419.66,-0.26,upper_boundary,high,False
TOI-1347,0.9197,0.7507,0.0231,0.4543,10,146.86,0.04,ok,ok,True
Kepler-1341,0.8091,0.0316,0.2408,478.0666,10,474.04,0.19,lower_boundary,high,False
CoRoT-25,0.9727,10.0,0.1102,52.4256,10,1093.64,-0.01,upper_boundary,high,False
Kepler-589,0.8909,0.0316,0.1429,367.4035,10,614.44,0.01,lower_boundary,high,False
CoRoT-22,0.9727,10.0,0.3061,356.1139,10,629.52,0.17,upper_boundary,high,False
TOI-5181 A,1.0545,10.0,0.2735,95.0297,10,470.9,0.208,upper_boundary,high,False
CoRoT-11,1.0273,10.0,0.1102,126.4299,10,641.57,-0.03,upper_boundary,high,False
Kepler-165,0.7818,0.0316,-0.1837,353.7234,10,555.15,-0.25,lower_boundary,high,False
Kepler-1907,0.7273,0.075,-0.2816,3.5504,10,288.65,-0.16,ok,ok,True
CoRoT-9,0.9182,0.0316,0.1102,218.6932,10,420.03,-0.01,lower_boundary,high,False
Kepler-439,0.9455,0.0316,0.1102,472.3452,10,751.01,0.02,lower_boundary,high,False
Kepler-1386,0.9455,9.5499,0.2408,4.6828,10,838.21,0.11,ok,ok,True
TOI-1438,0.8636,3.7154,0.0776,0.7388,10,110.55,0.03,ok,ok,True
Kepler-1782,0.8091,0.0316,0.0449,207.5141,10,303.26,0.0,lower_boundary,high,False
Kepler-1872,0.8909,0.0316,0.4367,620.2321,10,823.25,0.32,lower_boundary,high,False
Kepler-1735,0.5091,0.0365,-0.4122,147.2867,10,242.86,-0.34,ok,high,False
CoRoT-6,0.9182,10.0,-0.0531,379.0653,10,623.79,-0.2,upper_boundary,high,False
Kepler-1105,0.6727,0.0562,0.1429,211.5377,10,314.52,0.28,ok,high,False
Kepler-431,1.1091,7.5858,0.1755,85.6325,10,484.52,0.07,ok,high,False
TOI-2136,0.3455,10.0,-0.1184,0.8811,10,33.33,0.03,upper_boundary,ok,False
Kepler-94,0.8364,0.0365,0.4694,70.7144,10,190.08,0.34,ok,high,False
Kepler-188,0.9727,9.7724,0.2735,582.1883,10,951.93,0.15,ok,high,False
Kepler-8,1.0545,8.7096,0.0449,262.2714,10,990.44,-0.055,ok,high,False
Kepler-1489,0.9727,9.5499,0.0122,549.811,10,1200.17,-0.13,ok,high,False
Kepler-1477,0.9182,0.0316,0.0776,456.3741,10,691.39,-0.06,lower_boundary,high,False
Kepler-1102,0.9727,9.5499,0.0449,668.0847,10,1217.73,-0.08,ok,high,False
Kepler-322,0.8909,0.0365,0.1755,156.279,10,394.55,0.12,ok,high,False
Kepler-960,0.7273,0.0422,-0.0857,116.3199,10,282.6,0.02,ok,high,False
Kepler-102,0.7818,0.0562,0.1755,0.5879,10,107.69,0.11,ok,ok,True
Kepler-1088,0.9727,8.7096,0.1755,73.0243,10,282.15,0.05,ok,high,False
Kepler-364,1.0,10.0,0.0449,307.6384,10,878.95,-0.031,upper_boundary,high,False
TOI-2295,1.0818,7.7625,0.3388,1.0914,10,125.62,0.316,ok,ok,True
Kepler-989,0.8636,0.0316,0.1429,256.665,10,487.17,0.01,lower_boundary,high,False
Kepler-1097,0.8364,0.0316,0.0122,509.34,10,702.27,-0.11,lower_boundary,high,False
Kepler-438,0.6182,0.0365,0.0122,111.8609,10,179.09,0.16,ok,high,False
Kepler-1329,0.7273,0.0316,-0.0531,528.027,10,600.08,0.02,lower_boundary,high,False
Kepler-1043,0.8909,10.0,0.0122,571.7183,10,886.23,-0.11,upper_boundary,high,False
Kepler-1140,0.8091,0.0316,0.0449,616.2304,10,658.94,-0.08,lower_boundary,high,False
Kepler-780,1.9273,1.2589,-0.0531,186.1308,10,2620.33,0.05,ok,high,False
Kepler-1174,1.0275,8.4818,-0.151,358.2641,10,1376.55,-0.04,ok,high,False
Kepler-1285,1.1091,6.7608,0.1102,63.0293,10,417.49,0.16,ok,high,False
Kepler-1572,1.0273,10.0,0.1429,324.2976,10,927.72,0.08,upper_boundary,high,False
Kepler-1048,0.8636,0.0316,0.1429,339.2078,10,556.47,0.01,lower_boundary,high,False
Kepler-144,1.0,6.0256,-0.249,1.5883,10,390.75,-0.1848,ok,ok,True
Kepler-1730,0.9727,9.7724,0.0776,830.388,10,1429.87,-0.04,ok,high,False
Kepler-880,1.3273,2.9512,0.1429,98.9832,10,585.32,0.03,ok,high,False
Kepler-601,0.8091,5.2481,0.0122,3.3721,10,414.7,-0.02,ok,ok,True
K2-383,0.8636,5.0119,0.2735,68.8269,10,201.39,0.187,ok,high,False
Kepler-1817,0.8636,5.0119,0.2735,634.1698,10,733.0,0.16,ok,high,False
Kepler-961,0.9455,0.0316,0.1755,288.1632,10,562.24,0.05,lower_boundary,high,False
Kepler-311,0.9727,10.0,0.1102,269.9103,10,760.82,-0.03,upper_boundary,high,False
TOI-1259 A,0.6727,0.0316,-0.6082,1.1139,10,118.53,-0.5,lower_boundary,ok,False
Kepler-583,0.9182,10.0,0.2082,476.589,10,882.64,0.07,upper_boundary,high,False
Kepler-1912,1.0,2.0417,0.1102,2.0616,10,293.16,0.04,ok,ok,True
Kepler-137,0.8909,0.0365,0.1755,96.2142,10,299.77,0.05,ok,high,False
Kepler-1192,0.9182,10.0,-0.0204,1158.2289,10,1354.54,-0.16,upper_boundary,high,False
Kepler-1654,0.9455,8.9125,0.0449,224.0826,10,564.23,-0.088,ok,high,False
Kepler-270,1.0273,10.0,0.2408,433.0324,10,944.73,0.15,upper_boundary,high,False
Kepler-653,1.0,9.3325,0.3388,1.692,10,591.24,0.23,ok,ok,True
Kepler-83,0.5909,0.0487,-0.249,345.0907,10,393.8,-0.2,ok,high,False
Kepler-1637,2.3364,0.7499,-0.0531,36.145,10,4123.56,0.07,ok,high,False
Kepler-1863,1.0818,9.1201,0.3061,326.7737,10,867.86,0.21,ok,high,False
Kepler-446,0.1545,0.0866,-0.4122,328.6,10,95.96,-0.3,ok,high,False
Kepler-1244,1.8182,1.6218,0.0449,108.9922,10,999.17,0.05,ok,high,False
Kepler-829,0.9455,10.0,0.1755,646.8879,10,1048.84,0.03,upper_boundary,high,False
Kepler-1946,0.9455,0.0316,0.0776,967.2266,10,1070.59,-0.04,lower_boundary,high,False
Kepler-868,0.9727,9.3325,0.0449,897.8737,10,1540.68,-0.08,ok,high,False
Kepler-1999,0.7,0.0316,-0.1837,637.2402,10,695.44,-0.24,lower_boundary,high,False
KOI-7892,0.9727,9.7724,-0.0204,423.8948,10,1050.19,-0.16,ok,high,False
Kepler-139,0.9727,10.0,0.4367,154.999,10,390.17,0.35,upper_boundary,high,False
Kepler-380,0.9727,10.0,-0.0204,256.5178,10,797.25,-0.16,upper_boundary,high,False
Kepler-1459,0.8364,0.0316,0.1429,254.8015,10,456.37,0.01,lower_boundary,high,False
Kepler-896,1.0545,8.7066,-0.0182,639.2837,10,2426.2,-0.16,ok,high,False
Kepler-615,1.0545,9.1201,0.0776,323.104,10,1037.42,-0.07,ok,high,False
Kepler-153,0.7818,0.0316,-0.2163,335.8254,10,460.96,-0.27,lower_boundary,high,False
Kepler-185,0.7818,0.0316,-0.151,341.6037,10,462.14,-0.14,lower_boundary,high,False
Kepler-128,1.0818,6.9183,-0.0857,36.7129,10,390.76,-0.03,ok,high,False
Kepler-422,1.0273,9.7724,0.3714,244.7115,10,704.49,0.23,ok,high,False
Kepler-1385,1.0818,9.1201,0.3714,172.8187,10,648.33,0.41,ok,high,False
Kepler-1494,0.9727,10.0,0.1429,810.3808,10,1297.51,0.01,upper_boundary,high,False
Kepler-714,1.0552,9.7294,0.1757,750.0706,10,2044.36,0.04,ok,high,False
Kepler-1408,1.1091,7.2444,0.0776,94.9944,10,522.34,0.0,ok,high,False
Kepler-777,0.6182,0.0316,-0.249,375.178,10,437.89,-0.17,lower_boundary,high,False
TOI-1749,0.5364,9.3325,-0.2816,0.7031,10,99.16,-0.26,ok,ok,True
Kepler-613,0.9182,9.5499,0.1102,416.1597,10,837.05,-0.01,ok,high,False
TOI-2025,1.0818,8.1283,0.2082,22.367,10,341.59,0.15,ok,high,False
Kepler-1009,0.7,0.0316,-0.0204,321.8627,10,355.75,-0.12,lower_boundary,high,False
Kepler-1789,0.9455,0.0316,0.2408,361.7523,10,608.2,0.12,lower_boundary,high,False
Kepler-1050,0.9455,10.0,0.1429,186.1294,10,487.95,0.03,upper_boundary,high,False
Kepler-511,0.9727,9.5499,-0.249,93.2975,10,648.16,-0.2,ok,high,False
Kepler-1278,1.0273,10.0,0.1429,299.6642,10,897.82,0.02,upper_boundary,high,False
Kepler-202,0.7,0.0365,-0.3143,161.7432,10,282.11,-0.21,ok,high,False
Kepler-338,1.0545,7.9433,-0.0857,101.9835,10,543.05,-0.029,ok,high,False
Kepler-658,0.6727,0.0316,-0.1184,368.7367,10,387.09,-0.04,lower_boundary,high,False
Kepler-1240,1.0,10.0,0.1755,484.2067,10,832.69,0.04,upper_boundary,high,False
Kepler-271,0.8909,0.0316,-0.0531,144.2295,10,417.04,-0.13,lower_boundary,high,False
Kepler-549,0.8909,0.0316,0.0776,437.8244,10,630.24,-0.03,lower_boundary,high,False
K2-379,0.7818,0.0316,0.0449,61.6179,10,182.83,-0.045,lower_boundary,high,False
Kepler-298,0.7,0.0316,-0.2816,366.4068,10,525.39,-0.21,lower_boundary,high,False
Kepler-1639,0.9727,10.0,0.0776,667.8855,10,1072.76,-0.03,upper_boundary,high,False
Kepler-1188,1.0273,10.0,0.0776,701.9646,10,1586.83,0.0,upper_boundary,high,False
Kepler-1040,0.9182,9.5499,0.1429,191.178,10,469.9,0.01,ok,high,False
Kepler-1157,0.7818,0.0316,0.1429,212.3367,10,339.46,0.05,lower_boundary,high,False
Kepler-892,0.7273,0.0316,-0.151,627.692,10,583.59,-0.04,lower_boundary,high,False
Kepler-1919,0.9182,0.0316,-0.0204,965.6418,10,1199.56,-0.16,lower_boundary,high,False
TOI-4994,0.9455,10.0,0.3061,71.333,10,331.04,0.165,upper_boundary,high,False
Kepler-303,0.5636,0.0365,-0.4776,129.0185,10,209.2,-0.4136,ok,high,False
Kepler-410 A,1.0818,6.7608,-0.0204,0.681,10,146.81,0.01,ok,ok,True
Kepler-1083,0.8364,0.0316,0.0776,595.3303,10,879.22,-0.02,lower_boundary,high,False
Kepler-765,0.9727,10.0,0.1755,494.8032,10,1063.56,0.04,upper_boundary,high,False
Kepler-363,1.0545,10.0,0.5347,186.5714,10,748.25,0.3965,upper_boundary,high,False
Kepler-299,0.9455,10.0,0.2082,566.7376,10,1077.12,0.12,upper_boundary,high,False
Kepler-297,0.8909,9.3325,0.0122,376.6252,10,681.82,-0.11,ok,high,False
Kepler-1458,0.9182,0.0316,0.1429,297.159,10,543.14,0.02,lower_boundary,high,False
Kepler-62,0.7273,0.0316,-0.3469,274.7899,10,298.78,-0.37,lower_boundary,high,False
Kepler-237,0.8636,0.0316,0.2735,419.8317,10,645.07,0.22,lower_boundary,high,False
Kepler-453,0.9455,0.0316,0.2082,179.2516,10,438.92,0.09,lower_boundary,high,False
Kepler-693,0.8636,0.0316,0.0449,1096.3838,10,1129.99,-0.1,lower_boundary,high,False
Kepler-101,1.0818,9.3325,0.3388,244.9517,10,900.48,0.33,ok,high,False
Kepler-421,0.8364,0.0316,-0.1184,136.4534,10,341.51,-0.25,lower_boundary,high,False
Kepler-546,1.0545,10.0,0.2735,395.982,10,1042.64,0.14,upper_boundary,high,False
K2-202,0.9455,0.0316,0.4041,296.1469,10,296.43,0.27,lower_boundary,high,False
Kepler-1230,0.9727,10.0,0.1429,744.8449,10,1345.6,0.01,upper_boundary,high,False
Kepler-1162,0.8909,0.0316,0.1102,549.0917,10,914.0,-0.03,lower_boundary,high,False
KELT-8,1.0273,9.7724,0.4041,11.5868,10,196.2,0.27,ok,high,False
Kepler-704,0.9727,10.0,0.2082,781.9925,10,1236.38,0.09,upper_boundary,high,False
Kepler-1388,0.6182,0.0316,-0.0531,538.424,10,453.39,0.02,lower_boundary,high,False
Kepler-530,0.8909,8.9125,0.0449,188.5296,10,459.36,-0.08,ok,high,False
Kepler-1540,0.7,0.0487,0.0122,292.5296,10,242.93,0.1,ok,high,False
Kepler-1538,0.9182,10.0,0.1429,630.4709,10,1108.65,0.02,upper_boundary,high,False
Kepler-172,0.9727,10.0,0.5347,550.7798,10,830.36,0.39,upper_boundary,high,False
Kepler-1709,0.9455,10.0,0.0449,51.4025,10,272.77,-0.04,upper_boundary,high,False
Kepler-1855,0.4,0.0316,0.0776,151.1794,10,187.41,0.07,lower_boundary,high,False
Kepler-1998,0.9182,10.0,0.2082,76.8639,10,338.9,0.06,upper_boundary,high,False
K2-380,0.9727,9.5499,0.0776,59.7794,10,249.24,-0.049,ok,high,False
Kepler-1443,1.1636,6.0256,0.0776,147.642,10,639.78,0.0,ok,high,False
Kepler-1394,1.3545,3.3113,0.0449,57.866,10,616.76,0.06,ok,high,False
Kepler-1017,0.9182,0.0316,0.1429,283.7633,10,542.72,0.04,lower_boundary,high,False
Kepler-876,0.8636,0.0316,0.0449,664.5288,10,788.89,-0.03,lower_boundary,high,False
Kepler-580,0.6727,0.0316,-0.1837,343.9986,10,324.1,-0.06,lower_boundary,high,False
Kepler-847,0.8636,0.0316,0.2735,280.1869,10,517.19,0.15,lower_boundary,high,False
Kepler-569,0.9727,0.0316,0.1429,379.6735,10,641.63,0.01,lower_boundary,high,False
Kepler-1667,0.9182,9.5499,-0.1184,230.5545,10,612.23,-0.2603,ok,high,False
Kepler-1721,0.8636,0.0316,0.0776,418.2863,10,631.94,-0.04,lower_boundary,high,False
Kepler-1361,0.8091,9.7724,0.1429,206.2905,10,385.58,0.0,ok,high,False
Kepler-835,1.0545,9.7724,0.2082,924.7631,10,2006.36,0.08,ok,high,False
Kepler-1566,0.8364,0.0316,0.0122,339.5763,10,466.54,-0.07,lower_boundary,high,False
Kepler-1018,0.9182,8.9125,0.0776,584.1789,10,966.51,-0.05,ok,high,False
Kepler-1026,0.7545,0.0316,-0.1184,292.3142,10,350.84,-0.02,lower_boundary,high,False
Kepler-1651,0.5091,6.7608,-0.0531,4.2849,10,66.16,-0.16,ok,ok,True
Kepler-715,0.9727,10.0,0.1429,585.1927,10,1291.67,0.02,upper_boundary,high,False
Kepler-661,0.7,0.0316,-0.151,465.6124,10,539.0,-0.05,lower_boundary,high,False
Kepler-1019,0.6727,0.0649,0.0449,58.0337,10,193.76,0.01,ok,high,False
Kepler-732,0.4545,0.0365,-0.151,144.8778,10,172.29,-0.01,ok,high,False
Kepler-617,0.5091,0.0422,-0.1837,82.4609,10,173.81,-0.07,ok,high,False
Kepler-1355,0.8909,0.0316,0.0776,622.5825,10,902.83,-0.04,lower_boundary,high,False
Kepler-1339,0.9727,10.0,0.1429,69.7652,10,345.7,0.01,upper_boundary,high,False
Kepler-1823,1.0273,9.3325,0.2082,189.7545,10,720.95,0.06,ok,high,False
Kepler-1547,1.0,9.7724,0.1755,322.6384,10,679.2,0.04,ok,high,False
Kepler-1457,0.9727,10.0,0.0776,356.0749,10,870.24,-0.05,upper_boundary,high,False
Kepler-1541,0.8636,0.0316,0.0122,240.0559,10,413.92,-0.04,lower_boundary,high,False
Kepler-1509,1.0545,9.5499,0.1429,714.2391,10,2005.11,0.03,ok,high,False
Kepler-1675,1.0,9.1201,0.3714,220.4096,10,637.53,0.2537,ok,high,False
Kepler-600,0.8636,0.0316,0.0449,375.3038,10,614.48,-0.09,lower_boundary,high,False
Kepler-1033,0.9455,10.0,0.2082,930.0998,10,1538.31,0.06,upper_boundary,high,False
Kepler-697,0.9182,10.0,0.1102,954.5703,10,1204.09,-0.01,upper_boundary,high,False
Kepler-742,0.7818,0.0365,0.1429,515.9739,10,490.01,0.07,ok,high,False
Kepler-236,0.5909,0.0422,-0.1837,212.2158,10,290.65,-0.05,ok,high,False
Kepler-1253,1.0,9.5499,-0.0204,146.5599,10,511.23,-0.14,ok,high,False
Kepler-1062,0.7818,0.0316,0.2408,356.5879,10,390.98,0.11,lower_boundary,high,False
Kepler-648,0.9455,10.0,0.3388,268.1311,10,637.27,0.21,upper_boundary,high,False
Kepler-1310,0.9182,0.0316,0.0776,290.0927,10,559.94,-0.07,lower_boundary,high,False
Kepler-853,1.0818,7.2444,0.0122,142.8258,10,570.52,0.07,ok,high,False
Kepler-1407,1.0,10.0,0.1755,593.1639,10,1306.59,0.05,upper_boundary,high,False
Kepler-725,0.9182,3.2359,0.2735,433.0374,10,759.28,0.14,ok,high,False
Kepler-301,1.0,0.0316,0.3061,372.8677,10,711.78,0.187,lower_boundary,high,False
Kepler-1499,0.8364,0.0316,0.0449,138.8879,10,305.71,-0.01,lower_boundary,high,False
Kepler-1933,0.9727,0.0316,0.2082,144.8486,10,327.08,0.1,lower_boundary,high,False
Kepler-158,0.6727,0.0316,-0.3796,295.7406,10,315.28,-0.3,lower_boundary,high,False
Kepler-1338,1.0,9.3325,0.1429,270.8877,10,718.03,0.0,ok,high,False
Kepler-1627,0.9182,0.0316,0.0449,102.1752,10,329.3,-0.1,lower_boundary,high,False
Kepler-37,0.7818,8.7096,-0.2816,1.21,10,63.93,-0.25,ok,ok,True
Kepler-523,0.9182,1.2882,0.1102,60.572,10,253.65,-0.03,ok,high,False
Kepler-971,0.8909,0.0316,0.0122,153.5988,10,350.16,-0.06,lower_boundary,high,False
Kepler-1179,0.8364,0.0365,0.1102,224.5913,10,415.68,-0.03,ok,high,False
Kepler-1136,0.7,0.0316,-0.1184,364.2074,10,486.34,0.03,lower_boundary,high,False
Kepler-1760,1.1091,7.9433,0.1429,277.6111,10,1363.33,0.08,ok,high,False
Kepler-1761,0.5909,0.0562,-0.0531,91.6527,10,216.84,0.07,ok,high,False
Kepler-1045,0.9182,0.0316,0.1102,677.5711,10,979.78,-0.03,lower_boundary,high,False
Kepler-1747,1.0,0.0316,0.3388,1030.5614,10,1262.34,0.21,lower_boundary,high,False
Kepler-1539,0.8636,0.0316,0.1102,522.6717,10,747.76,-0.01,lower_boundary,high,False
Kepler-1454,0.9182,0.0316,0.1102,498.8198,10,790.65,-0.02,lower_boundary,high,False
Kepler-841,0.8909,0.0316,0.0122,822.8099,10,1043.97,-0.09,lower_boundary,high,False
Kepler-588,1.0,10.0,0.1429,501.975,10,1222.01,0.0,upper_boundary,high,False
Kepler-943,1.0545,9.1201,0.0776,731.4637,10,2240.95,-0.07,ok,high,False
Kepler-1303,0.9455,9.1201,0.1755,468.7131,10,862.65,0.04,ok,high,False
HAT-P-37,0.9182,0.0365,0.1755,162.3048,10,385.4,0.03,ok,high,False
Kepler-920,0.9455,0.0316,0.1429,750.4366,10,942.39,0.0,lower_boundary,high,False
Kepler-1818,0.9727,9.7724,0.0449,517.1919,10,983.75,-0.08,ok,high,False
Kepler-1995,0.8636,0.0316,0.4694,489.2246,10,582.76,0.48,lower_boundary,high,False
Kepler-1195,0.8091,0.0316,-0.1184,827.3835,10,932.9,-0.25,lower_boundary,high,False
Kepler-1726,0.8636,0.0316,0.0449,280.3411,10,391.96,0.0,lower_boundary,high,False
Kepler-484,0.9182,0.0316,-0.0204,234.1231,10,377.53,-0.1,lower_boundary,high,False
HATS-28,0.9455,0.0316,0.1102,414.3276,10,520.64,0.01,lower_boundary,high,False
Kepler-200,0.9182,10.0,0.1429,363.9069,10,653.5,-0.006,upper_boundary,high,False
Kepler-1298,1.4636,3.0903,0.2408,59.638,10,534.55,0.13,ok,high,False
Kepler-992,0.7545,0.0316,-0.1837,110.5743,10,259.83,-0.04,lower_boundary,high,False
Kepler-721,0.8636,0.0316,0.0776,832.1325,10,884.16,-0.01,lower_boundary,high,False
KOI-351,1.0273,9.1201,0.2408,266.1301,10,839.22,0.098,ok,high,False
Qatar-10,1.0,10.0,0.1102,110.6684,10,550.76,0.016,upper_boundary,high,False
Kepler-1393,1.0,9.3325,0.0449,319.5794,10,674.45,-0.09,ok,high,False
Kepler-1656,0.9727,7.0795,0.1755,8.5875,10,186.98,0.19,ok,ok,True
Kepler-1074,0.5909,0.0422,-0.1837,246.99,10,247.86,-0.06,ok,high,False
Kepler-622,0.6727,0.0316,-0.1837,157.9509,10,283.46,-0.09,lower_boundary,high,False
Kepler-95,1.0545,9.3325,0.4367,43.2119,10,450.97,0.3,ok,high,False
Kepler-1791,1.3,3.4674,-0.1837,193.8656,10,1330.53,-0.06,ok,high,False
Kepler-1025,1.0,10.0,0.1102,259.5221,10,801.69,-0.03,upper_boundary,high,False
Kepler-170,0.9455,10.0,0.5347,454.9006,10,731.93,0.39,upper_boundary,high,False
Kepler-1476,0.9182,0.0316,0.1102,52.2496,10,1011.51,0.06,lower_boundary,high,False
KELT-10,1.0,8.3176,0.1429,7.3109,10,188.36,0.09,ok,ok,True
Kepler-465,1.0545,7.7625,0.1429,156.0746,10,544.34,0.09,ok,high,False
Kepler-1370,1.0545,9.3325,0.1429,367.1466,10,1003.83,0.05,ok,high,False
Kepler-441,0.5364,0.0365,-0.6082,186.0823,10,267.62,-0.57,ok,high,False
Kepler-823,1.0273,10.0,0.2082,544.8427,10,1331.86,0.06,upper_boundary,high,False
Kepler-1265,0.7273,0.0316,-0.1837,494.4256,10,583.7,-0.1,lower_boundary,high,False
Kepler-1274,1.4364,3.3113,0.2408,61.8488,10,604.73,0.11,ok,high,False
Kepler-1242,0.8091,0.0316,0.0449,562.2062,10,667.73,-0.05,lower_boundary,high,False
Kepler-995,0.8636,0.0316,0.0776,595.1346,10,607.58,-0.07,lower_boundary,high,False
Kepler-921,0.9182,9.3325,0.0122,510.6995,10,926.12,-0.12,ok,high,False
Kepler-506,1.0818,4.1687,-0.0531,0.3355,10,230.15,0.09,ok,ok,True
Kepler-558,0.8636,0.0316,0.0449,484.379,10,674.68,-0.06,lower_boundary,high,False
Kepler-1328,1.0,9.7724,0.1429,402.2884,10,803.22,0.0,ok,high,False
Kepler-282,0.9455,9.3325,-0.0531,751.7638,10,1294.79,-0.2,ok,high,False
Kepler-735,0.8636,0.0316,0.2082,644.6471,10,700.85,0.07,lower_boundary,high,False
Kepler-1719,1.1091,7.9433,0.1755,233.2287,10,878.35,0.04,ok,high,False
Kepler-922,0.9455,0.0316,0.0776,347.2923,10,538.41,-0.05,lower_boundary,high,False
Kepler-134,0.8909,10.0,-0.151,67.1136,10,335.02,-0.2067,upper_boundary,high,False
Kepler-1853,0.8636,0.0316,0.3061,450.0752,10,559.96,0.16,lower_boundary,high,False
Kepler-214,1.0818,8.1283,0.0776,332.0806,10,1210.36,-0.02,ok,high,False
Kepler-1498,1.0,10.0,0.1102,653.5283,10,1277.77,-0.01,upper_boundary,high,False
Kepler-408,1.0273,6.166,-0.1184,0.269,10,89.01,-0.2,ok,ok,True
Kepler-647,1.0,10.0,-0.0204,372.3384,10,1069.53,-0.14,upper_boundary,high,False
Kepler-388,0.8909,0.0316,0.1429,379.0841,10,608.93,0.0,lower_boundary,high,False
Kepler-723,1.0,10.0,0.1429,897.0037,10,1315.73,0.0,upper_boundary,high,False
Kepler-1335,0.8091,0.0316,0.0449,414.0618,10,630.52,-0.07,lower_boundary,high,False
Kepler-1751,0.8909,10.0,-0.1184,648.8073,10,1222.79,-0.26,upper_boundary,high,False
Kepler-826,0.9727,10.0,-0.0531,301.7778,10,754.38,-0.12,upper_boundary,high,False
Kepler-1614,0.8909,0.0316,-0.0204,788.8904,10,1182.1,-0.17,lower_boundary,high,False
Kepler-1235,0.9455,0.0316,0.1429,386.5101,10,531.78,0.01,lower_boundary,high,False
Kepler-1292,0.9455,10.0,0.2082,962.6714,10,1392.96,0.08,upper_boundary,high,False
Kepler-814,1.1909,5.8884,0.1429,542.3609,10,1881.16,0.01,ok,high,False
Kepler-638,1.0818,8.9125,0.1755,224.196,10,969.71,0.04,ok,high,False
Kepler-504,0.2909,0.0316,-0.4122,114.503,10,99.05,-0.31,lower_boundary,high,False
Kepler-1414,0.8364,0.0316,0.0449,437.4487,10,564.39,-0.02,lower_boundary,high,False
Kepler-26,0.5909,7.2444,-0.1837,4.3453,10,336.98,-0.13,ok,ok,True
Kepler-893,0.9727,10.0,0.1102,838.5057,10,1299.81,-0.03,upper_boundary,high,False
Kepler-196,0.8636,0.0316,0.0776,306.4699,10,450.87,-0.06,lower_boundary,high,False
Kepler-1702,0.8091,0.0316,-0.1184,814.3601,10,871.97,-0.24,lower_boundary,high,False
Kepler-1093,1.0269,9.5499,0.0132,302.6453,10,1051.31,-0.01,ok,high,False
K2-107,1.1091,8.3176,0.2735,291.8078,10,660.78,0.14,ok,high,False
Kepler-1712,0.5636,0.0649,-0.1184,112.3475,10,155.7,0.02,ok,high,False
Kepler-1190,0.7,0.0422,-0.151,205.1285,10,344.04,-0.02,ok,high,False
Kepler-974,0.5091,0.0562,-0.1184,52.8783,10,132.95,0.0,ok,high,False
Kepler-1325,0.9455,0.0316,0.1102,551.1549,10,958.46,0.01,lower_boundary,high,False
Kepler-1991,0.9455,9.3325,0.3061,481.5681,10,860.09,0.16,ok,high,False
Kepler-513,0.9455,10.0,0.1102,157.1124,10,458.89,-0.01,upper_boundary,high,False
Kepler-864,1.0818,9.5499,0.4694,929.6624,10,2061.54,0.36,ok,high,False
Kepler-1366,0.6455,0.0422,-0.151,0.6119,6,458.95,-0.02,ok,ok,True
Kepler-1805,0.5909,0.0649,-0.0204,130.177,10,219.06,0.1,ok,high,False
HATS-29,0.9727,9.1201,0.3061,76.7056,10,350.05,0.16,ok,high,False
Kepler-983,2.0636,1.2303,0.2408,306.4056,10,3558.01,0.12,ok,high,False
Kepler-243,0.9182,0.0316,0.4041,416.8664,10,679.57,0.26,lower_boundary,high,False
Kepler-1526,0.7,0.0365,-0.151,440.9374,10,544.44,-0.01,ok,high,False
Kepler-1014,0.8636,0.0316,0.0122,440.599,10,617.97,-0.06,lower_boundary,high,False
Kepler-1214,0.8909,0.0316,0.1755,626.5226,10,737.36,0.05,lower_boundary,high,False
Kepler-1531,1.0,10.0,0.1102,204.2283,10,657.63,-0.03,upper_boundary,high,False
Kepler-1415,0.9182,0.0316,0.2082,692.2021,10,1013.45,0.12,lower_boundary,high,False
Kepler-1661,0.8091,0.0316,-0.0204,358.3143,10,404.21,-0.12,lower_boundary,high,False
Kepler-55,0.7,0.0365,-0.151,491.3411,10,563.08,-0.01,ok,high,False
Kepler-1254,0.8091,0.0316,0.0449,437.0455,10,630.33,-0.1,lower_boundary,high,False
Kepler-674,0.6182,0.0316,-0.3796,296.9268,10,334.72,-0.27,lower_boundary,high,False
Kepler-381,1.1636,3.7154,-0.151,0.5269,10,266.93,-0.2016,ok,ok,True
Kepler-127,1.0818,7.4131,0.1429,77.0406,10,348.72,0.2142,ok,high,False
Kepler-1130,0.9182,0.0316,0.0776,96.254,10,252.54,-0.06,lower_boundary,high,False
Kepler-686,0.9727,10.0,0.0776,1064.5116,10,1460.72,-0.07,upper_boundary,high,False
Kepler-1814,0.8636,0.0316,0.3388,614.9825,10,695.12,0.2,lower_boundary,high,False
Kepler-1272,1.0273,10.0,0.2082,454.0775,10,1165.93,0.06,upper_boundary,high,False
Kepler-815,1.2455,4.8978,0.0449,1.6241,10,1224.7,-0.03,ok,ok,True
Kepler-1261,0.8364,0.0316,0.1102,593.1077,10,744.45,0.03,lower_boundary,high,False
Kepler-43,1.0545,9.7724,0.4041,336.5372,10,989.95,0.33,ok,high,False
Kepler-837,0.8909,0.0316,-0.0531,651.9086,10,896.01,-0.18,lower_boundary,high,False
Kepler-1996,0.7818,0.0365,0.1429,342.3648,10,443.46,0.08,ok,high,False
Kepler-447,0.8909,8.9125,0.2082,55.9756,10,265.09,0.07,ok,high,False
Kepler-1304,1.1091,7.7625,0.0776,647.4543,10,2165.5,-0.05,ok,high,False
Kepler-30,0.9455,0.0316,0.3061,676.5233,10,873.35,0.18,lower_boundary,high,False
Kepler-205,0.6182,10.0,-0.1184,40.9008,10,158.87,-0.1254,upper_boundary,high,False
Kepler-1849,0.7273,0.0316,-0.2163,521.606,10,635.46,-0.1,lower_boundary,high,False
Kepler-1223,0.8364,0.0316,0.1429,449.7638,10,463.32,0.04,lower_boundary,high,False
Kepler-878,0.9455,0.0316,0.1102,403.8488,10,778.51,-0.03,lower_boundary,high,False
Kepler-129,1.1364,7.4131,0.3714,52.1744,10,408.73,0.29,ok,high,False
Kepler-1482,0.9182,9.3325,0.0776,284.7367,10,549.69,-0.04,ok,high,False
Kepler-1444,0.9455,9.7724,0.2082,85.1872,10,320.15,0.06,ok,high,False
Kepler-1932,0.9182,0.0316,0.2735,596.0118,10,706.96,0.14,lower_boundary,high,False
Kepler-295,1.0545,8.9125,0.0122,337.9873,10,1662.17,-0.03,ok,high,False
Kepler-1440,1.0273,10.0,0.1429,324.8598,10,1082.63,0.04,upper_boundary,high,False
Kepler-204,0.9182,8.3176,-0.0531,3.8299,10,680.23,0.07,ok,ok,True
Kepler-1635,0.9455,0.0316,0.2082,824.1186,10,1096.66,0.06,lower_boundary,high,False
Kepler-440,0.6455,0.0316,-0.151,188.3414,10,301.68,-0.3,lower_boundary,high,False
Kepler-1429,1.0,9.7724,0.1755,514.9685,10,1243.48,0.04,ok,high,False
Kepler-442,0.6455,0.0316,-0.4122,342.601,10,362.47,-0.37,lower_boundary,high,False
Kepler-952,0.9727,8.9125,0.2082,102.7054,10,1248.46,0.06,ok,high,False
Kepler-1067,0.9455,0.0316,0.1102,372.2978,10,654.0,0.03,lower_boundary,high,False
Kepler-736,0.8909,0.0316,0.1102,897.0352,10,989.64,0.03,lower_boundary,high,False
Kepler-1258,0.9455,10.0,0.0776,257.6659,10,702.89,-0.07,upper_boundary,high,False
Kepler-1604,0.8364,0.0316,0.1429,447.1544,10,539.14,0.02,lower_boundary,high,False
Kepler-350,1.0273,10.0,0.1429,279.5958,10,976.42,0.041,upper_boundary,high,False
Kepler-811,1.0273,10.0,0.1755,382.4171,10,981.48,0.05,upper_boundary,high,False
Kepler-838,0.9182,9.5499,0.0776,121.0455,10,1143.81,-0.06,ok,high,False
Kepler-211,0.8636,5.0119,0.2735,201.129,10,305.57,0.151,ok,high,False
Kepler-1644,0.9727,10.0,0.0122,346.7494,10,918.65,-0.1,upper_boundary,high,False
Kepler-907,1.3,3.4674,-0.151,24.3777,10,610.86,-0.15,ok,high,False
Kepler-551,0.6455,0.0365,-0.2163,251.3043,10,306.92,-0.09,ok,high,False
Kepler-668,0.8636,0.0316,0.0449,554.175,10,783.78,-0.06,lower_boundary,high,False
Kepler-1601,0.9455,10.0,0.1429,294.3089,10,641.74,0.05,upper_boundary,high,False
Kepler-555,1.0,10.0,0.1102,583.4074,10,1000.39,0.0,upper_boundary,high,False
Kepler-730,1.0545,10.0,0.2408,839.4367,10,1995.59,0.21,upper_boundary,high,False
Kepler-1596,1.0273,9.7724,0.0122,747.9626,10,2253.05,-0.11,ok,high,False
Kepler-1460,0.7,0.0316,-0.1184,490.6934,10,535.82,-0.02,lower_boundary,high,False
Kepler-9,0.9455,9.1201,0.1755,366.2359,10,621.53,0.05,ok,high,False
Kepler-2000,0.7,0.0487,0.3388,182.3282,10,318.06,0.48,ok,high,False
Kepler-968,0.7273,0.0422,0.0776,237.4716,10,287.75,0.13,ok,high,False
Kepler-4,1.0818,8.7096,0.2735,56.6327,10,493.9,0.17,ok,high,False
Kepler-821,0.8636,0.0316,0.0776,417.9839,10,611.11,-0.03,lower_boundary,high,False
Kepler-779,0.5091,0.0316,-0.2816,370.4047,10,282.79,-0.43,lower_boundary,high,False
TOI-2095,0.4545,0.154,-0.3143,0.8321,10,41.9,-0.24,ok,ok,True
Kepler-649,0.8909,10.0,-0.0204,214.2012,10,509.37,-0.17,upper_boundary,high,False
Kepler-98,0.9727,0.0316,0.2408,125.5952,10,348.33,0.18,lower_boundary,high,False
Kepler-813,1.0,10.0,-0.0204,463.3897,10,1306.71,-0.13,upper_boundary,high,False
Kepler-1673,1.0,10.0,0.3061,237.0417,10,711.36,0.228,upper_boundary,high,False
Kepler-91,1.2455,5.4954,0.2082,33.5386,10,1250.98,0.11,ok,high,False
Kepler-1851,0.9182,10.0,-0.151,1179.8185,10,1438.14,-0.28,upper_boundary,high,False
Kepler-10,0.9182,10.0,-0.0204,0.7766,10,185.5,-0.15,upper_boundary,ok,False
Kepler-1939,0.6727,0.0365,-0.2816,64.1758,10,187.78,-0.18,ok,high,False
Kepler-1126,0.8364,10.0,-0.2816,424.4293,10,636.11,-0.4,upper_boundary,high,False
Kepler-1619,1.0,10.0,0.0776,209.0591,10,730.14,-0.07,upper_boundary,high,False
Kepler-1479,0.9727,10.0,0.1102,226.4774,10,739.43,-0.02,upper_boundary,high,False
Kepler-1288,1.1636,6.7608,0.2735,247.4434,10,927.22,0.14,ok,high,False
Kepler-1389,0.7545,0.0316,-0.2163,336.9139,10,488.83,-0.14,lower_boundary,high,False
Kepler-230,0.8364,0.0316,-0.0857,464.4311,10,746.84,-0.21,lower_boundary,high,False
Kepler-1211,1.0273,9.7724,0.0449,1013.6699,10,2118.79,-0.08,ok,high,False
Kepler-1595,0.8636,0.0316,0.0449,670.8789,10,821.41,-0.02,lower_boundary,high,False
Kepler-1542,0.9727,9.1201,0.2082,96.3571,10,389.35,0.06,ok,high,False
Kepler-1439,0.3727,0.0422,-0.151,256.7438,10,220.89,-0.03,ok,high,False
Kepler-354,0.7273,0.0316,-0.0857,573.0289,10,538.89,-0.03,lower_boundary,high,False
Kepler-1373,1.2182,5.2481,0.1102,355.5068,10,1534.55,0.03,ok,high,False
Kepler-592,0.9727,10.0,0.0776,505.3432,10,1142.92,-0.03,upper_boundary,high,False
Kepler-1369,0.9455,10.0,0.1429,757.9887,10,1234.11,0.0,upper_boundary,high,False
Kepler-355,0.9727,10.0,0.0449,874.4524,10,1410.65,-0.06,upper_boundary,high,False
Kepler-1273,0.9455,0.0316,0.1755,888.658,10,1144.78,0.03,lower_boundary,high,False
Kepler-1461,0.7818,0.0316,0.0449,606.6953,10,669.05,-0.04,lower_boundary,high,False
Kepler-149,1.0,0.0316,0.502,274.5648,10,572.95,0.3805,lower_boundary,high,False
Kepler-1266,0.7273,7.5858,-0.1837,0.0906,6,828.91,-0.07,ok,ok,True
Kepler-529,1.8455,1.4791,0.0122,305.8883,10,2782.17,-0.1,ok,high,False
Kepler-1138,0.9182,0.0316,0.1429,673.5579,10,905.07,0.04,lower_boundary,high,False
Kepler-599,0.8091,0.0316,0.0122,510.9008,10,555.52,-0.02,lower_boundary,high,False
Kepler-1308,0.4,0.0422,-0.249,32.7151,10,113.11,-0.13,ok,high,False
Kepler-495,0.8909,0.0316,0.0122,441.0764,10,661.66,-0.07,lower_boundary,high,False
Kepler-1748,0.8636,0.0316,-0.0857,1002.2796,10,1129.0,-0.22,lower_boundary,high,False
Kepler-1580,1.4364,3.1623,0.1102,127.3117,10,999.72,0.12,ok,high,False
Kepler-169,0.8364,0.0316,0.0776,282.7785,10,409.45,0.17,lower_boundary,high,False
Kepler-1135,1.0545,9.091,0.0776,470.0451,10,1315.7,0.02,ok,high,False
Kepler-611,1.0507,9.7724,0.21,430.0813,10,1354.28,0.06,ok,high,False
Kepler-1978,0.8909,0.0316,0.0776,772.7824,10,849.52,-0.04,lower_boundary,high,False
Kepler-802,0.9455,0.0316,0.2082,569.1834,10,750.84,0.06,lower_boundary,high,False
Kepler-591,0.9182,9.7724,0.1429,431.2111,10,786.32,0.01,ok,high,False
Kepler-1060,0.9727,9.7724,0.1102,552.524,10,990.28,-0.03,ok,high,False
Kepler-384,0.9727,10.0,-0.1837,261.9242,10,903.59,-0.29,upper_boundary,high,False
Kepler-407,0.9727,8.7096,0.4694,41.1305,10,339.41,0.35,ok,high,False
TrES-1,0.8364,10.0,0.1102,14.1352,10,158.63,0.02,upper_boundary,high,False
Kepler-177,1.0,9.7724,0.0122,653.8323,10,1422.91,-0.11,ok,high,False
Kepler-1549,0.8909,0.0316,0.1102,722.7995,10,786.77,0.02,lower_boundary,high,False
Kepler-801,0.6727,4.8978,-0.0857,3.8503,10,437.94,-0.17,ok,ok,True
Kepler-235,0.5909,0.0316,-0.3796,473.1349,10,433.42,-0.51,lower_boundary,high,False
Kepler-412,1.0545,9.5499,0.4041,510.0185,10,1077.42,0.27,ok,high,False
Kepler-1034,0.8364,0.0316,0.0122,621.3366,10,650.9,-0.06,lower_boundary,high,False
Kepler-547,0.8091,0.0316,0.0449,206.6105,10,370.74,0.01,lower_boundary,high,False
Kepler-1453,0.9182,10.0,0.1429,709.4713,10,1197.32,0.01,upper_boundary,high,False
Kepler-1495,1.0,9.7724,0.2082,820.3926,10,1378.37,0.06,ok,high,False
Kepler-1299,0.9455,10.0,0.1102,1121.1831,10,1452.96,-0.01,upper_boundary,high,False
Kepler-121,0.7818,0.0316,-0.151,367.0917,10,514.75,-0.08,lower_boundary,high,False
Kepler-1358,0.8636,0.0316,0.0449,437.1624,10,537.12,-0.08,lower_boundary,high,False
Kepler-1599,1.0,10.0,0.1429,694.1003,10,1281.46,0.02,upper_boundary,high,False
Kepler-1773,1.0818,8.5114,0.4041,177.5137,10,656.96,0.26,ok,high,False
Kepler-1866,1.0273,9.3325,0.3061,664.4501,10,1012.68,0.16,ok,high,False
Kepler-12,1.0545,9.3325,0.1755,273.1842,10,860.4,0.07,ok,high,False
Kepler-514,1.0818,7.9433,0.2735,88.857,10,458.26,0.36,ok,high,False
Kepler-618,1.0,9.3325,0.2082,493.2863,10,1173.94,0.08,ok,high,False
Kepler-1842,0.9455,9.1201,0.2082,701.4579,10,892.97,0.06,ok,high,False
Kepler-1691,1.0,10.0,0.2735,759.634,10,1227.01,0.16,upper_boundary,high,False
Kepler-1400,0.8364,0.0316,0.1429,684.7055,10,752.16,0.04,lower_boundary,high,False
Kepler-886,0.9455,9.3325,0.1102,334.5029,10,701.96,-0.01,ok,high,False
Kepler-1001,0.9182,0.0316,0.1102,534.0626,10,934.84,-0.03,lower_boundary,high,False
Kepler-360,0.9182,10.0,0.2735,457.1924,10,869.64,0.15,upper_boundary,high,False
Kepler-1005,0.9727,9.7724,0.1429,243.1287,10,557.78,0.02,ok,high,False
Kepler-1854,0.9455,0.0316,0.1429,327.2823,10,570.69,0.0,lower_boundary,high,False
Kepler-1961,0.8909,0.0316,-0.0204,759.0287,10,1089.33,-0.16,lower_boundary,high,False
Kepler-1349,1.0545,7.7625,0.1102,0.4391,10,277.0,0.03,ok,ok,True
Kepler-1271,0.9727,10.0,0.0776,493.6294,10,826.11,-0.01,upper_boundary,high,False
Kepler-293,0.9455,0.0316,0.2408,757.1464,10,959.19,0.1,lower_boundary,high,False
Kepler-1615,1.0273,10.0,0.0776,458.4718,10,1420.85,0.06,upper_boundary,high,False
Kepler-729,1.0273,10.0,0.0776,882.9632,10,1853.17,-0.05,upper_boundary,high,False
Kepler-1411,0.9455,10.0,0.0449,1099.7783,10,1570.29,-0.04,upper_boundary,high,False
HATS-23,0.9727,10.0,0.3714,320.4146,10,649.23,0.28,upper_boundary,high,False
Kepler-1132,0.8636,0.0316,0.0449,592.1416,10,870.27,-0.01,lower_boundary,high,False
Kepler-1874,0.7273,0.0316,0.1102,405.7318,10,373.06,0.24,lower_boundary,high,False
TOI-1130,0.7,7.0795,0.1429,0.7879,10,58.31,0.11,ok,ok,True
Kepler-1606,0.9182,0.0316,0.1429,641.5854,10,826.3,0.01,lower_boundary,high,False
Kepler-1583,0.9182,10.0,0.0776,104.0916,10,404.49,-0.07,upper_boundary,high,False
Kepler-404,0.8909,0.0316,0.0776,573.266,10,828.9,-0.03,lower_boundary,high,False
Kepler-1775,1.0273,10.0,0.3714,230.6573,10,656.68,0.24,upper_boundary,high,False
Kepler-290,0.8091,0.0316,0.0449,803.7752,10,692.9,-0.1,lower_boundary,high,False
Kepler-883,0.9727,10.0,-0.0204,157.2994,10,610.67,-0.13,upper_boundary,high,False
Kepler-351,0.8909,0.0316,-0.0204,1113.8189,10,1117.68,-0.16,lower_boundary,high,False
Kepler-324,0.9182,3.2359,0.2735,236.9123,10,498.37,0.18,ok,high,False
Kepler-1795,0.7273,0.0316,0.3061,460.3433,10,474.96,0.28,lower_boundary,high,False
Kepler-740,0.9455,10.0,0.1755,891.907,10,1501.79,0.03,upper_boundary,high,False
Kepler-1263,0.8636,0.0316,0.0449,632.7632,10,688.49,-0.03,lower_boundary,high,False
Kepler-770,0.9455,10.0,0.1102,511.7512,10,919.42,-0.01,upper_boundary,high,False
Kepler-531,0.7818,0.0316,-0.0857,132.6106,10,251.57,-0.03,lower_boundary,high,False
Kepler-585,0.9455,0.0316,0.1429,283.3037,10,574.96,0.03,lower_boundary,high,False
Kepler-296,0.3727,0.0316,-0.2163,211.1922,10,233.0,-0.08,lower_boundary,high,False
Kepler-1616,1.1909,5.6234,0.0776,302.4245,10,1137.64,0.02,ok,high,False
Kepler-571,0.9182,0.0316,0.0776,364.3367,10,728.85,0.01,lower_boundary,high,False
Kepler-967,0.8364,0.0316,0.0449,438.8216,10,469.3,-0.03,lower_boundary,high,False
Kepler-242,0.8091,0.0316,0.1102,656.5645,10,600.23,-0.02,lower_boundary,high,False
Kepler-800,0.8636,0.0316,-0.0204,709.0963,10,1030.02,-0.09,lower_boundary,high,False
Kepler-1554,0.8636,0.0316,0.0449,764.9407,10,911.55,-0.1,lower_boundary,high,False
Kepler-1421,1.1364,6.6069,0.0776,197.0091,10,780.36,0.05,ok,high,False
Kepler-277,1.1091,7.7625,0.1429,207.3961,10,938.27,0.09,ok,high,False
Kepler-898,0.6455,0.0316,-0.1837,473.6973,10,477.36,-0.06,lower_boundary,high,False
KOI-4978,0.9727,0.0316,0.3061,621.8206,10,918.56,0.18,lower_boundary,high,False
Kepler-1124,0.4545,0.0487,-0.4776,5.0069,10,287.82,-0.59,ok,ok,True
Kepler-1301,0.8909,0.0316,0.1102,568.4234,10,845.62,0.01,lower_boundary,high,False
Kepler-1701,0.8636,0.0316,0.0449,369.9061,10,569.35,0.03,lower_boundary,high,False
Kepler-1535,0.9727,8.1283,0.1102,3.7452,10,851.15,0.0,ok,ok,True
Kepler-1224,1.0273,9.5499,0.2735,166.3779,10,566.3,0.14,ok,high,False
Kepler-473,1.0545,9.1201,0.0776,201.1701,10,860.4,0.12,ok,high,False
Kepler-25,1.0818,6.166,0.0122,32.4159,10,240.53,0.11,ok,high,False
Kepler-1488,1.1364,6.7608,0.1102,2.7839,10,886.49,0.0,ok,ok,True
Kepler-332,0.7545,0.0316,-0.1837,169.1266,10,346.31,-0.13,lower_boundary,high,False
Kepler-1177,1.0273,10.0,0.0776,370.3212,10,1297.35,0.02,upper_boundary,high,False
Kepler-1000,1.3818,3.7154,0.3388,227.1162,10,1067.46,0.35,ok,high,False
Kepler-1655,0.9182,9.5499,-0.151,31.9143,10,213.01,-0.24,ok,high,False
Kepler-1567,0.9455,0.0316,0.1102,232.8832,10,1148.68,-0.03,lower_boundary,high,False
Kepler-978,0.9727,9.5499,0.0122,3.2572,10,695.36,-0.01,ok,ok,True
Kepler-1270,1.1364,7.2444,0.1102,2.3478,10,1088.23,-0.02,ok,ok,True
Kepler-1146,0.7818,0.0316,0.0776,637.3346,10,695.2,-0.06,lower_boundary,high,False
Kepler-52,0.6455,0.0422,-0.1184,256.1974,10,317.07,0.0,ok,high,False
Kepler-859,0.8364,0.0316,0.1102,871.8065,10,828.61,-0.02,lower_boundary,high,False
KOI-7913 A,0.7818,0.0316,0.0776,77.3819,10,271.03,-0.06,lower_boundary,high,False
Kepler-124,0.7545,0.0316,-0.3143,299.8131,10,418.17,-0.46,lower_boundary,high,False
TOI-2107,0.9727,0.0316,0.1755,53.3573,10,235.39,0.07,lower_boundary,high,False
TrES-2,0.9182,9.7724,-0.0204,2.8623,10,213.86,-0.15,ok,ok,True
Kepler-1558,0.8091,9.7724,0.1429,140.8128,10,324.52,0.0,ok,high,False
Kepler-38,1.0545,8.7096,0.0122,254.2479,10,1133.81,-0.11,ok,high,False
TOI-1450 A,0.3727,0.0422,-0.1184,4.7854,10,22.43,-0.12,ok,ok,True
Kepler-152,0.8091,0.0365,0.0122,260.3337,10,439.11,-0.12,ok,high,False
Kepler-828,0.8091,0.0365,0.1102,421.001,10,569.76,-0.02,ok,high,False
Kepler-1187,0.9455,10.0,0.1102,469.7767,10,951.61,-0.01,upper_boundary,high,False
Kepler-790,0.8636,0.0316,0.0776,692.3189,10,709.4,-0.05,lower_boundary,high,False
Kepler-1692,0.9455,0.0316,0.4367,317.6995,10,589.0,0.36,lower_boundary,high,False
Kepler-1456,0.6455,0.0365,-0.151,324.0178,10,368.63,-0.09,ok,high,False
Kepler-1700,1.0,9.3325,0.2082,404.214,10,719.26,0.07,ok,high,False
Kepler-1376,0.9182,9.7724,0.2082,11.5464,10,871.9,0.07,ok,high,False
Kepler-575,0.9727,0.0316,0.1429,544.2085,10,841.58,0.0,lower_boundary,high,False
Kepler-1742,0.8909,0.0316,-0.0531,451.7966,10,659.72,-0.18,lower_boundary,high,False
Kepler-1165,1.0818,7.9433,0.0449,389.1441,10,1522.91,-0.04,ok,high,False
KOI-13,1.7636,1.4791,0.2735,5.8114,10,488.04,0.2,ok,ok,True
Kepler-229,0.8636,0.0316,0.2082,623.5784,10,835.73,0.06,lower_boundary,high,False
Kepler-1337,0.7,0.0316,-0.2163,475.5529,10,598.94,-0.09,lower_boundary,high,False
Kepler-59,0.9727,10.0,-0.0857,425.8722,10,1168.51,-0.2,upper_boundary,high,False
Kepler-475,0.8636,0.0365,0.3388,128.3592,10,277.7,0.21,ok,high,False
Kepler-834,0.7,0.0316,-0.249,721.2018,10,619.4,-0.13,lower_boundary,high,False
Kepler-846,0.9455,0.0316,0.1429,648.6848,10,1152.92,0.0,lower_boundary,high,False
Kepler-1227,0.9182,0.0316,0.0449,319.628,10,607.23,-0.04,lower_boundary,high,False
Kepler-1344,1.0,9.3325,0.2082,441.4742,10,854.13,0.06,ok,high,False
Kepler-1950,0.8364,10.0,-0.2163,585.9107,10,717.63,-0.34,upper_boundary,high,False
Kepler-518,0.8909,8.5114,-0.0857,129.273,10,334.33,-0.23,ok,high,False
Kepler-1728,0.8636,5.0119,0.2735,505.5862,10,647.96,0.18,ok,high,False
Kepler-178,0.9182,0.0316,0.0776,405.0236,10,710.04,-0.04,lower_boundary,high,False
Kepler-1137,1.1909,4.7863,-0.0857,147.4291,10,899.52,0.05,ok,high,False
Kepler-491,0.9455,10.0,0.502,356.5217,10,630.06,0.37,upper_boundary,high,False
Kepler-1605,1.0545,9.1201,0.0776,66.9511,10,548.66,-0.01,ok,high,False
Kepler-334,0.9455,9.5499,0.1102,157.7969,10,420.22,-0.012,ok,high,False
Kepler-1850,0.6455,0.0422,-0.3469,113.353,10,249.91,-0.22,ok,high,False
Kepler-700,1.0,10.0,0.1755,619.1448,10,1457.0,0.04,upper_boundary,high,False
Kepler-1898,0.8364,0.0316,-0.2163,209.5182,10,355.73,-0.28,lower_boundary,high,False
Kepler-543,0.6727,0.0487,-0.2816,76.014,10,218.22,-0.19,ok,high,False
Kepler-1464,1.0273,10.0,0.0776,470.9734,10,1102.32,0.03,upper_boundary,high,False
Kepler-1185,0.9727,10.0,0.0449,164.4583,10,453.06,-0.04,upper_boundary,high,False
Kepler-244,0.9455,0.0316,0.1755,939.3312,10,1078.25,0.07,lower_boundary,high,False
Kepler-958,0.9182,0.0316,0.1429,207.824,10,444.24,0.01,lower_boundary,high,False
KOI-4777,0.4273,0.1155,0.0122,192.6202,10,170.66,0.1,ok,high,False
Kepler-776,0.8636,0.0316,0.1429,671.4176,10,746.53,0.05,lower_boundary,high,False
Kepler-867,1.0818,8.5114,0.1102,389.6947,10,1696.08,-0.02,ok,high,False
Kepler-1808,0.8364,10.0,-0.2163,863.6945,10,989.38,-0.34,upper_boundary,high,False
Kepler-605,0.9182,0.0316,0.1102,429.8194,10,551.95,0.02,lower_boundary,high,False
Kepler-1168,0.8364,0.0316,0.1429,527.9165,10,740.48,0.13,lower_boundary,high,False
Kepler-1143,0.7818,0.0316,-0.0204,607.5461,10,554.28,-0.06,lower_boundary,high,False
Kepler-796,1.1364,7.5801,0.2082,135.2919,10,846.12,0.09,ok,high,False
Kepler-97,0.8909,10.0,-0.0531,229.1687,10,397.42,-0.2,upper_boundary,high,False
Kepler-651,0.8909,0.0316,0.0122,263.1483,10,508.6,-0.04,lower_boundary,high,False
Kepler-1713,1.1636,4.4668,0.0449,11.2259,10,292.3,0.1,ok,high,False
Kepler-1049,0.5364,0.0365,-0.4122,79.5126,10,162.06,-0.33,ok,high,False
Kepler-1778,0.9455,10.0,0.0449,653.5266,10,1249.12,-0.06,upper_boundary,high,False
Kepler-21,1.3273,3.3113,0.0122,0.6199,10,108.15,-0.03,ok,ok,True
Kepler-467,1.0273,9.7724,0.2082,77.3429,10,469.34,0.06,ok,high,False
Kepler-1948,0.7,0.0365,-0.0204,49.0337,10,195.45,0.12,ok,high,False
Kepler-140,0.9727,10.0,0.0449,281.1081,10,564.19,-0.039,upper_boundary,high,False
Kepler-1581,1.0273,10.0,0.2082,121.1325,10,494.81,0.07,upper_boundary,high,False
KIC 10525077,0.9727,10.0,0.0776,745.4626,10,1456.46,-0.04,upper_boundary,high,False
Kepler-1103,1.0818,8.1283,0.0776,319.5917,10,1303.98,-0.01,ok,high,False
Kepler-279,1.0,9.1201,-0.151,308.7675,10,1045.31,-0.1141,ok,high,False
Kepler-294,1.0,0.0316,0.2408,953.2147,10,1324.95,0.11,lower_boundary,high,False
Kepler-1528,0.9182,9.7724,0.1755,54.6461,10,798.21,0.03,ok,high,False
Kepler-1216,0.9455,10.0,0.1755,593.337,10,1191.74,0.03,upper_boundary,high,False
Kepler-1982,1.0545,8.7096,0.2408,210.7706,10,561.15,0.21,ok,high,False
K2-382,0.8364,9.7724,0.0449,0.1988,9,287.97,-0.027,ok,ok,True
Kepler-174,0.7,0.0316,-0.4776,241.3812,10,380.19,-0.56,lower_boundary,high,False
Kepler-771,1.0273,10.0,0.1429,762.4655,10,1355.33,0.01,upper_boundary,high,False
Kepler-836,0.9455,10.0,0.0776,526.5122,10,1016.07,-0.01,upper_boundary,high,False
Kepler-1548,0.9182,0.0316,0.1755,623.0381,10,872.5,0.05,lower_boundary,high,False
Kepler-778,0.8636,0.0316,0.0449,828.8372,10,927.6,-0.09,lower_boundary,high,False
Kepler-1085,1.0,10.0,0.3388,833.7399,10,1358.55,0.22,upper_boundary,high,False
Kepler-454,0.9727,9.3325,0.2735,13.0943,10,231.5,0.32,ok,high,False
HATS-47,0.7,0.0316,-0.2163,314.9772,10,301.69,-0.113,lower_boundary,high,False
Kepler-1075,0.5909,0.0316,-0.2816,241.9538,10,310.81,-0.17,lower_boundary,high,False
Kepler-1234,0.8636,0.0316,0.1102,659.9823,10,922.09,0.01,lower_boundary,high,False
Kepler-1646,0.2909,0.0562,-0.0857,126.1712,10,127.58,0.04,ok,high,False
Kepler-1164,0.8636,0.0316,0.1102,450.5102,10,427.28,-0.03,lower_boundary,high,False
Kepler-1806,0.8636,0.0316,0.0776,629.1808,10,954.85,-0.04,lower_boundary,high,False
Kepler-1381,0.8909,10.0,0.0449,709.3295,10,1187.4,-0.1,upper_boundary,high,False
Kepler-189,0.8364,0.0316,0.0449,382.4453,10,580.69,-0.04,lower_boundary,high,False
Kepler-738,0.9182,0.0316,0.0449,934.4359,10,1085.43,-0.09,lower_boundary,high,False
Kepler-1027,0.9182,10.0,0.0449,211.867,10,402.18,-0.06,upper_boundary,high,False
Kepler-1209,1.0545,7.5858,0.1429,88.4282,10,494.93,0.12,ok,high,False
Kepler-760,0.9182,0.0316,0.1755,497.0791,10,793.82,0.08,lower_boundary,high,False
Kepler-104,0.8909,9.1201,-0.2816,230.2187,10,401.59,-0.42,ok,high,False
Kepler-411,0.8091,0.0365,0.1429,10.2542,10,152.96,0.21,ok,high,False
Kepler-659,0.8364,0.0316,0.1102,543.0096,10,719.84,0.02,lower_boundary,high,False
Kepler-212,1.0545,9.7724,0.3061,142.0894,10,686.46,0.22,ok,high,False
Kepler-1555,1.0818,8.9125,0.1755,724.8039,10,2175.8,0.03,ok,high,False
Kepler-781,0.8636,0.0316,0.0449,816.6703,10,1003.56,-0.1,lower_boundary,high,False
Kepler-510,0.9455,9.5499,-0.2163,110.609,10,380.0,-0.35,ok,high,False
Kepler-1246,0.7273,0.0316,-0.151,389.5687,10,438.46,-0.03,lower_boundary,high,False
Kepler-1697,0.8091,0.0365,0.1755,85.164,10,249.62,0.0341,ok,high,False
Kepler-20,0.8909,9.7724,0.1755,59.6292,10,285.21,0.07,ok,high,False
Kepler-1841,0.9182,0.0316,0.1755,469.9991,10,629.84,0.12,lower_boundary,high,False
Kepler-951,0.7818,0.0316,0.0776,259.562,10,385.26,-0.01,lower_boundary,high,False
HIP 94235,0.9455,8.3176,-0.1184,0.8357,10,58.45,0.0,ok,ok,True
Kepler-1584,1.0,10.0,0.1102,679.9844,10,1373.24,0.0,upper_boundary,high,False
Kepler-1550,0.9727,9.3325,0.1429,649.0243,10,1121.91,0.01,ok,high,False
Kepler-160,0.9727,9.7724,0.3388,625.1934,10,917.09,0.2,ok,high,False
Kepler-164,0.9727,9.5499,0.1429,406.8333,10,899.32,0.0,ok,high,False
Kepler-1250,1.0546,9.7724,0.1819,782.8806,10,2163.6,0.04,ok,high,False
Kepler-387,0.9182,10.0,-0.151,390.4541,10,802.38,-0.3,upper_boundary,high,False
Kepler-1269,1.1909,6.0256,0.2082,265.8846,10,1116.9,0.07,ok,high,False
Kepler-1517,1.8182,1.6218,0.0449,142.6557,10,882.75,0.01,ok,high,False
Kepler-1880,0.6182,0.0316,-0.7714,630.1113,10,595.71,-0.92,lower_boundary,high,False
Kepler-1268,1.0273,10.0,0.1102,690.647,10,1771.55,0.05,upper_boundary,high,False
Kepler-1276,0.9727,10.0,0.0449,212.5753,10,545.05,-0.02,upper_boundary,high,False
Kepler-844,0.6182,0.0316,-0.3143,397.0223,10,429.08,-0.24,lower_boundary,high,False
Kepler-505,0.6182,0.0316,-0.1837,277.5339,10,279.9,-0.19,lower_boundary,high,False
Kepler-1448,0.8909,9.5499,-0.0204,413.0611,10,759.84,-0.16,ok,high,False
Kepler-1160,0.9182,0.0316,0.1429,825.5218,10,1063.04,0.01,lower_boundary,high,False
Kepler-105,0.9455,10.0,0.0449,217.3026,10,461.78,-0.09,upper_boundary,high,False
Kepler-120,0.7273,0.0316,-0.151,277.478,10,388.37,-0.12,lower_boundary,high,False
Kepler-238,1.0818,8.9125,0.2082,563.8687,10,1787.15,0.34,ok,high,False
Kepler-222,0.9182,3.2359,0.2735,628.7063,10,760.85,0.33,ok,high,False
Kepler-291,1.0273,10.0,0.3714,1208.2247,10,1787.31,0.23,upper_boundary,high,False
Kepler-192,1.0,0.0316,0.2735,326.1971,10,642.56,0.13,lower_boundary,high,False
Kepler-1617,1.0273,9.7724,0.1429,442.336,10,883.67,0.01,ok,high,False
Kepler-1139,0.8909,0.0316,0.1102,266.9362,10,493.82,0.05,lower_boundary,high,False
Kepler-950,1.0818,8.7096,0.1429,974.2973,10,2227.4,0.02,ok,high,False
Kepler-1953,0.7818,0.0316,0.0449,464.1778,10,599.8,-0.02,lower_boundary,high,False
Kepler-1981,1.0,9.7724,0.2408,229.9296,10,642.04,0.12,ok,high,False
Kepler-147,1.0545,9.7724,0.2408,297.2748,10,1027.52,0.1,ok,high,False
Kepler-113,0.7818,0.0316,-0.0531,95.8306,10,261.41,0.05,lower_boundary,high,False
Kepler-652,0.9182,3.2359,0.2735,275.0935,10,391.43,0.17,ok,high,False
Kepler-346,0.9455,0.0316,0.1755,578.3288,10,932.64,0.1,lower_boundary,high,False
K2-381,0.6727,0.0365,-0.3796,183.6144,10,145.55,-0.244,ok,high,False
Kepler-1852,0.8636,5.0119,0.2735,546.3615,10,777.28,0.24,ok,high,False
Kepler-1952,1.0545,7.2394,-0.2816,350.1091,10,1619.09,-0.34,ok,high,False
Kepler-1279,1.2727,4.5709,0.1429,361.4798,10,1450.79,0.06,ok,high,False
Kepler-50,1.1364,5.2481,-0.0531,0.2944,10,250.94,0.03,ok,ok,True
Kepler-1380,1.0545,10.0,0.2082,682.4432,10,2382.09,0.1,upper_boundary,high,False
Kepler-195,0.8091,7.9433,-0.0204,0.4437,6,652.92,0.04,ok,ok,True
Kepler-794,1.1091,8.3176,0.4041,203.087,10,888.53,0.34,ok,high,False
Kepler-660,0.7818,0.0316,0.0122,467.3019,10,561.08,-0.07,lower_boundary,high,False
Kepler-1193,1.0273,10.0,0.2082,313.1899,10,782.66,0.12,upper_boundary,high,False
Kepler-522,1.3273,3.9811,0.2735,116.476,10,648.62,0.41,ok,high,False
Kepler-1690,0.9182,0.0316,0.1102,518.2083,10,698.02,0.0,lower_boundary,high,False
Kepler-1530,0.9182,3.2359,0.2735,233.8167,10,486.99,0.2,ok,high,False
Kepler-1597,1.0273,10.0,0.1102,578.819,10,1221.4,0.02,upper_boundary,high,False
Kepler-254,0.8909,10.0,0.0122,1042.5769,10,1306.71,-0.13,upper_boundary,high,False
Kepler-1837,0.9182,10.0,0.1102,862.2468,10,1145.87,-0.02,upper_boundary,high,False
Kepler-259,0.9455,0.0316,0.0449,611.6623,10,989.53,-0.09,lower_boundary,high,False
Kepler-584,1.0545,8.1283,-0.0857,582.4099,10,1877.0,0.02,ok,high,False
Kepler-1449,1.0818,8.2858,0.0775,523.166,10,1941.84,0.04,ok,high,False
Kepler-1588,0.9727,10.0,-0.0531,274.2981,10,907.96,-0.14,upper_boundary,high,False
Kepler-150,0.9727,0.0316,0.2408,591.8798,10,883.47,0.12,lower_boundary,high,False
Kepler-1753,0.8364,0.0316,0.1429,580.6011,10,725.33,0.0,lower_boundary,high,False
Kepler-1350,0.4818,0.0365,-0.1837,334.3863,10,334.53,-0.06,ok,high,False
Kepler-427,0.9727,9.5499,-0.0531,438.6012,10,1000.94,-0.19,ok,high,False
Kepler-1122,0.9727,9.5499,0.1102,577.2119,10,1235.82,-0.03,ok,high,False
Kepler-1578,0.9182,0.0316,0.0122,626.2254,10,1046.91,-0.13,lower_boundary,high,False
Kepler-1799,1.0545,9.5499,0.1429,842.1786,10,2186.26,0.0,ok,high,False
Kepler-1746,1.0273,9.5499,0.0449,245.5142,10,935.92,0.06,ok,high,False
Kepler-656,0.9727,0.0316,0.502,649.9365,10,902.77,0.46,lower_boundary,high,False
Kepler-402,0.9727,9.7724,0.0449,223.6773,10,631.42,-0.08,ok,high,False
Kepler-969,0.8636,5.0119,0.2735,194.8302,10,386.76,0.22,ok,high,False
Kepler-1972,1.0545,8.9125,0.2735,33.6664,10,280.19,0.23,ok,high,False
Kepler-1556,0.9455,0.0316,0.2082,648.154,10,929.8,0.08,lower_boundary,high,False
Kepler-747,1.1909,6.0256,0.1102,649.391,10,2986.33,-0.03,ok,high,False
Kepler-1367,0.6727,0.0316,-0.0857,281.5032,10,395.74,-0.06,lower_boundary,high,False
Kepler-982,1.0273,8.7096,-0.0531,221.5211,10,789.07,0.05,ok,high,False
Kepler-1511,1.3545,3.6308,0.1429,381.5965,10,1483.36,0.14,ok,high,False
Kepler-1320,0.7818,0.0316,0.2408,636.2432,10,649.52,0.1,lower_boundary,high,False
Kepler-890,1.0545,9.7724,0.2082,710.5601,10,1757.82,0.09,ok,high,False
Kepler-330,0.8636,5.0119,0.2735,491.3124,10,710.03,0.16,ok,high,False
Kepler-130,0.9455,9.5499,-0.0531,33.31,10,312.44,-0.199,ok,high,False
Kepler-1178,0.9182,0.0316,0.0776,269.6056,10,478.12,-0.05,lower_boundary,high,False
TOI-2567,1.1091,8.3176,0.3388,76.2331,10,511.52,0.241,ok,high,False
Kepler-1598,0.9182,10.0,0.1755,339.0998,10,604.44,0.04,upper_boundary,high,False
Kepler-955,0.8091,9.7724,0.1429,327.7509,10,542.45,0.02,ok,high,False
KIC 5437945,0.9455,9.1201,-0.5102,286.8983,10,1278.52,-0.38,ok,high,False
Kepler-1186,0.9727,9.5499,0.1429,632.3185,10,1332.61,0.0,ok,high,False
Kepler-155,0.7,0.0316,-0.249,121.2816,10,290.28,-0.142,lower_boundary,high,False
Kepler-698,1.0545,9.3325,0.1102,770.4955,10,1988.37,-0.03,ok,high,False
Kepler-413,0.8364,0.0316,-0.0531,493.6304,10,822.43,-0.2,lower_boundary,high,False
Kepler-1633,1.1636,6.0256,0.0449,364.4684,10,1077.63,0.02,ok,high,False
Kepler-131,0.9455,9.1201,0.1755,12.107,10,226.53,0.12,ok,high,False
Kepler-1362,0.8091,0.0316,0.1429,578.4712,10,719.35,0.06,lower_boundary,high,False
Kepler-306,0.8364,0.0316,0.0122,612.0519,10,769.82,-0.13,lower_boundary,high,False
Kepler-1507,0.8636,0.0365,0.0776,109.4238,10,316.3,-0.03,ok,high,False
Kepler-1563,1.1636,6.0256,0.0122,262.5028,10,1109.24,0.02,ok,high,False
Kepler-1774,0.9727,10.0,0.1102,324.516,10,803.87,-0.02,upper_boundary,high,False
Kepler-7,1.3273,4.0738,0.2082,209.2555,10,953.2,0.11,ok,high,False
Kepler-190,0.8091,9.7724,0.1429,246.8068,10,431.03,0.06,ok,high,False
Kepler-1231,0.9455,10.0,0.2082,532.252,10,954.56,0.06,upper_boundary,high,False
Kepler-1492,0.7273,0.0422,0.0449,323.9288,10,329.62,0.06,ok,high,False
Kepler-443,0.8091,0.0316,0.0776,565.4451,10,797.58,-0.01,lower_boundary,high,False
Kepler-375,0.9455,0.0316,0.0776,711.9173,10,1195.97,-0.04,lower_boundary,high,False
Kepler-247,0.8636,5.0119,0.2735,531.9163,10,656.44,0.3,ok,high,False
Kepler-1047,1.0818,9.3325,0.3388,244.7992,10,813.31,0.29,ok,high,False
Kepler-392,0.8909,10.0,-0.3796,411.675,10,680.39,-0.4362,upper_boundary,high,False
Kepler-885,1.0545,8.9125,0.1755,125.5309,10,650.24,0.11,ok,high,False
Kepler-1829,0.8909,0.0316,0.1429,354.3678,10,683.88,0.0,lower_boundary,high,False
Kepler-1042,1.0273,9.7724,0.0449,754.3052,10,1683.29,-0.1,ok,high,False
Kepler-587,0.9182,0.0316,0.0776,482.6227,10,780.18,-0.05,lower_boundary,high,False
HATS-48 A,0.7818,0.0316,0.1429,179.5161,10,268.63,0.186,lower_boundary,high,False
Kepler-65,1.1636,4.8978,0.1429,7.3485,10,298.75,0.17,ok,ok,True
Kepler-1470,0.8364,0.0316,0.1102,456.1229,10,586.26,-0.01,lower_boundary,high,False
Kepler-626,0.9182,9.7724,0.1429,293.3416,10,621.52,0.01,ok,high,False
Kepler-894,0.8636,10.0,-0.151,933.2951,10,1134.03,-0.25,upper_boundary,high,False
Kepler-219,1.0273,9.7724,0.502,356.5863,10,777.44,0.36,ok,high,False
Kepler-1099,0.9182,10.0,0.1102,734.6863,10,1088.62,-0.02,upper_boundary,high,False
Kepler-1885,0.9727,0.0316,0.2082,481.2172,10,814.09,0.07,lower_boundary,high,False
Kepler-664,0.9455,8.9125,0.2082,687.672,10,1230.4,0.07,ok,high,False
Kepler-578,0.8636,0.0316,0.0449,283.0296,10,534.49,-0.03,lower_boundary,high,False
Kepler-1392,1.0273,9.5499,0.0122,695.4169,10,2142.63,-0.11,ok,high,False
Kepler-903,1.0545,9.5499,0.1755,460.3835,10,1332.8,0.05,ok,high,False
Kepler-1262,0.9182,10.0,0.1102,727.5009,10,1091.27,-0.02,upper_boundary,high,False
Kepler-117,1.0818,7.9433,0.0449,504.7479,10,1430.42,-0.04,ok,high,False
Kepler-691,0.5091,0.0316,-0.0857,239.6941,10,277.97,0.04,lower_boundary,high,False
Kepler-319,0.9455,0.0316,0.2082,347.3054,10,501.69,0.06,lower_boundary,high,False
Kepler-1155,1.0545,9.5499,0.1755,730.4531,10,1353.94,0.04,ok,high,False
Kepler-904,0.9727,10.0,0.1429,495.6113,10,976.4,0.05,upper_boundary,high,False
Kepler-1371,0.9182,0.0316,0.0776,183.6629,10,483.09,-0.07,lower_boundary,high,False
Kepler-1198,0.9182,0.0316,0.1102,453.3369,10,730.89,0.03,lower_boundary,high,False
Kepler-310,0.8909,0.0316,0.0122,337.956,10,588.8,-0.12,lower_boundary,high,False
Kepler-858,0.8909,10.0,0.0776,67.2421,10,300.35,-0.04,upper_boundary,high,False
Kepler-812,1.2182,5.2481,0.1429,513.8563,10,1397.63,0.02,ok,high,False
Kepler-782,0.9455,9.3325,-0.0204,105.1387,10,447.69,-0.14,ok,high,False
Kepler-1904,0.4818,0.0422,-0.249,245.1078,10,265.76,-0.1,ok,high,False
Kepler-1500,1.0,9.7724,0.0776,583.2772,10,1181.39,-0.05,ok,high,False
Kepler-1372,0.9455,10.0,0.1755,664.2114,10,1266.73,0.05,upper_boundary,high,False
Kepler-468,0.8909,0.0365,0.1755,180.8859,10,439.1,0.1,ok,high,False
Kepler-288,0.8909,10.0,-0.1184,744.7392,10,1127.94,-0.24,upper_boundary,high,False
Kepler-594,0.9182,0.0316,0.0776,514.1274,10,766.49,-0.03,lower_boundary,high,False
Kepler-1156,0.9182,9.3325,0.1429,285.6863,10,682.19,0.02,ok,high,False
Kepler-1887,0.9182,10.0,0.0449,1226.4796,10,1400.88,-0.1,upper_boundary,high,False
Kepler-60,1.0273,9.5499,0.0449,439.8929,10,1040.16,-0.09,ok,high,False
Kepler-953,1.3273,4.5709,0.3388,17.5293,10,705.01,0.26,ok,high,False
Kepler-103,1.0545,9.3325,0.2082,97.1513,10,502.11,0.15,ok,high,False
Kepler-881,1.0,9.3325,0.1429,605.8524,10,1446.15,0.0,ok,high,False
Kepler-701,0.9182,0.0316,0.1429,492.8591,10,763.37,0.0,lower_boundary,high,False
Kepler-1023,0.9455,0.0316,0.1755,329.6442,10,676.76,0.05,lower_boundary,high,False
Kepler-1300,1.1364,6.7608,0.0776,133.6161,10,775.04,0.05,ok,high,False
Kepler-1035,0.9727,10.0,0.1102,134.9121,10,521.58,-0.03,upper_boundary,high,False
Kepler-1787,0.8636,10.0,-0.0857,422.5931,10,767.97,-0.22,upper_boundary,high,False
Kepler-1327,0.9455,9.3325,0.1102,315.0103,10,677.89,-0.03,ok,high,False
K2-139,0.9182,3.2359,0.2735,46.2612,10,152.09,0.24,ok,high,False
Kepler-994,0.5636,0.0487,-0.249,73.9848,10,186.48,-0.13,ok,high,False
Kepler-1576,0.9727,0.0316,0.1755,186.2446,10,453.96,0.05,lower_boundary,high,False
Kepler-16,0.6182,0.0487,-0.3143,0.5735,10,75.15,-0.3,ok,ok,True
Kepler-33,1.0818,8.3176,0.1102,300.8495,10,1191.22,0.025,ok,high,False
Kepler-809,0.9455,9.1201,0.1755,426.3244,10,932.92,0.04,ok,high,False
Kepler-92,1.1364,6.9183,0.1429,69.0541,10,470.75,0.1381,ok,high,False
K2-231,0.9182,10.0,0.2735,205.3038,10,311.05,0.14,upper_boundary,high,False
Kepler-750,1.0273,9.1201,0.1755,35.143,10,1233.33,0.03,ok,high,False
Kepler-1958,0.9182,9.5499,0.0449,698.7319,10,1220.36,-0.1,ok,high,False
Kepler-682,1.0,10.0,-0.0857,441.5946,10,1937.64,-0.05,upper_boundary,high,False
Kepler-1287,0.9182,9.1201,0.0776,560.8763,10,1003.97,-0.05,ok,high,False
Kepler-1175,0.8909,0.0316,0.0776,769.8873,10,1132.35,-0.04,lower_boundary,high,False
Kepler-1153,0.9182,0.0316,0.1755,779.5685,10,1047.33,0.03,lower_boundary,high,False
Kepler-1568,1.0,10.0,0.1755,423.0085,10,903.18,0.09,upper_boundary,high,False
Kepler-1217,0.9727,10.0,0.2082,672.51,10,1339.34,0.07,upper_boundary,high,False
Kepler-1010,0.8636,0.0316,0.0776,536.8199,10,577.21,-0.01,lower_boundary,high,False
Kepler-1377,0.9727,0.0316,0.1755,1269.5589,10,1186.44,0.05,lower_boundary,high,False
Kepler-347,1.0545,9.7724,0.3061,407.2233,10,1284.86,0.16,ok,high,False
HATS-12,0.9455,10.0,0.0449,218.4621,10,444.29,-0.1,upper_boundary,high,False
Kepler-22,0.8364,10.0,-0.1184,24.9645,10,195.86,-0.255,upper_boundary,high,False
Kepler-1059,0.8091,0.0316,-0.0204,521.1652,10,704.03,-0.15,lower_boundary,high,False
Kepler-63,0.9455,4.7863,0.1755,11.6118,10,193.99,0.05,ok,high,False
Kepler-997,1.1091,6.9183,0.1102,23.4666,10,462.67,0.05,ok,high,False
Kepler-981,0.9727,0.0316,0.1429,523.3037,10,845.93,0.01,lower_boundary,high,False
Kepler-46,0.9182,0.0316,0.3388,586.327,10,759.44,0.41,lower_boundary,high,False
Kepler-1512,0.9455,0.0316,0.3388,186.0323,10,278.48,0.2,lower_boundary,high,False
Kepler-1438,1.0,10.0,0.3388,733.372,10,1025.9,0.2,upper_boundary,high,False
Kepler-895,0.7,0.0316,-0.1184,425.5062,10,547.98,-0.16,lower_boundary,high,False
Kepler-1012,0.9455,0.0316,0.1755,155.961,10,409.36,0.05,lower_boundary,high,False
HATS-69,0.9455,0.0316,0.4367,258.9253,10,417.38,0.377,lower_boundary,high,False
Kepler-1334,0.9455,10.0,0.1102,638.9141,10,1195.64,-0.03,upper_boundary,high,False
CoRoT-35,0.8909,8.7096,-0.4449,1047.7014,10,1154.16,-0.5,ok,high,False
Kepler-687,0.8091,0.0316,0.0449,570.4391,10,636.48,-0.04,lower_boundary,high,False
KOI-1783,1.0,10.0,0.2408,337.0749,10,851.79,0.11,upper_boundary,high,False
Kepler-126,1.0818,4.8978,-0.1837,0.3885,10,230.41,-0.16,ok,ok,True
Kepler-1022,0.7,0.0365,-0.0531,319.6097,10,421.17,0.06,ok,high,False
Kepler-1082,1.0,9.7724,0.0776,183.7629,10,720.61,-0.06,ok,high,False
Kepler-1879,1.0273,9.7724,0.1429,154.8508,10,616.54,0.0,ok,high,False
Kepler-1582,0.2364,6.7608,0.3388,223.0088,10,77.91,0.48,ok,high,False
Kepler-1291,0.8636,0.0316,0.0776,888.9205,10,905.79,-0.04,lower_boundary,high,False
Kepler-927,0.9727,0.0316,0.1755,425.5737,10,810.25,0.03,lower_boundary,high,False
Kepler-373,1.0273,9.5499,0.2735,562.3704,10,1066.3,0.14,ok,high,False
Kepler-1888,1.0273,10.0,0.1429,95.8849,10,397.57,0.0,upper_boundary,high,False
Kepler-681,0.8364,0.0316,0.0449,519.7168,10,674.36,-0.04,lower_boundary,high,False
HATS-11,1.0273,9.7724,0.1755,379.7867,10,871.29,0.03,ok,high,False
Kepler-1113,1.0,9.5499,0.3061,581.9067,10,1058.1,0.18,ok,high,False
Kepler-987,0.9727,0.0316,0.1429,553.6316,10,934.43,0.01,lower_boundary,high,False
Kepler-629,0.8909,0.0365,0.1429,146.1804,10,368.9,0.01,ok,high,False
Kepler-1446,0.7545,9.5499,0.2408,21.3086,10,151.37,0.11,ok,high,False
Kepler-869,0.9182,10.0,0.1429,597.1126,10,967.69,0.02,upper_boundary,high,False
Kepler-741,1.0273,10.0,0.1429,593.5458,10,1677.29,0.07,upper_boundary,high,False
Kepler-426,0.8636,10.0,-0.0857,519.1937,10,855.32,-0.21,upper_boundary,high,False
Kepler-1772,1.1091,8.1283,0.2082,227.6067,10,877.67,0.12,ok,high,False
Kepler-1481,0.8091,0.0316,0.1102,287.572,10,462.14,0.04,lower_boundary,high,False
Kepler-1204,0.9455,10.0,0.2082,739.534,10,1206.12,0.06,upper_boundary,high,False
Kepler-1081,0.8909,0.0316,0.0776,188.1388,10,416.98,0.01,lower_boundary,high,False
WASP-123,1.0,9.7724,0.3061,53.9128,10,198.42,0.18,ok,high,False
Kepler-1213,1.0545,9.3325,0.2735,171.8697,10,780.86,0.13,ok,high,False
Kepler-596,1.0273,9.5499,0.1755,424.3918,10,999.69,0.03,ok,high,False
Kepler-909,0.9727,9.1201,-0.0531,35.1119,10,306.02,0.08,ok,high,False
Kepler-705,0.5091,0.0365,-0.0531,223.4008,10,273.98,0.07,ok,high,False
Kepler-573,0.9455,9.5499,0.1429,307.1889,10,758.28,0.02,ok,high,False
Kepler-1359,0.7818,0.0316,0.1755,519.7962,10,631.93,0.11,lower_boundary,high,False
Kepler-1962,0.9727,0.0316,0.3061,665.6195,10,866.7,0.16,lower_boundary,high,False
Kepler-1688,0.9182,10.0,0.0776,384.2337,10,548.22,-0.046,upper_boundary,high,False
Kepler-175,1.0,9.3325,0.1755,658.3876,10,1250.32,0.04,ok,high,False
Kepler-933,0.9182,0.0316,0.1102,700.3445,10,987.44,-0.02,lower_boundary,high,False
Kepler-1028,0.8909,0.0316,-0.0204,281.3895,10,608.67,-0.09,lower_boundary,high,False
Kepler-250,0.7818,9.5499,0.0449,0.267,6,766.69,0.01,ok,ok,True
Kepler-856,0.9727,10.0,0.2408,871.1709,10,1335.42,0.12,upper_boundary,high,False
Kepler-77,0.9455,10.0,0.3388,266.0437,10,629.08,0.2,upper_boundary,high,False
Kepler-970,0.7,0.0316,-0.0857,252.8529,10,328.58,0.04,lower_boundary,high,False
Kepler-1447,0.9182,9.5499,0.1102,415.3409,10,866.27,-0.03,ok,high,False
Kepler-1311,1.0545,9.3325,0.1429,190.587,10,843.46,0.09,ok,high,False
Kepler-509,0.9727,9.5499,0.0122,28.9297,10,334.28,0.01,ok,high,False
Kepler-1471,0.9727,0.0316,0.2735,658.9589,10,984.29,0.16,lower_boundary,high,False
Kepler-1896,0.9455,10.0,0.0449,891.1056,10,1643.01,-0.1,upper_boundary,high,False
Kepler-926,1.0273,9.7724,0.1755,512.6834,10,1035.23,0.03,ok,high,False
Kepler-1864,0.9455,10.0,0.1755,102.4117,10,302.83,0.06,upper_boundary,high,False
Kepler-1430,0.8636,0.0316,0.1102,457.5349,10,634.05,-0.03,lower_boundary,high,False
Kepler-1504,1.0273,9.5499,-0.0201,814.974,10,2331.87,-0.17,ok,high,False
Kepler-902,1.0273,9.5499,0.1429,578.223,10,1321.66,0.0,ok,high,False
Kepler-1687,0.6727,0.0316,-0.1837,304.4749,10,411.61,-0.14,lower_boundary,high,False
Kepler-1181,1.0545,8.9125,0.1429,271.6412,10,917.26,0.03,ok,high,False
Kepler-444,0.7545,0.0316,-0.4122,5.9417,6,36.52,-0.55,lower_boundary,ok,False
PH2,0.9182,9.5499,0.1429,111.3449,10,341.3,0.017,ok,high,False
Kepler-635,1.3,4.5709,0.3061,306.04,10,1083.84,0.41,ok,high,False
Kepler-1736,0.9727,10.0,-0.1837,666.4985,10,1314.49,-0.28,upper_boundary,high,False
Kepler-154,0.9455,10.0,0.1429,411.4964,10,916.07,0.02,upper_boundary,high,False
Kepler-148,0.8909,0.0316,0.1755,551.7078,10,791.58,0.07,lower_boundary,high,False
Kepler-1513,0.9727,0.0316,0.3061,97.4084,10,349.08,0.17,lower_boundary,high,False
Kepler-1465,0.7818,0.0316,0.0449,183.791,10,365.34,-0.06,lower_boundary,high,False
Kepler-1925,1.0545,10.0,0.2408,659.7365,10,1816.64,0.16,upper_boundary,high,False
Kepler-182,1.0545,9.7724,0.2082,536.3086,10,1575.06,0.072,ok,high,False
Kepler-1466,0.9182,9.1201,0.0776,286.0165,10,626.14,-0.07,ok,high,False
Kepler-325,0.9182,0.0316,0.1429,496.3477,10,809.82,0.02,lower_boundary,high,False
Kepler-1979,0.9182,10.0,0.0776,788.6815,10,1068.21,-0.06,upper_boundary,high,False
Kepler-1522,0.9455,9.7724,0.0776,272.0451,10,802.79,-0.07,ok,high,False
Kepler-386,0.8909,0.0316,0.2082,737.3644,10,841.38,0.07,lower_boundary,high,False
Kepler-877,0.9182,0.0316,0.0776,444.1811,10,632.33,-0.06,lower_boundary,high,False
Kepler-341,1.0,9.3325,0.2082,562.0292,10,1020.06,0.07,ok,high,False
Kepler-976,0.9182,0.0316,0.2082,649.3878,10,984.26,0.07,lower_boundary,high,False
Kepler-1529,0.8364,0.0316,0.0776,538.0105,10,671.01,-0.03,lower_boundary,high,False
Kepler-1613,1.1091,7.7625,0.1429,331.0557,10,1276.39,0.01,ok,high,False
Kepler-537,0.9727,8.1283,0.3714,180.8355,10,441.0,0.23,ok,high,False
Kepler-1264,0.9727,0.0316,0.1102,410.1614,10,758.77,-0.02,lower_boundary,high,False
Kepler-1501,1.0,9.3325,0.1755,385.6883,10,744.61,0.04,ok,high,False
Kepler-928,0.7273,0.0316,-0.1837,401.1221,10,519.79,-0.11,lower_boundary,high,False
Kepler-403,1.2455,4.8978,0.1755,169.8267,10,860.16,0.079,ok,high,False
Kepler-1032,0.8091,0.0316,0.2735,86.9054,10,650.16,0.16,lower_boundary,high,False
Kepler-1297,1.0273,9.7724,0.0776,511.6436,10,1480.81,-0.04,ok,high,False
Kepler-1811,1.0,10.0,0.2735,690.8946,10,1356.91,0.16,upper_boundary,high,False
Kepler-788,1.0273,10.0,0.0776,869.064,10,1786.41,0.05,upper_boundary,high,False
Kepler-707,0.8091,0.0316,-0.0531,414.697,10,596.79,-0.12,lower_boundary,high,False
Kepler-1293,1.1636,6.3096,0.1429,188.4913,10,1021.84,0.0,ok,high,False
Kepler-207,1.1636,6.9183,0.3714,219.3813,10,865.61,0.29,ok,high,False
Kepler-1144,0.9727,9.7724,0.1102,802.608,10,1165.75,-0.03,ok,high,False
Kepler-1891,0.8909,0.0316,-0.0204,423.8213,10,596.01,-0.14,lower_boundary,high,False
Kepler-905,0.9455,0.0316,0.2082,284.3821,10,521.5,0.09,lower_boundary,high,False
Kepler-337,1.1364,7.2444,0.1755,177.3517,10,698.84,0.07,ok,high,False
Kepler-739,0.9455,10.0,0.0449,800.7886,10,1405.74,-0.08,upper_boundary,high,False
Kepler-401,1.1091,7.0795,0.0122,172.8432,10,974.5,0.02,ok,high,False
Kepler-1409,0.8636,0.0316,0.1102,496.021,10,690.67,-0.03,lower_boundary,high,False
Kepler-887,1.0273,10.0,0.1429,247.549,10,862.72,0.08,upper_boundary,high,False
Kepler-677,1.0545,9.7724,0.2082,522.3962,10,1866.92,0.06,ok,high,False
Kepler-1084,0.9727,10.0,0.0449,32.0419,10,398.85,-0.02,upper_boundary,high,False
Kepler-925,0.7818,0.0316,0.2408,545.0589,10,611.08,0.12,lower_boundary,high,False
Kepler-278,1.1637,7.2444,0.308,2.5751,10,442.02,0.22,ok,ok,True
Kepler-562,0.9182,10.0,0.0449,545.8131,10,943.15,-0.04,upper_boundary,high,False
Kepler-866,0.7273,0.0316,-0.1837,515.8276,10,667.55,-0.07,lower_boundary,high,False
Kepler-759,1.0476,9.7724,0.2082,477.1873,10,1290.58,0.06,ok,high,False
Kepler-985,0.9182,0.0316,0.1429,439.7898,10,678.71,0.0,lower_boundary,high,False
Kepler-1609,1.0545,9.7724,0.2082,572.5087,10,1699.78,0.1,ok,high,False
Kepler-1506,1.0273,10.0,0.0449,1028.8908,10,2412.08,-0.05,upper_boundary,high,False
Kepler-957,0.8909,0.0316,0.1102,688.822,10,805.81,-0.01,lower_boundary,high,False
Kepler-973,0.8909,0.0316,0.0776,85.9611,10,329.5,-0.06,lower_boundary,high,False
TOI-1452,0.1818,0.0487,-0.1184,24.4439,10,30.46,-0.07,ok,high,False
Kepler-1282,0.9455,0.0316,0.1102,1132.9109,10,1098.6,0.01,lower_boundary,high,False
Kepler-1693,0.9727,0.0316,0.3061,518.7125,10,782.21,0.16,lower_boundary,high,False
Kepler-269,1.0818,9.3325,0.5347,831.1439,10,2089.67,0.4,ok,high,False
Kepler-1913,0.9455,8.7096,0.2082,469.4559,10,891.84,0.07,ok,high,False
Kepler-1163,1.0273,7.9433,-0.0531,54.522,10,476.05,0.02,ok,high,False
Kepler-336,1.0273,9.3325,0.4694,235.1559,10,696.71,0.337,ok,high,False
Kepler-574,0.9182,0.0316,0.1102,314.3497,10,682.05,-0.01,lower_boundary,high,False
Kepler-1013,0.8364,0.0316,0.1755,276.808,10,421.94,0.04,lower_boundary,high,False
Kepler-722,0.9182,10.0,0.1102,783.1593,10,1212.26,0.02,upper_boundary,high,False
Kepler-1809,0.8364,0.0316,0.0776,212.4502,10,404.11,0.04,lower_boundary,high,False
K2-130,0.6455,0.0562,-0.249,1.1136,10,118.27,-0.24,ok,ok,True
Kepler-1205,0.8636,0.0316,0.0776,506.8751,10,694.92,-0.04,lower_boundary,high,False
Kepler-934,0.8364,0.0316,0.1102,397.8748,10,586.39,0.01,lower_boundary,high,False
Kepler-1749,0.6455,0.0316,-0.249,119.5287,10,266.36,-0.16,lower_boundary,high,False
Kepler-156,0.8636,5.0119,0.2735,292.186,10,437.69,0.2535,ok,high,False
Kepler-645,1.0273,10.0,0.0776,368.7993,10,1123.17,-0.01,upper_boundary,high,False
Kepler-1670,1.0273,9.7724,0.0449,798.9835,10,1974.79,-0.08,ok,high,False
Kepler-643,1.1364,7.7625,0.2735,207.036,10,1059.24,0.13,ok,high,False
Kepler-1777,0.9182,10.0,0.2082,327.5868,10,619.25,0.06,upper_boundary,high,False
Kepler-1727,0.8909,0.0316,0.0122,792.9069,10,874.06,-0.12,lower_boundary,high,False
Kepler-1166,0.9182,0.0316,0.1102,322.2537,10,637.79,-0.02,lower_boundary,high,False
Kepler-425,0.9182,0.0316,0.2735,391.5116,10,637.95,0.24,lower_boundary,high,False
Kepler-498,0.9727,9.5499,0.0776,435.8781,10,913.41,-0.04,ok,high,False
Kepler-1318,0.7,5.2481,0.0122,0.0869,6,459.34,-0.01,ok,ok,True
Kepler-138,0.5364,0.154,-0.1837,7.6209,10,67.08,-0.18,ok,ok,True
Kepler-109,1.0,9.7724,0.0449,178.9462,10,474.34,-0.02,ok,high,False
Kepler-716,0.8364,0.0316,0.0776,509.4216,10,630.65,-0.06,lower_boundary,high,False
Kepler-1665,0.8636,0.0316,0.1102,258.4493,10,332.73,-0.013,lower_boundary,high,False
Kepler-1663,0.6182,0.0316,-0.0857,346.165,10,335.72,0.06,lower_boundary,high,False
Kepler-914,1.0273,10.0,0.3388,233.1976,10,757.27,0.22,upper_boundary,high,False
Kepler-24,0.9727,9.3325,0.0776,804.6746,10,1169.8,-0.0708,ok,high,False
Kepler-19,0.8636,9.7724,0.0122,22.34,10,218.93,-0.13,ok,high,False
Kepler-1152,0.5636,0.0316,-0.3796,161.9534,10,212.91,-0.25,lower_boundary,high,False
Kepler-570,0.9182,0.487,0.1429,6.1188,10,570.7,0.06,ok,ok,True
Kepler-1928,0.9727,0.0316,0.2082,136.841,10,325.44,0.12,lower_boundary,high,False
Kepler-53,0.9727,10.0,0.1429,921.6653,10,1386.42,0.0,upper_boundary,high,False
Kepler-662,0.8909,0.0316,0.1102,504.1918,10,788.88,-0.03,lower_boundary,high,False
Kepler-646,0.8909,0.0316,0.0122,311.7409,10,456.19,-0.07,lower_boundary,high,False
Kepler-1172,0.9182,9.7724,0.0776,1057.8256,10,1331.56,-0.04,ok,high,False
Kepler-824,1.0,10.0,0.2735,631.003,10,1234.2,0.14,upper_boundary,high,False
Kepler-833,0.6455,0.0649,-0.1184,4.3711,10,464.4,-0.18,ok,ok,True
Kepler-1055,0.9455,0.0316,0.1102,145.2362,10,387.73,-0.02,lower_boundary,high,False
Kepler-1762,1.0273,10.0,0.2082,937.0581,10,1549.3,0.07,upper_boundary,high,False
Kepler-135,1.0,10.0,0.0122,146.0844,10,607.58,-0.105,upper_boundary,high,False
Kepler-1951,1.0818,8.8978,0.1756,310.1263,10,1279.77,0.14,ok,high,False
Kepler-761,0.9455,0.0316,0.0449,527.4757,10,820.39,-0.09,lower_boundary,high,False
Kepler-265,0.9455,10.0,0.0122,1183.3723,10,1345.48,-0.11,upper_boundary,high,False
Kepler-161,0.8636,5.0119,0.2735,283.4222,10,437.71,0.24,ok,high,False
Kepler-556,0.9727,0.0316,0.1755,372.9797,10,653.3,0.03,lower_boundary,high,False
Kepler-1141,0.9727,9.7724,0.1102,75.0142,10,399.37,0.04,ok,high,False
Kepler-975,0.8636,0.0316,0.4367,389.6312,10,420.37,0.56,lower_boundary,high,False
Kepler-1743,1.2455,5.2481,0.5347,53.0436,10,534.03,0.4,ok,high,False
Kepler-1525,0.9727,9.3325,0.4041,92.5662,10,387.11,0.27,ok,high,False
Kepler-545,0.9727,9.5499,0.1755,358.3025,10,823.67,0.03,ok,high,False
Kepler-1330,1.0545,9.7724,0.1755,580.8922,10,1743.43,0.08,ok,high,False
Kepler-428,0.8636,0.0316,0.1429,466.6119,10,695.16,0.09,lower_boundary,high,False
Kepler-1564,0.9727,0.0316,0.1755,632.2049,10,887.18,0.03,lower_boundary,high,False
Kepler-897,1.0,10.0,0.1429,500.1886,10,1458.3,0.04,upper_boundary,high,False
Kepler-1486,1.0545,9.7724,0.2082,639.885,10,1758.98,0.06,ok,high,False
Kepler-915,1.0818,8.3176,0.2082,208.8595,10,827.35,0.08,ok,high,False
Kepler-1054,1.0273,10.0,0.2082,339.3199,10,1038.05,0.09,upper_boundary,high,False
Kepler-756,0.9727,10.0,-0.0531,815.696,10,1465.97,-0.19,upper_boundary,high,False
Kepler-1977,0.7273,0.0316,-0.151,808.8357,10,583.54,-0.06,lower_boundary,high,False
TOI-2337,1.1638,7.4143,0.4756,0.7654,10,532.21,0.39,ok,ok,True
Kepler-391,1.0545,9.7724,0.1429,88.0886,10,858.28,0.04,ok,high,False
Kepler-540,0.9727,9.5499,0.0449,124.956,10,382.98,-0.1,ok,high,False
Kepler-1225,1.0,10.0,0.1102,530.9239,10,1274.88,0.01,upper_boundary,high,False
Kepler-1473,0.9727,10.0,0.0776,318.5261,10,653.82,-0.01,upper_boundary,high,False
Kepler-1937,0.9727,9.7724,0.0776,395.3346,10,895.5,-0.06,ok,high,False
Kepler-1882,1.0545,9.1201,0.4041,109.9701,10,444.05,0.26,ok,high,False
Kepler-924,1.0273,9.5499,0.1429,408.7378,10,1080.1,0.01,ok,high,False
Kepler-198,0.9455,0.0316,0.0776,236.7723,10,492.49,0.04,lower_boundary,high,False
Kepler-286,0.8909,10.0,-0.1184,861.8686,10,1233.9,-0.25,upper_boundary,high,False
Kepler-746,1.6,2.1878,-0.0531,176.8829,10,2752.45,0.09,ok,high,False
Kepler-1290,0.9727,10.0,0.0776,1192.3017,10,1564.83,-0.02,upper_boundary,high,False
Kepler-1352,1.0,10.0,0.1429,196.0274,10,666.11,0.0,upper_boundary,high,False
Kepler-988,0.6182,0.0316,-0.249,214.7765,10,306.4,-0.32,lower_boundary,high,False
Kepler-262,0.8636,0.0316,-0.2163,516.2059,10,616.69,-0.3382,lower_boundary,high,False
Kepler-1936,1.0545,8.7096,0.1102,246.6043,10,869.15,0.1,ok,high,False
Kepler-1989,0.9727,9.3325,-0.0204,24.6513,6,1206.3,-0.14,ok,high,False
Kepler-1245,0.8636,0.0316,0.0449,624.5636,10,801.75,-0.01,lower_boundary,high,False
Kepler-552,0.9455,10.0,0.1102,398.3695,10,853.42,0.01,upper_boundary,high,False
Kepler-497,1.0545,10.0,0.2408,616.7414,10,1436.7,0.24,upper_boundary,high,False
Kepler-673,0.9182,0.0316,0.1429,796.3573,10,927.82,0.0,lower_boundary,high,False
HATS-9,1.0545,9.5499,0.502,3.9835,10,653.94,0.38,ok,ok,True
Kepler-213,0.9727,9.5499,0.2735,266.0821,10,616.46,0.15,ok,high,False
Kepler-316,0.6727,0.0316,-0.249,270.086,10,387.23,-0.23,lower_boundary,high,False
Kepler-489,0.8091,0.0365,0.0776,208.2546,10,366.99,0.0,ok,high,False
Kepler-619,0.9455,9.1201,0.1755,603.8496,10,904.74,0.05,ok,high,False
Kepler-849,1.1636,6.4565,0.1755,109.7537,10,803.3,0.145,ok,high,False
Kepler-1752,0.8364,0.0316,-0.0531,548.5121,10,983.32,-0.2,lower_boundary,high,False
Kepler-1403,1.0545,9.5499,0.1429,857.267,10,2189.57,0.03,ok,high,False
Kepler-684,0.9727,10.0,0.0122,1044.6243,10,1599.06,-0.11,upper_boundary,high,False
Kepler-1833,1.1091,7.7625,0.3388,113.7096,10,590.23,0.38,ok,high,False
Kepler-1931,1.0818,8.3176,0.2082,143.0702,10,609.79,0.12,ok,high,False
Kepler-773,0.9455,10.0,0.1102,253.5012,10,546.73,0.05,upper_boundary,high,False
Kepler-1903,0.9455,9.5499,-0.2163,606.7357,10,1732.83,-0.34,ok,high,False
Kepler-1909,0.7273,0.0316,-0.2816,622.0323,10,722.86,-0.42,lower_boundary,high,False
Kepler-1120,0.8091,0.0316,0.0449,454.7491,10,619.75,-0.04,lower_boundary,high,False
Kepler-1934,0.9182,10.0,-0.0204,224.1465,10,431.88,-0.14,upper_boundary,high,False
Kepler-621,0.9455,10.0,0.1102,553.8833,10,795.67,-0.02,upper_boundary,high,False
Kepler-287,0.9727,0.0316,0.2408,518.8525,10,801.18,0.117,lower_boundary,high,False
Kepler-224,0.8364,0.0316,0.0776,596.8125,10,776.48,-0.06,lower_boundary,high,False
Kepler-1417,1.0273,10.0,0.1102,293.1203,10,990.23,0.02,upper_boundary,high,False
Kepler-1148,0.8091,0.0316,0.0449,566.5391,10,622.21,-0.02,lower_boundary,high,False
Kepler-1319,0.5364,7.9433,0.3061,28.0075,10,103.78,0.44,ok,high,False
Kepler-845,0.7818,0.0365,0.0776,272.5351,10,430.12,0.01,ok,high,False
Kepler-527,1.0,10.0,0.1102,225.766,10,745.12,0.03,upper_boundary,high,False
Kepler-1520,0.7273,0.0316,-0.0857,383.9371,10,579.31,0.04,lower_boundary,high,False
Kepler-85,0.9455,0.0316,0.1755,538.1741,10,777.87,0.12,lower_boundary,high,False
Kepler-1515,1.1364,6.3096,0.0776,90.7645,10,543.9,0.07,ok,high,False
Kepler-1069,1.0273,9.7724,0.1755,3.7075,10,680.83,0.04,ok,ok,True
Kepler-916,0.8909,0.0316,0.0776,530.8102,10,814.16,-0.05,lower_boundary,high,False
Kepler-1302,0.8364,0.0316,0.0449,392.0682,10,629.69,0.04,lower_boundary,high,False
Kepler-1424,0.9727,10.0,0.1429,394.0641,10,662.62,0.01,upper_boundary,high,False
Kepler-393,1.1091,7.5858,0.1429,238.9123,10,899.69,0.0322,ok,high,False
Kepler-1356,0.8364,0.0316,0.0776,805.4333,10,811.43,-0.02,lower_boundary,high,False
Kepler-795,0.9182,10.0,0.1102,281.0564,10,487.61,-0.02,upper_boundary,high,False
Kepler-820,1.2455,5.1286,0.1755,312.6687,10,1350.17,0.09,ok,high,False
Kepler-1744,0.8364,10.0,-0.3796,752.4968,10,1089.43,-0.5,upper_boundary,high,False
Kepler-479,0.8091,0.0365,-0.0531,170.8721,10,344.37,-0.02,ok,high,False
Kepler-1332,0.9455,0.0316,0.1102,393.0935,10,522.3,0.0,lower_boundary,high,False
Kepler-774,1.3545,3.6308,0.1429,260.7078,10,1023.84,0.04,ok,high,False
Kepler-68,1.0273,7.5858,0.1102,0.8612,10,143.98,0.11,ok,ok,True
Kepler-1077,0.9455,10.0,0.1755,676.7824,10,1112.25,0.03,upper_boundary,high,False
Kepler-1107,0.8091,9.7724,0.1429,226.2651,10,427.12,0.01,ok,high,False
Kepler-607,0.8636,0.0316,0.0776,277.253,10,506.01,0.02,lower_boundary,high,False
Kepler-1920,0.9727,10.0,0.3061,635.7076,10,871.59,0.21,upper_boundary,high,False
Kepler-783,0.9182,0.0316,0.1102,388.488,10,506.49,0.01,lower_boundary,high,False
CoRoT-10,0.7818,0.0316,0.3714,278.8875,10,337.55,0.26,lower_boundary,high,False
Kepler-839,1.0545,9.5499,0.2408,278.2792,10,913.31,0.29,ok,high,False
Kepler-502,1.0273,10.0,0.1102,612.1438,10,1638.16,0.05,upper_boundary,high,False
Kepler-891,1.0545,8.5114,0.0122,22.9642,10,2205.16,0.09,ok,high,False
Kepler-728,1.0,10.0,0.1102,881.4942,10,1662.63,-0.03,upper_boundary,high,False
Kepler-1089,0.5091,0.0316,-0.1837,215.4138,10,261.75,-0.09,lower_boundary,high,False
Kepler-157,0.9455,10.0,0.1102,453.6874,10,753.21,-0.01,upper_boundary,high,False
Kepler-122,0.9727,10.0,-0.0204,595.8721,10,1030.6,-0.08,upper_boundary,high,False
Kepler-75,0.9455,0.0316,0.3388,559.3646,10,793.85,0.3,lower_boundary,high,False
Kepler-1733,1.0807,9.5499,0.3743,780.7636,10,2010.99,0.24,ok,high,False
Kepler-1106,0.9727,10.0,0.1429,558.5454,10,1093.75,0.0,upper_boundary,high,False
KOI-142,0.9727,0.0316,0.3061,132.5169,10,373.71,0.27,lower_boundary,high,False
Kepler-694,0.9727,0.0316,0.1429,703.9532,10,969.63,0.0,lower_boundary,high,False
Kepler-901,0.5909,0.0316,-0.4449,168.7922,10,254.54,-0.3,lower_boundary,high,False
Kepler-240,0.8909,0.0316,0.4367,641.0692,10,771.02,0.41,lower_boundary,high,False
Kepler-620,1.0273,9.7724,0.1755,527.7791,10,1300.94,0.03,ok,high,False
WASP-48,1.0545,6.7608,-0.249,33.2841,10,452.39,-0.12,ok,high,False
Kepler-1901,0.9455,10.0,0.2735,606.3162,10,997.35,0.14,upper_boundary,high,False
Kepler-209,0.9727,0.0316,0.2408,292.1982,10,575.96,0.11,lower_boundary,high,False
Kepler-1435,0.9727,9.7724,-0.151,154.734,10,686.96,-0.03,ok,high,False
Kepler-191,0.8636,5.0119,0.2735,635.6859,10,590.64,0.13,ok,high,False
Kepler-1324,0.7818,0.0365,0.1429,489.178,10,478.56,0.05,ok,high,False
Kepler-634,1.0,9.7724,-0.0531,275.1602,10,898.43,-0.18,ok,high,False
Kepler-657,1.0,10.0,0.1102,747.5384,10,1604.93,0.03,upper_boundary,high,False
Kepler-1926,0.8364,0.0316,-0.0204,783.0801,10,789.56,-0.16,lower_boundary,high,False
Kepler-1704,1.1091,7.9433,0.3061,2.9378,10,826.03,0.196,ok,ok,True
Kepler-1940,0.7818,0.0316,-0.3469,708.9068,10,803.92,-0.44,lower_boundary,high,False
Kepler-572,0.8364,0.0316,0.0122,239.8957,10,503.95,-0.1,lower_boundary,high,False
Kepler-1788,0.7273,0.0316,-0.249,527.3988,10,550.52,-0.2,lower_boundary,high,False
KOI-1257,1.0818,9.7718,0.3074,435.5281,10,2579.25,0.27,ok,high,False
Kepler-357,0.8364,0.0316,0.1755,525.5656,10,696.39,0.06,lower_boundary,high,False
Kepler-1354,1.0273,9.7724,0.1755,523.058,10,1101.01,0.03,ok,high,False
Kepler-36,1.0545,7.9433,-0.0531,45.9083,10,532.0,-0.18,ok,high,False
Kepler-1612,0.9455,0.0316,0.1429,529.206,10,772.61,0.03,lower_boundary,high,False
Kepler-1731,0.7818,0.0422,0.1102,61.547,10,170.03,0.0,ok,high,False
Kepler-1442,1.2455,4.5709,0.2082,118.6896,10,605.17,0.26,ok,high,False
Kepler-372,1.0,9.7724,0.0122,679.5856,10,1445.99,-0.13,ok,high,False
Kepler-1294,1.0273,10.0,0.0776,615.2849,10,1703.99,-0.03,upper_boundary,high,False
Kepler-945,0.9182,9.5499,0.1102,17.8731,10,1575.23,-0.01,ok,high,False
Kepler-762,1.0273,10.0,0.1429,844.2014,10,1820.69,0.02,upper_boundary,high,False
Kepler-1284,0.8636,0.0316,0.1102,639.11,10,861.04,0.03,lower_boundary,high,False
Kepler-1184,0.9727,9.3325,0.0776,626.5997,10,1173.38,-0.04,ok,high,False
Kepler-273,0.8091,0.0316,-0.1837,537.9026,10,702.24,-0.28,lower_boundary,high,False
Kepler-1374,0.8909,0.0316,0.0122,1087.6533,10,1097.2,-0.13,lower_boundary,high,False
Kepler-612,1.0273,10.0,0.1755,699.3959,10,1390.35,0.04,upper_boundary,high,False
Kepler-261,0.8364,0.0316,0.0449,247.6696,10,315.02,0.1621,lower_boundary,high,False
Kepler-323,0.9455,10.0,-0.0204,147.482,10,460.78,-0.14,upper_boundary,high,False
Kepler-100,1.0273,9.1201,0.0449,13.796,10,303.61,0.02,ok,high,False
Kepler-145,1.1364,6.166,-0.0204,48.4777,10,544.94,-0.0014,ok,high,False
Kepler-280,0.9182,10.0,0.2082,427.2848,10,773.66,0.1213,upper_boundary,high,False
Kepler-285,0.9182,3.2359,0.2735,451.1561,10,816.47,0.17,ok,high,False
Kepler-1295,0.9455,0.0316,0.1755,833.3372,10,1118.26,0.04,lower_boundary,high,False
Kepler-1600,0.9182,0.0316,0.2408,784.2864,10,995.53,0.1,lower_boundary,high,False
Kepler-906,0.9455,6.0256,-0.1837,0.0823,6,755.94,-0.09,ok,ok,True
Kepler-1590,0.9727,8.9125,0.1755,385.3453,10,775.79,0.03,ok,high,False
Kepler-405,0.9182,0.0316,0.0776,1081.133,10,1162.44,-0.06,lower_boundary,high,False
Kepler-93,0.8909,8.1283,-0.0531,0.6499,10,95.84,-0.18,ok,ok,True
Kepler-1053,0.6727,1.0471,0.0122,26.4939,10,150.37,0.1,ok,high,False
Kepler-772,1.0544,9.5499,0.1516,265.2855,10,1078.21,0.03,ok,high,False
Kepler-1914,0.9727,10.0,0.0776,983.7816,10,1545.23,-0.04,upper_boundary,high,False
Kepler-775,0.8909,0.0316,0.0449,228.2458,10,394.23,-0.04,lower_boundary,high,False
Kepler-683,0.9182,10.0,0.1102,658.7526,10,981.56,-0.03,upper_boundary,high,False
Kepler-889,1.0545,9.7724,0.3061,60.056,10,585.93,0.19,ok,high,False
Kepler-398,0.6727,0.0562,-0.0857,105.8732,10,176.67,-0.06,ok,high,False
Kepler-1256,1.0273,10.0,0.1429,326.0095,10,875.93,0.05,upper_boundary,high,False
HATS-36,0.9727,10.0,0.2735,586.6293,10,839.04,0.15,upper_boundary,high,False
Kepler-1516,1.0545,9.5326,0.1429,497.3287,10,1368.51,0.03,ok,high,False
Kepler-745,1.0545,9.7724,0.2082,657.273,10,1690.81,0.06,ok,high,False
Kepler-220,0.6727,0.0487,-0.2816,22.4208,10,170.7,-0.1738,ok,high,False
Kepler-1968,0.8364,0.0316,0.3061,952.3536,10,769.05,0.18,lower_boundary,high,False
Kepler-977,0.8364,0.0316,0.0449,452.7162,10,566.55,-0.01,lower_boundary,high,False
Kepler-1776,1.0,9.5499,0.2408,303.7087,10,696.61,0.1,ok,high,False
Kepler-1357,0.9455,0.0316,0.0776,625.4536,10,1040.57,-0.06,lower_boundary,high,False
Kepler-1807,1.0,8.5114,-0.2816,278.8425,10,1274.18,-0.36,ok,high,False
Kepler-566,0.8091,0.0316,0.0122,336.9225,10,563.26,-0.01,lower_boundary,high,False
Kepler-416,1.0,3.4674,0.2082,0.1961,6,669.93,0.06,ok,ok,True
Kepler-1689,0.9182,8.5114,-0.0204,75.0624,10,294.16,-0.1455,ok,high,False
Kepler-1218,1.0,10.0,0.0449,284.0833,10,832.94,-0.02,upper_boundary,high,False
Kepler-767,1.0818,8.3176,0.0776,857.8495,10,2128.64,-0.05,ok,high,False
Kepler-1536,0.7,0.0365,-0.0857,237.9474,10,386.62,0.05,ok,high,False
CoRoT-8,0.8364,0.0316,0.4367,377.9777,10,319.76,0.3,lower_boundary,high,False
Kepler-808,0.8091,0.0316,0.1755,252.1798,10,345.34,0.05,lower_boundary,high,False
K2-280,1.0,10.0,0.4367,148.8218,10,376.36,0.33,upper_boundary,high,False
Kepler-1129,0.9455,9.3325,0.0776,815.2491,10,1163.16,-0.04,ok,high,False
Kepler-1686,0.9727,10.0,0.2082,383.1702,10,714.61,0.0775,upper_boundary,high,False
Kepler-376,1.0,9.5499,0.0449,3.9306,10,900.42,-0.1038,ok,ok,True
Kepler-1317,0.8636,0.0316,0.0776,550.923,10,718.5,-0.01,lower_boundary,high,False
Kepler-680,1.0,10.0,0.2735,548.4452,10,1442.42,0.13,upper_boundary,high,False
Kepler-390,0.8636,0.0316,0.0449,296.4757,10,427.5,-0.0443,lower_boundary,high,False
Kepler-206,0.9455,10.0,0.1429,240.339,10,583.23,0.0213,upper_boundary,high,False
Kepler-245,0.8909,0.0316,0.2082,700.8161,10,827.69,0.12,lower_boundary,high,False
Kepler-496,0.8636,0.0316,0.0776,429.0752,10,607.51,-0.03,lower_boundary,high,False
Kepler-1109,0.9727,0.0316,0.1755,498.8241,10,698.52,0.04,lower_boundary,high,False
Kepler-483,1.0273,9.5499,0.0776,266.4215,10,872.59,0.09,ok,high,False
Kepler-111,1.0,10.0,0.3061,290.0779,10,652.51,0.22,upper_boundary,high,False
Kepler-234,1.0545,10.0,0.3388,1013.7289,10,1735.63,0.22,upper_boundary,high,False
Kepler-1191,0.8909,0.0316,-0.0204,506.3817,10,939.6,-0.08,lower_boundary,high,False
Kepler-2001,0.8636,0.0316,0.2408,543.2255,10,785.59,0.12,lower_boundary,high,False
Kepler-1197,0.7818,0.0365,0.1429,350.3668,10,485.19,0.06,ok,high,False
Kepler-1895,0.9727,0.0316,0.2408,668.7067,10,1014.66,0.1,lower_boundary,high,False
Kepler-1552,0.9182,0.0316,0.0776,501.2114,10,755.42,-0.07,lower_boundary,high,False
Kepler-1710,0.8909,8.1283,0.0776,93.2624,10,305.43,-0.04,ok,high,False
Kepler-787,0.7,0.0316,-0.0857,520.9194,10,508.3,-0.09,lower_boundary,high,False
Kepler-1194,1.0273,10.0,0.1429,532.1991,10,980.73,0.0,upper_boundary,high,False
Kepler-1781,0.9455,0.0316,0.502,685.5904,10,968.18,0.44,lower_boundary,high,False
Kepler-726,0.8364,0.0316,-0.0857,47.0199,10,735.56,-0.09,lower_boundary,high,False
Kepler-672,0.8909,10.0,0.0449,0.4657,6,1078.05,-0.01,upper_boundary,ok,False
Kepler-1798,0.6455,0.0365,-0.0857,318.3898,10,389.44,0.06,ok,high,False
Kepler-1671,0.9182,3.2359,0.2735,141.5538,10,353.87,0.2502,ok,high,False
Kepler-362,0.9727,9.5499,0.0122,555.2908,10,1013.46,-0.12,ok,high,False
CoRoT-2,0.9182,0.0316,0.1755,44.1332,10,212.48,0.04,lower_boundary,high,False
Kepler-1110,0.7818,0.0316,-0.0204,633.5627,10,753.44,-0.16,lower_boundary,high,False
Kepler-1810,0.9727,0.0316,0.2408,801.0131,10,1019.25,0.16,lower_boundary,high,False
Kepler-641,1.0545,10.0,0.2735,245.8717,10,966.22,0.15,upper_boundary,high,False
Kepler-331,0.7273,0.0316,0.0449,581.9706,10,560.99,0.1179,lower_boundary,high,False
Kepler-1346,0.9455,9.1201,0.1755,567.0655,10,828.69,0.04,ok,high,False
Kepler-253,0.8636,5.0119,0.2735,639.6056,10,829.35,0.15,ok,high,False
Kepler-1402,1.0545,9.7723,0.1796,381.7616,10,1471.72,0.03,ok,high,False
Kepler-406,0.9727,9.5499,0.3061,122.2255,10,362.89,0.18,ok,high,False
Kepler-737,0.4545,0.0365,-0.3796,143.6849,10,204.45,-0.24,ok,high,False
Kepler-1437,1.0818,8.5114,0.1102,115.4089,10,2406.74,-0.02,ok,high,False
Kepler-1100,0.9455,10.0,0.1429,335.335,10,688.83,0.05,upper_boundary,high,False
Kepler-368,1.1364,6.7608,0.0449,173.9433,10,759.41,0.03,ok,high,False
Kepler-1208,0.8364,0.0316,0.1102,795.1784,10,853.35,-0.03,lower_boundary,high,False
Kepler-1900,1.0,10.0,0.0776,738.9531,10,1563.51,-0.04,upper_boundary,high,False
Kepler-753,0.6727,0.0365,-0.151,161.5897,10,271.24,-0.03,ok,high,False
Kepler-481,1.0,9.3325,0.1755,277.8412,10,785.52,0.03,ok,high,False
Kepler-996,1.0,10.0,0.1429,576.2201,10,1209.93,0.03,upper_boundary,high,False
Kepler-1793,0.9182,10.0,0.0776,947.5399,10,1238.56,-0.06,upper_boundary,high,False
Kepler-1553,0.8636,0.0316,0.0449,547.6127,10,689.3,-0.09,lower_boundary,high,False
Kepler-1883,0.9455,10.0,0.0122,989.0222,10,1382.04,-0.12,upper_boundary,high,False
Kepler-260,1.0,0.0316,0.4367,372.783,10,608.78,0.29,lower_boundary,high,False
Kepler-1116,0.9455,0.0316,0.1429,715.8986,10,978.89,0.01,lower_boundary,high,False
Kepler-227,0.9727,0.0316,0.2408,612.2243,10,1058.58,0.1,lower_boundary,high,False
Kepler-669,1.0545,10.0,0.2408,725.9866,10,1894.36,0.14,upper_boundary,high,False
Kepler-1024,0.8636,0.0316,0.0449,848.4317,10,1029.74,-0.1,lower_boundary,high,False
Kepler-184,0.8636,0.0316,-0.1184,429.9018,10,607.02,-0.1958,lower_boundary,high,False
Kepler-389,0.8364,0.0316,0.0449,742.3522,10,845.18,-0.1,lower_boundary,high,False
Kepler-343,1.0,10.0,0.2408,347.7283,10,920.6,0.1445,upper_boundary,high,False
Kepler-710,1.0273,10.0,0.0776,741.8961,10,1478.74,-0.04,upper_boundary,high,False
Kepler-194,0.9455,10.0,0.1102,617.077,10,1106.01,-0.03,upper_boundary,high,False
Kepler-268,1.0,10.0,0.1429,294.5099,10,815.79,0.0009,upper_boundary,high,False
Kepler-1480,0.8636,0.0316,0.1429,476.1282,10,494.95,0.07,lower_boundary,high,False
Kepler-1505,0.9455,9.1201,-0.0531,233.7056,10,487.48,-0.18,ok,high,False
Kepler-792,1.0545,9.7724,0.2082,842.0025,10,1480.57,0.08,ok,high,False
Kepler-1771,1.0273,10.0,0.1102,282.8317,10,908.15,0.0,upper_boundary,high,False
Kepler-1003,1.0,10.0,0.1429,469.1936,10,939.37,0.01,upper_boundary,high,False
Kepler-1899,0.8091,0.0316,0.2082,608.8934,10,716.76,0.07,lower_boundary,high,False
Kepler-1072,1.0273,10.0,0.2082,420.7261,10,972.27,0.07,upper_boundary,high,False
Kepler-264,1.2727,4.5709,0.1429,228.1211,10,950.69,0.0469,ok,high,False
CoRoT-3,1.0545,10.0,0.2408,185.9305,10,741.87,0.14,upper_boundary,high,False
Kepler-785,0.7818,0.0316,0.0776,604.1669,10,643.87,-0.02,lower_boundary,high,False
Kepler-1406,1.0818,8.7096,0.1755,192.855,10,876.87,0.04,ok,high,False
Kepler-1117,0.9455,0.0316,0.1755,257.4546,10,571.6,0.03,lower_boundary,high,False
Kepler-1348,1.0,10.0,0.1102,561.1058,10,1260.74,-0.01,upper_boundary,high,False
Kepler-627,1.0273,9.7724,0.1755,456.8982,10,975.21,0.05,ok,high,False
Kepler-709,0.8364,0.0316,0.0449,534.5807,10,665.27,-0.08,lower_boundary,high,False
Kepler-1251,0.9455,0.0316,0.0776,609.8143,10,914.16,-0.04,lower_boundary,high,False
Kepler-1296,1.0,10.0,-0.0857,529.2992,10,1522.81,-0.04,upper_boundary,high,False
Kepler-1029,0.7545,0.0316,-0.1184,282.1107,10,366.35,0.01,lower_boundary,high,False
Kepler-28,0.7818,0.0316,0.2408,409.6183,10,438.3,0.1451,lower_boundary,high,False
Kepler-1699,1.8182,1.6982,0.2082,6.137,10,3705.01,0.225,ok,ok,True
Kepler-763,0.9182,0.0316,0.3061,782.666,10,905.63,0.18,lower_boundary,high,False
Kepler-625,1.0545,8.1283,0.1429,0.3245,6,753.56,0.1,ok,ok,True
Kepler-1574,1.0,10.0,0.2082,598.7163,10,1351.28,0.08,upper_boundary,high,False
Kepler-151,0.9182,0.0316,0.2408,427.1492,10,638.73,0.1245,lower_boundary,high,False
TOI-2010,1.0,6.9183,0.1755,1.0323,10,108.24,0.168,ok,ok,True
Kepler-1976,0.9727,10.0,0.2408,600.6885,10,1303.45,0.1,upper_boundary,high,False
Kepler-1170,0.8636,0.0316,0.0122,759.9182,10,1049.3,-0.09,lower_boundary,high,False
Kepler-370,0.9727,9.5499,0.2735,815.7707,10,1122.04,0.1323,ok,high,False
Kepler-959,1.2455,4.0738,-0.0204,212.7781,10,812.83,0.02,ok,high,False
Kepler-1412,1.0273,10.0,0.1429,198.7614,10,752.75,0.04,upper_boundary,high,False
Kepler-639,1.0818,8.9125,0.2735,212.9352,10,822.81,0.23,ok,high,False
Kepler-225,0.7,0.0316,-0.1837,456.8203,10,573.38,-0.04,lower_boundary,high,False
Kepler-1365,1.0545,9.5499,0.1755,198.5153,10,833.07,0.03,ok,high,False
Kepler-1569,1.0273,9.3325,0.2082,420.1438,10,914.57,0.06,ok,high,False
Kepler-542,0.9455,0.0316,0.1429,171.8036,10,431.24,0.02,lower_boundary,high,False
Kepler-42,0.1545,0.3162,-0.4776,10.2327,6,40.05,-0.33,ok,high,False
Kepler-609,0.9727,10.0,0.2082,545.0497,10,1085.34,0.06,upper_boundary,high,False
Kepler-1183,1.0,10.0,0.1755,913.4157,10,1742.88,0.04,upper_boundary,high,False
Kepler-1158,1.3818,3.8905,0.3061,317.0783,10,1443.46,0.18,ok,high,False
Kepler-1718,0.8636,9.7724,-0.1837,140.7487,10,372.4,-0.32,ok,high,False
Kepler-27,0.9727,0.0316,0.4694,929.6255,10,1058.2,0.41,lower_boundary,high,False
HAT-P-7,1.4364,2.5704,0.1755,4.0702,10,332.08,0.26,ok,ok,True
Kepler-1151,0.8636,0.0316,-0.0204,719.0216,10,694.44,-0.11,lower_boundary,high,False
Kepler-461,1.0,10.0,0.1429,181.2178,10,687.31,0.04,upper_boundary,high,False
Kepler-1827,1.0545,9.5499,0.1429,151.836,10,683.84,0.08,ok,high,False
Kepler-1419,0.9455,10.0,0.1755,1164.3632,10,1354.39,0.04,upper_boundary,high,False
Kepler-748,1.0273,10.0,0.2082,701.2889,10,1595.18,0.08,upper_boundary,high,False
Kepler-752,0.9182,0.0316,0.0122,932.4103,10,1170.27,-0.08,lower_boundary,high,False
Kepler-822,0.9455,9.1201,0.1755,598.7091,10,857.49,0.04,ok,high,False
Kepler-333,0.7,0.0365,-0.0857,204.6606,10,323.83,0.0465,ok,high,False
Kepler-1559,0.8909,0.0316,0.0776,62.0064,10,617.52,-0.04,lower_boundary,high,False
Kepler-435,1.2727,4.0738,-0.0531,266.9997,10,1388.01,-0.18,ok,high,False
Kepler-1202,0.9727,0.0316,0.2082,723.9769,10,1173.54,0.06,lower_boundary,high,False
Kepler-1732,1.0273,10.0,0.1755,667.6289,10,1301.83,0.04,upper_boundary,high,False
Kepler-49,0.6455,0.0422,-0.0531,227.9601,10,308.31,0.03,ok,high,False
Kepler-1094,0.9727,10.0,0.1755,667.1437,10,1217.1,0.06,upper_boundary,high,False
Kepler-1858,0.8636,5.0119,0.2735,560.4036,10,843.12,0.16,ok,high,False
TOI-1680,0.2091,2.5704,-0.0857,13.01,10,37.14,0.04,ok,high,False
Kepler-1836,0.9182,10.0,-0.0204,1135.7966,10,1400.8,-0.14,upper_boundary,high,False
Kepler-604,0.9455,10.0,0.1102,563.3221,10,997.05,-0.02,upper_boundary,high,False
Kepler-474,1.0273,10.0,0.1102,174.2678,10,832.35,-0.01,upper_boundary,high,False
Kepler-371,0.9455,10.0,-0.0857,499.1698,10,802.32,-0.1975,upper_boundary,high,False
Kepler-842,0.8091,0.0316,0.1102,375.2326,10,538.52,-0.02,lower_boundary,high,False
Kepler-1922,0.9182,10.0,-0.1837,881.9299,10,1308.76,-0.28,upper_boundary,high,False
Kepler-1395,1.0273,9.1201,0.2408,94.0755,10,491.51,0.12,ok,high,False
Kepler-1750,0.9727,10.0,0.2735,697.4826,10,1481.71,0.14,upper_boundary,high,False
Kepler-861,0.8636,0.0316,0.1102,586.3245,10,831.08,0.01,lower_boundary,high,False
Kepler-1196,0.9182,10.0,0.1429,603.8795,10,907.34,0.0,upper_boundary,high,False
Kepler-226,0.9455,0.0316,0.2082,640.9773,10,982.67,0.09,lower_boundary,high,False
Kepler-1313,0.8636,6.6069,0.1429,42.2022,10,174.7,0.0,ok,high,False
Kepler-1534,0.9727,10.0,0.1102,832.9572,10,1456.13,-0.01,upper_boundary,high,False
Kepler-637,1.0545,9.1201,0.3061,284.7949,10,769.48,0.38,ok,high,False
Kepler-356,1.0,10.0,0.0449,236.467,10,666.89,-0.0226,upper_boundary,high,False
Kepler-1452,1.2182,5.0119,0.0122,161.1568,10,956.39,0.14,ok,high,False
Kepler-606,1.0,10.0,0.1429,677.8172,10,1180.54,0.01,upper_boundary,high,False
Kepler-1871,1.0,0.0316,0.2408,621.8711,10,808.3,0.12,lower_boundary,high,False
Kepler-1828,0.9182,0.0316,0.0449,707.906,10,835.56,-0.04,lower_boundary,high,False
Kepler-1387,0.8091,0.0365,0.1429,275.7985,10,452.21,0.02,ok,high,False
Kepler-563,0.8364,0.0316,0.0122,324.5626,10,559.07,-0.08,lower_boundary,high,False
HAT-P-59,0.9727,10.0,0.3061,28.1523,10,261.18,0.217,upper_boundary,high,False
Kepler-1966,0.8636,0.0316,0.3061,458.2979,10,486.95,0.16,lower_boundary,high,False
Kepler-1797,0.9182,10.0,-0.0531,830.9445,10,1311.73,-0.2,upper_boundary,high,False
Kepler-263,0.8364,0.0316,0.0449,630.3279,10,730.56,-0.0314,lower_boundary,high,False
Kepler-1345,1.2182,5.2481,0.1102,282.9596,10,1289.3,0.04,ok,high,False
Kepler-798,1.0,10.0,0.1755,411.9437,10,970.15,0.03,upper_boundary,high,False
Kepler-275,1.0545,9.7724,0.2082,801.3435,10,1886.91,0.08,ok,high,False
Kepler-478,1.0,10.0,0.0776,316.2583,10,807.29,-0.03,upper_boundary,high,False
Kepler-344,0.9455,0.0316,0.1755,571.2856,10,994.6,0.0399,lower_boundary,high,False
Kepler-1649,0.1818,0.1155,-0.2816,264.8308,10,92.35,-0.15,ok,high,False
Kepler-210,0.7273,9.3325,0.3388,80.8488,10,231.52,0.2772,ok,high,False
Kepler-1825,0.8091,0.0365,0.1102,263.9069,10,424.35,0.14,ok,high,False
Kepler-1965,0.8636,8.1283,-0.151,13.3138,10,519.65,-0.3,ok,high,False
Kepler-1918,0.8909,0.0316,-0.0204,723.5477,10,1046.95,-0.16,lower_boundary,high,False
Kepler-956,0.9455,10.0,0.1429,177.6334,10,538.49,0.02,upper_boundary,high,False
Kepler-1426,0.8909,0.0365,0.1755,465.9932,10,876.08,0.03,ok,high,False
Kepler-1147,1.0545,9.7724,0.2082,783.1553,10,1715.86,0.11,ok,high,False
Kepler-1905,0.9455,10.0,0.2735,521.9449,10,1041.77,0.16,upper_boundary,high,False
Kepler-1741,0.4818,0.0316,-0.249,328.1777,10,266.83,-0.22,lower_boundary,high,False
Kepler-1890,0.9727,9.5499,-0.0204,205.7701,10,535.94,-0.16,ok,high,False
Kepler-1624,0.5091,0.0316,-0.0857,294.6268,10,252.13,0.06,lower_boundary,high,False
Kepler-256,0.9455,10.0,0.4041,552.1416,10,1002.39,0.26,upper_boundary,high,False
Kepler-884,0.9182,0.075,0.0776,113.6217,10,325.08,0.05,ok,high,False
Kepler-1786,1.0,10.0,0.2408,383.6384,10,868.4,0.14,upper_boundary,high,False
Kepler-1678,0.9455,0.0316,0.1429,519.2365,10,846.27,0.0,lower_boundary,high,False
Kepler-993,0.5636,0.0316,-0.1184,322.4389,10,333.19,0.03,lower_boundary,high,False
Kepler-1869,0.8909,7.7625,-0.151,0.6094,10,113.22,-0.06,ok,ok,True
Kepler-1514,1.0273,8.1283,0.0122,80.7256,10,396.49,0.119,ok,high,False
Kepler-327,0.5636,0.0316,-0.2816,187.383,10,238.02,-0.2,lower_boundary,high,False
Kepler-1431,1.0,10.0,0.1755,2.1336,6,1668.81,0.07,upper_boundary,ok,False
Kepler-167,0.8091,0.0365,0.1429,193.0826,10,339.84,0.02,ok,high,False
TOI-5218,0.7273,0.0316,0.3061,294.5134,10,377.7,0.41,lower_boundary,high,False
Kepler-1020,0.8091,9.7724,0.1429,220.4391,10,408.89,0.0,ok,high,False
Kepler-1587,1.0273,10.0,0.2082,277.5627,10,1047.12,0.07,upper_boundary,high,False
Kepler-342,1.0273,9.5499,0.0776,298.5364,10,771.8,-0.0006,ok,high,False
Kepler-1484,1.0273,9.3325,-0.0531,607.1215,10,2295.96,-0.17,ok,high,False
Kepler-1521,0.7545,8.7096,0.0449,16.5691,10,207.29,-0.05,ok,high,False
Kepler-1844,0.9727,9.7724,-0.0531,965.3366,10,1773.35,-0.18,ok,high,False
Kepler-769,1.0,9.1201,0.2082,614.4712,10,1139.48,0.06,ok,high,False
Kepler-1142,1.0545,9.514,0.1429,296.9055,10,1262.52,0.02,ok,high,False
Kepler-1902,0.6182,2.5704,0.0776,0.5929,6,338.92,0.06,ok,ok,True
Kepler-1015,1.1636,6.166,0.2082,197.3335,10,769.32,0.06,ok,high,False
Kepler-1826,0.5636,0.0316,-0.3143,277.3493,10,333.95,-0.28,lower_boundary,high,False
Kepler-1203,0.6727,0.0365,-0.1184,194.1158,10,308.75,0.01,ok,high,False
Kepler-1560,0.9182,10.0,0.1429,187.0698,10,499.38,0.04,upper_boundary,high,False
Kepler-430,1.0273,10.0,0.3061,239.2138,10,898.8,0.2,upper_boundary,high,False
Kepler-1210,0.9455,0.0316,0.1429,659.2192,10,1111.19,0.04,lower_boundary,high,False
Kepler-423,0.9182,10.0,0.0449,357.5682,10,777.81,-0.1,upper_boundary,high,False
Kepler-1307,0.9455,0.0316,0.1429,745.2566,10,1038.42,0.06,lower_boundary,high,False
Kepler-1323,0.9727,10.0,-0.0204,67.3918,10,465.51,0.02,upper_boundary,high,False
Kepler-45,0.6727,0.3652,0.4041,365.7842,10,380.73,0.28,ok,high,False
Kepler-82,0.9727,0.0316,0.3388,603.5668,10,906.39,0.2107,lower_boundary,high,False
Kepler-1843,1.1636,6.4565,0.1102,98.5147,10,785.49,0.02,ok,high,False
Kepler-1845,0.7818,0.0316,-0.0204,758.9062,10,696.39,-0.14,lower_boundary,high,False
Kepler-241,0.8364,0.0316,0.1755,496.576,10,608.48,0.031,lower_boundary,high,False
Kepler-274,0.9455,10.0,-0.0857,680.0791,10,1321.86,-0.2112,upper_boundary,high,False
Kepler-110,0.9727,10.0,-0.0204,107.316,10,592.47,-0.1498,upper_boundary,high,False
HATS-65,1.0545,9.5499,0.3388,241.633,10,489.1,0.199,ok,high,False
Kepler-1577,0.7545,1.9953,0.0449,3.6146,10,504.7,0.0,ok,ok,True
Kepler-1986,0.7818,0.0316,-0.4122,1044.1533,10,967.5,-0.54,lower_boundary,high,False
Kepler-717,1.0,10.0,-0.0857,816.1592,10,2278.89,-0.12,upper_boundary,high,False
Kepler-1312,0.8909,10.0,0.0776,141.1598,10,298.8,-0.02,upper_boundary,high,False
Kepler-1573,1.0,10.0,0.0776,589.9632,10,1525.12,0.02,upper_boundary,high,False
Kepler-733,0.9182,0.0316,0.1429,684.3771,10,932.06,0.01,lower_boundary,high,False
Kepler-217,1.1636,5.3703,-0.0857,272.5883,10,1066.56,-0.07,ok,high,False
Kepler-586,0.9455,0.0316,0.1429,425.0825,10,683.62,0.0,lower_boundary,high,False
Kepler-1071,0.9182,0.0316,0.1429,706.4434,10,975.72,0.01,lower_boundary,high,False
Kepler-248,0.8636,5.0119,0.2735,548.6881,10,743.49,0.17,ok,high,False
Kepler-1128,0.9455,0.0316,0.1755,941.2155,10,1078.29,0.04,lower_boundary,high,False
Kepler-1916,1.0,10.0,0.2082,742.5973,10,1884.42,0.07,upper_boundary,high,False
Kepler-1002,1.1091,6.6069,-0.0857,75.3267,10,493.53,0.04,ok,high,False
Kepler-850,1.0273,10.0,0.1429,615.9672,10,1864.7,0.03,upper_boundary,high,False
Kepler-758,1.0,9.3325,-0.151,475.8522,10,1450.41,-0.1,ok,high,False
Kepler-74,1.0545,9.3325,0.5673,531.2674,10,1127.03,0.42,ok,high,False
Kepler-986,0.9182,10.0,0.1755,340.3983,10,544.09,0.04,upper_boundary,high,False
Kepler-598,0.9182,0.0316,0.1755,428.8308,10,675.56,0.03,lower_boundary,high,False
Kepler-1239,1.1364,5.6234,0.3388,1.6905,6,1978.2,0.22,ok,ok,True
Kepler-1173,0.8091,9.7724,0.1429,187.0028,10,372.21,0.0,ok,high,False
Kepler-1044,0.9727,9.3325,0.1755,835.7567,10,1267.13,0.04,ok,high,False
Kepler-284,0.8364,0.0316,-0.1184,920.1897,10,1042.22,-0.26,lower_boundary,high,False
KOI-3503,0.8909,10.0,-0.4449,357.2247,10,852.08,-0.5428,upper_boundary,high,False
Kepler-166,0.8636,0.0316,0.0449,274.524,10,597.97,-0.08,lower_boundary,high,False
Kepler-1478,1.0273,10.0,0.1755,785.3039,10,1759.08,0.03,upper_boundary,high,False
Kepler-610,0.9727,0.0316,0.2408,534.5069,10,837.55,0.12,lower_boundary,high,False
Kepler-520,1.1636,6.166,0.0776,198.7943,10,805.99,-0.03,ok,high,False
Kepler-766,1.0545,9.7724,0.1755,818.3615,10,2252.12,0.09,ok,high,False
Kepler-1070,1.0,10.0,0.1755,267.8702,10,897.78,0.03,upper_boundary,high,False
Kepler-1078,1.0818,8.5114,0.1102,847.9417,10,2256.57,-0.01,ok,high,False
Kepler-1322,0.8636,10.0,-0.151,983.4687,10,1307.65,-0.3,upper_boundary,high,False
Kepler-320,1.0,9.3325,0.0122,247.8632,10,805.8,-0.1228,ok,high,False
Kepler-1127,0.9182,0.0316,0.1429,631.9743,10,841.06,0.04,lower_boundary,high,False
Kepler-805,1.0273,8.9125,-0.0531,147.0844,10,623.78,-0.06,ok,high,False
Kepler-358,0.9727,0.0316,0.1755,507.2057,10,1069.26,0.035,lower_boundary,high,False
Kepler-754,1.0545,9.5499,0.1429,631.3113,10,1735.37,0.05,ok,high,False
Kepler-69,0.9182,10.0,-0.151,296.3774,10,718.41,-0.29,upper_boundary,high,False
Kepler-1095,0.8909,10.0,0.0449,478.1498,10,780.97,-0.09,upper_boundary,high,False
KOI-3680,0.9727,10.0,0.2735,446.5673,10,939.69,0.16,upper_boundary,high,False
Kepler-432,1.2182,5.4954,0.0776,1.3007,10,847.04,-0.07,ok,ok,True
HD 183579,0.8909,7.9433,-0.1837,0.2874,10,56.71,-0.038,ok,ok,True
Kepler-1579,0.6727,0.0487,-0.0204,282.3767,10,391.18,0.11,ok,high,False
Kepler-848,1.2455,5.2481,0.2735,218.4169,10,1347.77,0.15,ok,high,False
Kepler-359,0.8636,10.0,-0.151,1088.9555,10,1415.29,-0.29,upper_boundary,high,False
Kepler-1868,0.7273,0.0422,-0.0531,148.595,10,270.91,0.0,ok,high,False
Kepler-948,0.9455,0.0316,0.1102,461.9086,10,839.28,-0.02,lower_boundary,high,False
Kepler-1399,0.9182,10.0,0.1102,704.9154,10,1289.96,-0.03,upper_boundary,high,False
Kepler-1943,1.0273,9.7724,0.0776,256.7701,10,979.45,-0.06,ok,high,False
TOI-5786,1.1091,5.0119,-0.0204,0.4144,10,193.05,0.08,ok,ok,True
Kepler-1133,0.9182,0.0316,0.1102,523.8541,10,742.31,-0.02,lower_boundary,high,False
Kepler-1698,0.7818,0.0422,0.0449,79.9635,10,220.29,0.08,ok,high,False
Kepler-339,0.8909,0.0365,0.1755,365.6365,10,621.49,0.033,ok,high,False
Kepler-816,0.9182,0.0316,0.3061,797.2765,10,965.54,0.16,lower_boundary,high,False
Kepler-804,0.9455,10.0,0.1429,393.7103,10,657.06,0.0,upper_boundary,high,False
Kepler-630,1.0,10.0,0.1755,298.225,10,837.93,0.03,upper_boundary,high,False
Kepler-1451,0.9455,0.0316,0.1102,620.2602,10,1045.14,0.01,lower_boundary,high,False
Kepler-724,0.8636,8.5114,0.1102,5.7801,10,869.39,-0.02,ok,ok,True
Kepler-1745,0.9727,9.1201,0.3061,563.5616,10,988.16,0.16,ok,high,False
Kepler-597,0.9182,9.1201,0.1102,308.138,10,652.81,-0.01,ok,high,False
Kepler-696,1.0,10.0,0.2082,925.1472,10,1414.62,0.07,upper_boundary,high,False
Kepler-1275,1.0,10.0,0.1102,480.331,10,1159.25,0.04,upper_boundary,high,False
Kepler-395,0.6182,0.0316,-0.151,424.2321,10,406.94,-0.02,lower_boundary,high,False
Kepler-1468,1.0818,8.3176,0.0776,516.5253,10,1873.46,0.03,ok,high,False
Kepler-1333,0.9455,0.0316,0.0776,591.7381,10,905.13,-0.04,lower_boundary,high,False
Kepler-183,0.9455,10.0,0.2082,551.7865,10,1031.56,0.11,upper_boundary,high,False
Kepler-1949,1.2455,5.2481,0.2082,625.0826,10,2510.16,0.14,ok,high,False
K2-201,0.9182,3.2359,0.2735,43.7094,10,195.06,0.13,ok,high,False
Kepler-276,0.8636,9.5499,-0.151,854.1691,10,1082.03,-0.29,ok,high,False
Kepler-1280,1.2182,5.3703,0.1429,374.4826,10,1442.64,0.04,ok,high,False
Kepler-936,1.2727,4.8978,0.1102,291.9053,10,3967.36,0.05,ok,high,False
Kepler-1602,0.9727,10.0,0.1429,305.1337,10,621.92,0.02,upper_boundary,high,False
Kepler-434,1.0273,9.5499,0.2735,0.4212,6,1199.59,0.25,ok,ok,True
Kepler-791,1.0273,10.0,0.2082,440.8073,10,1215.04,0.06,upper_boundary,high,False
Kepler-944,0.9182,9.3325,0.0122,863.3954,10,1259.46,-0.11,ok,high,False
Kepler-1351,0.6182,5.1286,-0.151,90.9723,10,203.25,-0.03,ok,high,False
Kepler-283,0.6455,0.0316,-0.249,429.011,10,482.55,-0.17,lower_boundary,high,False
Kepler-1695,0.9727,0.0316,0.1102,453.3211,10,810.27,-0.0347,lower_boundary,high,False
Kepler-1594,0.9455,9.1201,0.1755,617.343,10,963.18,0.03,ok,high,False
Kepler-201,1.0,10.0,0.0776,197.216,10,628.39,-0.0442,upper_boundary,high,False
Kepler-1491,1.0545,9.7724,0.1755,732.8671,10,2108.68,0.14,ok,high,False
Kepler-81,0.6455,0.0365,-0.3143,242.9868,10,349.47,-0.18,ok,high,False
Kepler-1881,0.9455,0.0316,0.2408,851.09,10,1114.11,0.12,lower_boundary,high,False
Kepler-57,0.8909,0.0316,0.1429,411.2885,10,645.07,0.1166,lower_boundary,high,False
Kepler-1767,0.8636,0.0316,0.2082,613.3341,10,833.63,0.14,lower_boundary,high,False
KOI-2513,0.9455,9.3325,-0.4776,556.1594,10,2096.39,-0.37,ok,high,False
Kepler-1379,0.8636,0.0316,0.0449,840.7047,10,963.81,-0.04,lower_boundary,high,False
Kepler-369,0.5364,0.0316,-0.1184,172.8163,10,281.1,-0.09,lower_boundary,high,False
Kepler-517,0.9182,9.7724,0.0776,59.7272,10,290.72,-0.06,ok,high,False
Kepler-349,0.9455,8.7096,0.2082,16.8764,10,948.02,0.1509,ok,high,False
Kepler-409,0.8636,9.5499,0.0449,0.8875,10,68.04,0.05,ok,ok,True
Kepler-1030,0.8091,0.0316,0.0449,670.6662,10,750.65,-0.01,lower_boundary,high,False
Kepler-533,0.7545,0.0365,-0.0204,99.7927,10,302.01,0.01,ok,high,False
Kepler-557,1.2455,4.8978,0.0776,595.5527,10,2022.64,0.02,ok,high,False
Kepler-1957,0.8091,0.0316,0.1102,357.5978,10,462.82,0.0,lower_boundary,high,False
Kepler-1714,1.4364,3.3884,0.2735,12.9243,10,432.22,0.22,ok,high,False
Kepler-1441,1.0545,9.5499,0.1429,488.8395,10,1097.33,0.01,ok,high,False
Kepler-1199,0.9455,10.0,-0.1837,198.0624,10,613.34,-0.27,upper_boundary,high,False
Kepler-1503,0.8909,10.0,-0.0531,892.5571,10,1252.78,-0.19,upper_boundary,high,False
Kepler-216,1.0,9.7724,-0.0531,368.4978,10,1147.69,-0.1489,ok,high,False
WTS-2,0.8909,0.0316,0.3388,666.5892,10,699.14,0.2,lower_boundary,high,False
Kepler-78,0.7545,9.1201,-0.0857,0.4088,10,124.26,-0.18,ok,ok,True
Kepler-1575,0.9455,9.5499,0.0776,794.8371,10,1250.12,-0.07,ok,high,False
Kepler-786,0.8091,0.0316,0.1102,370.0795,10,491.14,0.09,lower_boundary,high,False
Kepler-561,0.8636,9.5499,0.1102,5.5322,10,625.2,0.02,ok,ok,True
Kepler-56,1.0818,9.769,0.3061,41.1771,10,922.77,0.2,ok,high,False
Kepler-1924,1.1909,6.4565,0.3061,592.3624,10,2001.81,0.16,ok,high,False
Kepler-1694,0.8636,0.0316,0.2735,431.1041,10,512.14,0.14,lower_boundary,high,False
Kepler-1993,1.0818,8.3176,0.0449,192.6765,10,1001.91,-0.04,ok,high,False
Kepler-415,0.6727,0.1334,-0.0531,1.2905,6,529.34,0.01,ok,ok,True
Kepler-708,0.9455,9.3325,0.1429,986.0224,10,1236.53,0.01,ok,high,False
Kepler-1469,0.9182,0.0316,0.1429,802.6559,10,1109.57,0.02,lower_boundary,high,False
Kepler-417,0.8091,0.0316,-0.0857,788.5573,10,890.81,-0.204,lower_boundary,high,False
Kepler-1906,0.9727,10.0,-0.0204,677.8946,10,1374.24,-0.12,upper_boundary,high,False
K2-147,0.5636,0.0487,-0.1184,83.7478,10,90.7,-0.02,ok,high,False
Kepler-675,0.8364,0.0316,0.0776,476.2704,10,672.53,-0.05,lower_boundary,high,False
Kepler-642,1.0273,9.7724,0.2082,234.5778,10,760.51,0.06,ok,high,False
Kepler-1592,1.0273,10.0,0.0776,668.8589,10,1605.35,0.04,upper_boundary,high,False
Kepler-939,1.0,10.0,-0.0857,582.6202,10,2266.17,-0.12,upper_boundary,high,False
Kepler-685,1.0,0.0316,0.2735,779.5908,10,935.16,0.15,lower_boundary,high,False
Kepler-1740,0.9455,0.0316,0.0776,608.4106,10,1067.36,-0.06,lower_boundary,high,False
Kepler-702,0.9455,0.0316,0.1429,720.3986,10,962.89,0.0,lower_boundary,high,False
Kepler-1764,1.0,10.0,-0.0204,641.9949,10,1504.13,-0.14,upper_boundary,high,False
Kepler-1557,1.0,9.3325,0.1429,655.8956,10,1447.89,0.02,ok,high,False
Kepler-1041,1.0818,8.5114,0.1429,420.7137,10,1446.14,0.01,ok,high,False
Kepler-608,0.9182,10.0,0.0776,52.8481,10,933.91,-0.02,upper_boundary,high,False
Kepler-1524,0.9455,9.1201,0.1755,111.137,10,381.11,0.04,ok,high,False
Kepler-208,0.9727,10.0,0.0122,265.7404,10,762.11,-0.0423,upper_boundary,high,False
Kepler-1422,1.0818,8.7096,0.1429,905.4444,10,2410.59,0.0,ok,high,False
Kepler-1679,0.9182,0.0316,0.0776,836.9367,10,901.85,-0.04,lower_boundary,high,False
Kepler-1715,1.0273,9.5499,0.0776,155.4186,10,519.78,-0.04,ok,high,False
Kepler-1870,0.9182,2.6303,0.1429,2.1054,10,399.62,0.07,ok,ok,True
Kepler-1865,0.8909,0.0316,0.0776,799.2527,10,912.86,-0.06,lower_boundary,high,False
KOI-7368,0.8909,0.0316,0.0776,24.4988,10,263.29,0.0578,lower_boundary,high,False
Kepler-231,0.5909,0.0422,-0.249,329.2811,10,317.37,-0.1,ok,high,False
Kepler-1496,1.0,10.0,0.1102,494.8664,10,1279.89,0.05,upper_boundary,high,False
Kepler-66,0.9182,9.7724,-0.0531,570.8259,10,1157.4,-0.2,ok,high,False
Kepler-1682,0.9455,0.0316,0.0776,1093.2544,10,1150.69,-0.048,lower_boundary,high,False
WTS-1,0.9727,8.9125,-0.3796,1173.1616,10,2678.91,-0.5,ok,high,False
Kepler-1859,1.0,9.3325,0.3061,554.7506,10,1288.36,0.16,ok,high,False
Kepler-1684,0.7818,0.0316,0.2408,567.9198,10,616.11,0.1267,lower_boundary,high,False
Kepler-1243,0.9182,0.0316,0.1102,429.2159,10,760.34,0.01,lower_boundary,high,False
Kepler-31,1.0,9.3325,0.0449,769.3495,10,1598.04,-0.076,ok,high,False
Kepler-544,1.0545,9.1201,0.1102,352.7186,10,954.03,0.02,ok,high,False
Kepler-1634,0.9182,0.0316,0.1429,510.3416,10,601.97,0.02,lower_boundary,high,False
Kepler-1636,1.0,10.0,0.1429,858.2404,10,1861.1,0.03,upper_boundary,high,False
Kepler-258,0.8364,0.0316,0.2735,346.4,10,564.92,0.3031,lower_boundary,high,False
Kepler-1623,0.9727,0.0316,0.1755,632.6386,10,876.12,0.04,lower_boundary,high,False
Kepler-1455,0.5909,0.0422,-0.151,298.5033,10,361.94,-0.02,ok,high,False
Kepler-1780,0.9182,0.0316,0.1102,481.8621,10,783.45,0.0,lower_boundary,high,False
Kepler-1917,0.8364,0.0316,-0.0857,574.0834,10,858.78,-0.22,lower_boundary,high,False
Kepler-281,1.0,9.7724,0.1429,955.9564,10,1635.69,0.02,ok,high,False
Kepler-146,0.9455,10.0,0.0776,432.9035,10,710.91,-0.0261,upper_boundary,high,False
Kepler-1763,1.0,10.0,0.1429,367.4739,10,751.69,0.02,upper_boundary,high,False
Kepler-768,0.8364,0.0316,0.1102,868.423,10,764.58,-0.03,lower_boundary,high,False
Kepler-114,0.7818,0.0365,0.1429,183.0137,10,256.52,0.2291,ok,high,False
Kepler-374,1.0273,9.5499,0.2408,562.1466,10,1202.79,0.1111,ok,high,False
Kepler-541,1.2727,4.3652,0.0449,201.4803,10,1055.23,0.07,ok,high,False
Kepler-1073,0.9455,10.0,0.3061,559.4453,10,812.36,0.16,upper_boundary,high,False
Kepler-67,0.8636,0.0316,-0.0531,1115.2535,10,1116.61,-0.2,lower_boundary,high,False
Kepler-1734,0.9727,10.0,0.0449,911.407,10,1493.59,-0.1,upper_boundary,high,False
Kepler-937,1.0273,10.0,0.2082,572.6204,10,1635.29,0.08,upper_boundary,high,False
Kepler-923,1.0273,10.0,0.2082,373.1098,10,1004.35,0.07,upper_boundary,high,False
Kepler-1149,0.9727,10.0,0.1429,570.8926,10,1176.86,0.02,upper_boundary,high,False
Kepler-76,1.0,10.0,-0.0204,253.9202,10,817.26,-0.1,upper_boundary,high,False
Kepler-239,0.8636,0.0316,0.2082,566.8936,10,645.92,0.17,lower_boundary,high,False
Kepler-23,1.0,10.0,-0.0204,194.6826,10,858.83,-0.112,upper_boundary,high,False
Kepler-1839,0.9727,10.0,0.0776,464.6042,10,1111.0,-0.04,upper_boundary,high,False
Kepler-1314,0.1273,0.0365,-0.3469,305.7843,10,141.22,-0.22,ok,high,False
Kepler-940,0.9455,0.0316,0.0449,613.3516,10,1203.58,-0.08,lower_boundary,high,False
Kepler-671,0.9455,10.0,0.2082,695.0215,10,1193.03,0.08,upper_boundary,high,False
Kepler-1159,1.0,10.0,0.1102,472.6658,10,1220.17,0.04,upper_boundary,high,False
Kepler-1766,0.9455,9.5499,-0.0857,188.8894,10,509.08,-0.22,ok,high,False
Kepler-603,1.1091,8.1283,0.1755,479.6411,10,1759.25,0.03,ok,high,False
Kepler-1897,0.8909,0.0316,0.1429,1042.7705,10,987.11,0.02,lower_boundary,high,False
Kepler-1343,1.0,10.0,-0.0531,926.4859,10,1898.58,-0.16,upper_boundary,high,False
HATS-10,1.0,10.0,0.2408,266.2935,10,544.53,0.15,upper_boundary,high,False
Kepler-302,0.9727,10.0,0.3061,971.49,10,1376.34,0.16,upper_boundary,high,False
Kepler-326,1.0,0.0316,0.3714,212.6442,10,470.2,0.2385,lower_boundary,high,False
Kepler-941,0.8909,0.0316,-0.0204,704.7745,10,1048.98,-0.15,lower_boundary,high,False
Kepler-1396,1.0,9.3325,0.1755,471.3943,10,1084.96,0.04,ok,high,False
TOI-5232,1.0545,7.0795,-0.249,71.585,10,609.61,-0.104,ok,high,False
Kepler-385,1.0,9.5499,0.1429,632.3382,10,1463.66,0.01,ok,high,False
Kepler-1413,0.9182,0.0316,0.0776,1219.7268,10,1205.72,-0.05,lower_boundary,high,False
Kepler-1860,0.9455,0.0316,0.1429,181.7439,10,441.22,0.0,lower_boundary,high,False
Kepler-1658,1.4636,2.4547,-0.2816,38.432,10,785.28,-0.18,ok,high,False
Kepler-1756,0.9182,0.0316,0.3061,616.6385,10,864.09,0.16,lower_boundary,high,False
Kepler-947,0.9727,10.0,0.0449,1139.3656,10,1690.22,-0.07,upper_boundary,high,False
Kepler-1725,0.9727,10.0,0.1102,176.8992,10,562.53,0.0,upper_boundary,high,False
Kepler-1537,0.8364,0.0316,0.0122,340.0988,10,517.08,-0.08,lower_boundary,high,False
Kepler-1846,0.8364,0.0316,0.1429,247.0228,10,375.25,0.08,lower_boundary,high,False
Kepler-418,0.9455,9.3325,0.0776,516.8908,10,966.46,-0.05,ok,high,False
Kepler-304,0.7273,5.6234,0.0122,7.4628,10,438.86,0.03,ok,ok,True
Kepler-1589,1.0273,10.0,0.2082,679.0941,10,1479.13,0.08,upper_boundary,high,False
Kepler-321,0.9455,9.5499,0.2408,100.063,10,388.74,0.121,ok,high,False
Kepler-1562,1.0545,9.7724,0.1755,729.8372,10,2033.27,0.11,ok,high,False
Kepler-1723,0.8909,9.3325,-0.151,340.589,10,787.15,-0.3,ok,high,False
Kepler-480,1.0545,8.7096,0.0776,268.3366,10,853.14,0.11,ok,high,False
Kepler-1104,1.1364,6.3096,0.1429,94.3617,10,528.55,0.13,ok,high,False
Kepler-1306,0.9182,10.0,0.1429,529.9644,10,1085.24,0.0,upper_boundary,high,False
Kepler-266,0.9727,10.0,0.3061,793.0028,10,1371.19,0.16,upper_boundary,high,False
Kepler-1463,1.0,10.0,0.1429,990.4964,10,1762.73,0.0,upper_boundary,high,False
Kepler-690,1.0273,10.0,0.3388,959.1652,10,1552.29,0.19,upper_boundary,high,False
Kepler-1632,1.0273,10.0,0.1429,204.0185,10,710.17,0.0,upper_boundary,high,False
Kepler-35,0.9455,10.0,-0.2163,970.0334,10,1818.27,-0.34,upper_boundary,high,False
Kepler-1065,0.9727,0.0316,0.1102,709.4392,10,1089.51,-0.01,lower_boundary,high,False
Kepler-41,1.0273,10.0,0.502,460.3521,10,1045.03,0.38,upper_boundary,high,False
Kepler-1123,0.9182,0.0316,0.1755,574.39,10,698.85,0.05,lower_boundary,high,False
Kepler-1821,0.9727,0.0316,0.2082,521.8593,10,800.78,0.14,lower_boundary,high,False
Kepler-871,1.0545,9.7724,0.2082,1045.6469,10,1845.55,0.09,ok,high,False
Kepler-1321,0.6455,0.0316,-0.3143,720.2663,10,741.57,-0.45,lower_boundary,high,False
Kepler-1247,0.8636,0.0316,0.0449,691.5189,10,1022.36,-0.05,lower_boundary,high,False
Kepler-1450,0.7273,0.0316,-0.0531,347.459,10,500.66,-0.02,lower_boundary,high,False
Kepler-1640,1.0273,9.3325,0.2408,476.6391,10,1139.55,0.1,ok,high,False
Kepler-1790,1.0273,9.5499,0.1429,410.6699,10,1051.74,0.0,ok,high,False
Kepler-1101,0.8636,0.0316,0.0449,510.1106,10,744.99,-0.04,lower_boundary,high,False
Kepler-595,0.9455,0.0316,0.502,354.0672,10,643.84,0.406,lower_boundary,high,False
Kepler-1241,0.8909,0.0316,0.0122,1022.6534,10,933.78,-0.09,lower_boundary,high,False
Kepler-1058,0.8636,0.0316,0.0776,399.419,10,704.28,-0.06,lower_boundary,high,False
Kepler-1873,0.8909,0.0316,0.3388,501.2854,10,782.03,0.21,lower_boundary,high,False
Kepler-980,1.0,9.7724,0.1429,306.7248,10,941.34,0.01,ok,high,False
Kepler-1016,0.9455,10.0,0.1102,658.0543,10,1327.79,-0.03,upper_boundary,high,False
Kepler-1201,0.9455,10.0,0.1755,701.6594,10,969.68,0.03,upper_boundary,high,False
Kepler-1956,0.6182,0.0562,-0.0531,339.1274,10,357.15,0.04,ok,high,False
Kepler-857,0.9727,0.0316,0.1429,616.383,10,978.56,0.02,lower_boundary,high,False
Kepler-1631,0.9455,10.0,0.1755,891.6951,10,1335.91,0.04,upper_boundary,high,False
HATS-33,0.9727,9.1201,0.3714,80.1792,10,251.01,0.29,ok,high,False
Kepler-173,0.9727,10.0,0.1755,416.704,10,853.45,0.0357,upper_boundary,high,False
Kepler-1068,0.9455,10.0,0.1755,844.784,10,1492.88,0.03,upper_boundary,high,False
Kepler-882,0.8909,0.0316,0.0776,319.1503,10,499.42,-0.03,lower_boundary,high,False
Kepler-688,0.9455,10.0,0.1429,933.9024,10,1385.42,0.02,upper_boundary,high,False
KELT-20,1.6546,0.866,-0.3796,0.5912,10,136.48,-0.29,ok,ok,True
Kepler-1834,0.8364,0.0316,0.2735,458.2013,10,488.58,0.16,lower_boundary,high,False
Kepler-176,0.8636,5.0119,0.2735,366.15,10,515.94,0.13,ok,high,False
Kepler-314,0.9455,0.0316,0.2408,89.6469,10,267.28,0.322,lower_boundary,high,False
Kepler-851,0.8909,0.0316,0.0776,585.7399,10,802.64,-0.07,lower_boundary,high,False
Kepler-1474,0.9182,10.0,0.1755,574.2322,10,1087.98,0.04,upper_boundary,high,False
Kepler-1960,0.9727,10.0,-0.0531,630.2597,10,1486.55,-0.18,upper_boundary,high,False
Kepler-1096,0.6727,0.0316,-0.249,192.8019,10,371.13,-0.1,lower_boundary,high,False
Kepler-168,1.0273,9.7724,0.2082,545.769,10,1232.48,0.09,ok,high,False
Kepler-689,0.9455,0.0316,0.1102,711.5253,10,1102.78,-0.01,lower_boundary,high,False
Kepler-577,0.7818,0.0316,-0.0531,423.2895,10,515.62,-0.14,lower_boundary,high,False
Kepler-116,1.0273,10.0,0.1755,316.4989,10,940.91,0.07,upper_boundary,high,False
Kepler-1769,0.9727,10.0,0.0449,99.0892,10,451.84,-0.06,upper_boundary,high,False
Kepler-1368,1.0,9.7724,0.2408,1062.5836,10,1578.56,0.1,ok,high,False
Kepler-825,0.9455,8.9125,0.0449,563.776,10,783.8,-0.08,ok,high,False
Kepler-54,0.4273,0.0316,-0.3796,244.6122,10,267.06,-0.27,lower_boundary,high,False
Kepler-692,0.9182,0.0316,0.1102,748.723,10,962.17,-0.01,lower_boundary,high,False
Kepler-1969,0.9182,10.0,0.2082,857.4085,10,1245.29,0.07,upper_boundary,high,False
Kepler-1674,0.9455,0.0316,0.1755,602.5485,10,1029.62,0.0562,lower_boundary,high,False
Kepler-1391,1.0273,10.0,0.1102,231.9027,10,1004.05,0.04,upper_boundary,high,False
Kepler-464,1.1364,7.5858,0.3388,143.9244,10,670.34,0.19,ok,high,False
Kepler-1792,0.8636,0.0316,0.4694,439.146,10,585.56,0.32,lower_boundary,high,False
Kepler-751,0.8909,0.0316,0.0776,558.2386,10,755.42,-0.06,lower_boundary,high,False
Kepler-727,0.8909,0.0316,0.1102,595.6449,10,823.52,-0.01,lower_boundary,high,False
Kepler-1472,1.0273,10.0,0.0776,492.8124,10,1484.74,0.03,upper_boundary,high,False
KOI-217,0.9455,0.0316,0.1755,460.6068,10,906.34,0.12,lower_boundary,high,False
Kepler-1398,1.0,10.0,0.0776,258.6179,10,855.14,0.01,upper_boundary,high,False
Kepler-1877,0.9455,9.3325,0.3714,38.3206,10,282.98,0.24,ok,high,False
Kepler-1222,0.8091,0.0365,0.0122,241.745,10,411.0,-0.04,ok,high,False
Kepler-712,0.8636,0.0316,0.1102,802.6133,10,903.01,-0.03,lower_boundary,high,False
Kepler-1169,1.0273,9.5499,0.3061,131.0897,10,517.23,0.26,ok,high,False
HATS-8,0.9727,10.0,0.3388,613.2221,10,778.0,0.21,upper_boundary,high,False
Kepler-317,0.9455,0.0316,0.2735,729.3357,10,935.11,0.13,lower_boundary,high,False
Kepler-378,0.7545,9.3325,0.2735,23.1922,10,151.88,0.1369,ok,high,False
KIC 3558849,0.9455,10.0,-0.2816,443.6919,10,1146.01,-0.42,upper_boundary,high,False
Kepler-1425,1.0273,10.0,0.0776,191.539,10,851.74,-0.03,upper_boundary,high,False
Kepler-593,0.9727,10.0,0.1755,475.2582,10,985.86,0.04,upper_boundary,high,False
Kepler-942,0.7818,0.0365,0.0449,68.1525,10,215.96,0.09,ok,high,False
Kepler-874,0.9727,10.0,0.1755,540.2407,10,1083.08,0.03,upper_boundary,high,False
Kepler-1171,1.3545,2.8184,-0.151,62.0838,10,581.43,-0.01,ok,high,False
Kepler-827,1.0273,10.0,0.0776,886.942,10,2202.81,-0.06,upper_boundary,high,False
Kepler-215,0.8091,10.0,-0.3469,189.9526,10,483.96,-0.4425,upper_boundary,high,False
Kepler-1087,0.9455,0.0316,0.0776,82.5624,10,360.23,0.01,lower_boundary,high,False
Kepler-1942,0.8364,10.0,-0.3796,521.8197,10,842.4,-0.5,upper_boundary,high,False
Kepler-831,0.9455,9.1201,0.1429,352.8518,10,591.48,0.02,ok,high,False
Kepler-616,0.9727,0.0316,0.1102,469.9911,10,928.75,-0.02,lower_boundary,high,False
Kepler-1115,1.4636,1.8621,-0.6082,163.0895,10,1020.51,-0.51,ok,high,False
Kepler-485,0.9727,10.0,0.1755,542.378,10,1157.51,0.04,upper_boundary,high,False
Kepler-1867,0.9455,9.5499,-0.1184,272.7161,10,667.45,-0.24,ok,high,False
Kepler-579,0.9182,3.2359,0.2735,323.5886,10,521.63,0.13,ok,high,False
Kepler-163,0.9455,0.0316,0.1755,291.8379,10,667.94,0.1412,lower_boundary,high,False
Kepler-935,0.7818,0.0316,0.0122,269.5049,10,478.66,-0.01,lower_boundary,high,False
Kepler-490,1.0273,9.7724,0.1102,506.9848,10,1526.27,-0.02,ok,high,False
Kepler-1467,0.8636,0.0316,0.0449,670.0958,10,843.8,-0.07,lower_boundary,high,False
Kepler-830,1.0273,9.7532,0.0127,622.7142,10,1781.03,-0.02,ok,high,False
Kepler-1207,1.2182,5.4954,0.1755,408.2755,10,1646.4,0.05,ok,high,False
Kepler-1992,0.9182,10.0,0.1429,216.0435,10,528.6,0.0,upper_boundary,high,False
Kepler-855,1.0273,10.0,0.2082,642.8102,10,1458.84,0.06,upper_boundary,high,False
Kepler-1277,0.9182,0.0316,0.1102,339.2609,10,548.95,-0.01,lower_boundary,high,False
Kepler-499,0.8909,0.0316,0.0776,516.1695,10,546.84,0.0,lower_boundary,high,False
Kepler-142,0.9727,9.7724,0.1755,249.7491,10,551.08,0.05,ok,high,False
Kepler-1830,1.1909,6.3096,0.3714,376.4097,10,1053.11,0.24,ok,high,False
Kepler-1051,1.0273,8.7096,-0.0531,267.0657,10,826.26,0.04,ok,high,False
Kepler-1801,0.9182,0.0316,0.0776,570.2666,10,841.14,-0.06,lower_boundary,high,False
Kepler-1980,1.0273,10.0,0.2735,927.5276,10,1627.15,0.14,upper_boundary,high,False
Kepler-1618,1.1091,6.7608,-0.0531,344.8218,10,1174.36,0.04,ok,high,False
Kepler-1036,0.9182,0.0316,0.0776,217.6902,10,484.79,0.04,lower_boundary,high,False
Kepler-576,0.9455,0.0316,0.2082,345.1498,10,615.2,0.09,lower_boundary,high,False
Kepler-624,1.0,9.5499,0.0776,275.134,10,751.53,-0.06,ok,high,False
Kepler-1021,0.8909,0.0316,0.0776,554.2611,10,801.59,-0.05,lower_boundary,high,False
Kepler-1717,1.0818,7.2444,-0.0531,255.4114,10,988.66,-0.06,ok,high,False
Kepler-793,0.9727,9.5499,0.1429,558.7936,10,915.78,0.0,ok,high,False
Kepler-197,0.9182,9.3325,-0.3143,104.358,10,336.59,-0.441,ok,high,False
Kepler-345,0.891,0.0316,0.3405,200.8467,10,360.27,0.1905,lower_boundary,high,False
Kepler-1255,1.0273,9.5499,0.1429,660.7959,10,1617.04,0.02,ok,high,False
Kepler-1086,0.7,0.0365,-0.0857,291.3752,10,464.66,0.06,ok,high,False
Kepler-487,0.9455,0.0316,0.1429,602.4781,10,886.29,0.0,lower_boundary,high,False
Kepler-300,1.0273,9.7724,0.1755,477.8811,10,1064.67,0.04,ok,high,False
Kepler-47,0.8909,9.3325,-0.1184,772.4574,10,1018.36,-0.25,ok,high,False
Kepler-964,0.8909,0.0365,0.1755,265.8415,10,448.41,0.03,ok,high,False
Kepler-1831,0.9455,10.0,0.2082,879.2641,10,1094.97,0.07,upper_boundary,high,False
Kepler-61,0.7,0.0316,-0.0531,287.3583,10,338.89,0.03,lower_boundary,high,False
Kepler-493,1.0545,9.7724,0.2408,690.2888,10,1602.07,0.11,ok,high,False
Kepler-1145,0.8091,0.0316,0.0122,541.5943,10,688.31,-0.13,lower_boundary,high,False
Kepler-962,0.8909,0.0365,0.1429,137.7094,10,409.14,0.01,ok,high,False
Kepler-908,1.0273,9.5499,0.2735,2.0978,10,294.31,0.15,ok,ok,True
Kepler-1603,1.1364,7.5836,0.2082,708.2319,10,2563.18,0.07,ok,high,False
Kepler-1052,0.9182,10.0,0.1429,490.149,10,921.63,0.0,upper_boundary,high,False
Kepler-1427,1.4636,3.2359,0.1755,523.9793,10,5824.18,0.06,ok,high,False
Kepler-1281,0.9727,9.7724,0.0776,914.858,10,1505.65,-0.04,ok,high,False
Kepler-819,0.8636,0.0316,0.0776,635.3901,10,670.61,-0.06,lower_boundary,high,False
Kepler-1382,1.3,4.6774,0.4367,137.5276,10,826.33,0.3,ok,high,False
WASP-194,1.0818,6.166,-0.0857,58.0079,10,474.81,0.0,ok,high,False
Kepler-870,0.9455,10.0,0.0776,650.1563,10,1295.83,-0.01,upper_boundary,high,False
Kepler-508,1.0818,5.7544,0.1429,18.8986,10,326.59,0.18,ok,high,False
Kepler-1483,1.0273,9.3325,0.1755,446.9978,10,1172.67,0.04,ok,high,False
Kepler-218,0.9727,9.7724,0.502,266.7738,10,659.11,0.37,ok,high,False
Kepler-872,0.9455,0.0316,0.1755,606.0456,10,868.7,0.04,lower_boundary,high,False
Kepler-419,1.2727,4.5709,0.2408,169.8696,10,988.18,0.176,ok,high,False
Kepler-377,1.0,9.5499,0.1755,337.1095,10,816.05,0.05,ok,high,False
Kepler-1625,1.0545,9.5499,0.1429,808.7056,10,2073.74,0.01,ok,high,False
Kepler-581,0.9455,0.0316,0.1755,511.1734,10,685.98,0.03,lower_boundary,high,False
Kepler-678,1.0818,8.9125,0.1755,444.3097,10,1842.54,0.07,ok,high,False
Kepler-1754,0.8091,0.0316,0.2082,683.6033,10,687.86,0.08,lower_boundary,high,False
Kepler-1283,1.3545,3.8019,0.1429,653.789,10,2640.4,0.04,ok,high,False
Kepler-1111,0.9727,0.0316,0.1429,474.3002,10,867.44,0.02,lower_boundary,high,False
Kepler-644,1.1364,6.7608,0.1429,9.7201,10,1300.36,0.08,ok,ok,True
Kepler-1125,1.0818,8.1283,0.0449,565.9034,10,1680.61,-0.09,ok,high,False
Kepler-1638,1.0273,10.0,0.0776,496.2187,10,1483.72,-0.01,upper_boundary,high,False
Kepler-450,1.1909,5.7544,0.2408,55.1033,10,470.83,0.1278,ok,high,False
Kepler-1487,1.1636,6.7608,0.3714,338.4937,10,1002.21,0.4,ok,high,False
Kepler-1098,0.9455,10.0,0.0776,491.6025,10,1032.3,-0.02,upper_boundary,high,False
Kepler-888,0.8909,8.7096,-0.0857,159.1848,10,418.52,-0.21,ok,high,False
Kepler-1432,1.0273,10.0,0.0776,647.4201,10,2031.8,0.02,upper_boundary,high,False
Kepler-719,1.0818,8.5114,0.1102,998.8494,10,2304.64,-0.02,ok,high,False
Kepler-1434,1.4909,3.0903,0.2735,59.4424,10,771.92,0.19,ok,high,False
Kepler-667,1.0545,10.0,0.2082,549.7808,10,2119.76,0.15,upper_boundary,high,False
Kepler-199,0.9727,0.0316,0.1429,324.0551,10,519.89,0.0,lower_boundary,high,False
Kepler-1608,1.0273,9.1201,-0.1184,818.9472,10,4533.13,-0.24,ok,high,False
Kepler-1134,0.8636,0.0316,0.0449,784.4093,10,954.82,-0.1,lower_boundary,high,False
Kepler-180,0.9727,0.0316,0.1755,310.6743,10,687.1,0.03,lower_boundary,high,False
Kepler-743,0.9182,0.0316,0.0776,80.5015,10,279.62,0.01,lower_boundary,high,False
Kepler-1696,0.9727,10.0,0.0449,814.2708,10,1574.12,-0.04,upper_boundary,high,False
Kepler-860,0.9455,0.0316,0.2082,587.9564,10,996.37,0.09,lower_boundary,high,False
Kepler-252,0.6727,0.0365,-0.249,246.1387,10,377.31,-0.13,ok,high,False
Kepler-1894,0.9182,0.0316,0.1429,706.3666,10,909.32,0.0,lower_boundary,high,False
KOI-134,1.1909,6.3096,0.4041,265.2763,10,1114.4,0.427,ok,high,False
Kepler-1260,1.0818,8.3176,0.1102,0.8744,6,1785.21,0.01,ok,ok,True
Kepler-516,1.2182,4.3652,-0.1184,182.8068,10,687.5,0.01,ok,high,False
Kepler-1236,0.8636,0.0316,0.0449,892.7083,10,1030.33,-0.09,lower_boundary,high,False
Kepler-1237,0.9182,0.0316,0.1755,647.8117,10,1051.97,0.12,lower_boundary,high,False
Kepler-466,1.0,9.5499,0.1102,124.8987,10,523.19,-0.01,ok,high,False
Kepler-713,0.9182,10.0,0.1102,560.7739,10,1050.52,-0.03,upper_boundary,high,False
Kepler-1131,0.9455,10.0,0.1755,609.6949,10,1057.07,0.05,upper_boundary,high,False
Kepler-1090,0.9727,0.0316,0.2735,423.528,10,870.65,0.18,lower_boundary,high,False
Kepler-528,0.9727,10.0,0.1429,365.9653,10,771.83,0.02,upper_boundary,high,False
Kepler-1405,0.9455,10.0,0.1755,1000.334,10,1399.1,0.03,upper_boundary,high,False
Kepler-1490,0.8636,0.0316,-0.0204,713.2435,10,887.22,-0.08,lower_boundary,high,False
Kepler-379,1.0,10.0,0.1429,249.5415,10,706.59,0.09,upper_boundary,high,False
Kepler-1353,0.7818,0.0316,0.0776,495.9287,10,597.31,-0.06,lower_boundary,high,False
WASP-67,0.8909,0.0316,0.0776,105.7839,10,188.4,-0.07,lower_boundary,high,False
Kepler-292,0.8909,0.0316,0.1429,730.8737,10,1057.29,0.04,lower_boundary,high,False
Kepler-308,0.9182,10.0,0.0776,960.8955,10,1318.16,-0.04,upper_boundary,high,False
Kepler-1551,1.0,10.0,0.0776,812.7364,10,1525.3,0.01,upper_boundary,high,False
Kepler-1785,0.9182,10.0,0.1102,314.6802,10,732.98,0.0,upper_boundary,high,False
Kepler-879,0.9455,10.0,0.1755,333.9391,10,793.62,0.05,upper_boundary,high,False
Kepler-328,1.0545,9.7724,0.1755,909.559,10,2300.9,0.08,ok,high,False
Kepler-232,0.9727,10.0,0.1755,814.9075,10,1327.52,0.03,upper_boundary,high,False
Kepler-1315,0.8091,0.0316,0.1755,383.4802,10,478.05,0.07,lower_boundary,high,False
Kepler-1987,0.7273,8.5114,0.0776,0.3131,6,597.55,0.12,ok,ok,True
Kepler-972,0.9727,10.0,0.1755,519.4946,10,1169.84,0.04,upper_boundary,high,False
Kepler-1861,1.0545,9.1201,0.4041,245.3124,10,808.02,0.26,ok,high,False
Kepler-954,0.7818,0.0422,0.0776,76.4845,10,214.79,0.02,ok,high,False
Kepler-1180,1.0273,10.0,0.1102,573.8987,10,1619.76,0.0,upper_boundary,high,False
Kepler-1610,0.8364,0.0316,0.0449,655.5693,10,867.5,-0.1,lower_boundary,high,False
Kepler-1007,0.8636,0.0316,0.1429,274.8043,10,506.01,0.03,lower_boundary,high,False
Kepler-1856,0.9455,0.0316,0.2735,594.2746,10,833.49,0.14,lower_boundary,high,False
Kepler-784,1.4364,3.0903,0.0449,153.8067,10,1287.45,0.1,ok,high,False
Kepler-832,0.9727,10.0,0.0449,853.2188,10,1785.7,-0.08,upper_boundary,high,False
Kepler-340,1.4091,2.138,-0.0531,165.016,10,847.01,0.06,ok,high,False
Kepler-1206,0.8364,0.0316,0.2082,659.1459,10,772.79,0.07,lower_boundary,high,False
Kepler-119,0.9727,0.0316,0.1429,321.687,10,690.26,0.01,lower_boundary,high,False
Kepler-1475,1.0,10.0,0.1429,786.1397,10,1528.75,0.03,upper_boundary,high,False
Kepler-500,0.9455,10.0,0.1429,1.6036,6,805.55,0.03,upper_boundary,ok,False
Kepler-789,1.0273,9.5499,0.0122,436.1741,10,1466.36,-0.06,ok,high,False
Kepler-1533,1.1091,6.7608,-0.0531,172.8066,10,964.13,0.03,ok,high,False
Kepler-452,0.9727,9.7724,0.3388,181.485,10,546.39,0.21,ok,high,False
TOI-1064,0.7818,1.6982,0.1755,0.6847,10,68.53,0.05,ok,ok,True
Kepler-806,1.0273,10.0,0.1429,31.6756,10,363.48,0.0,upper_boundary,high,False
Kepler-1404,0.8636,0.0316,-0.0204,707.3322,10,964.23,-0.09,lower_boundary,high,False
Kepler-679,0.8636,0.0316,0.0449,584.6521,10,874.84,-0.09,lower_boundary,high,False
Kepler-1959,0.8364,0.0316,0.0776,350.2339,10,487.32,-0.02,lower_boundary,high,False
Kepler-602,1.0,10.0,0.1102,489.1158,10,1122.65,-0.02,upper_boundary,high,False
Kepler-640,1.0,0.0316,0.2735,242.1618,10,543.48,0.15,lower_boundary,high,False
Kepler-1108,0.8909,0.0316,0.0122,566.1683,10,756.26,-0.09,lower_boundary,high,False
Kepler-910,1.1091,6.7608,0.1102,29.6023,10,394.1,0.12,ok,high,False
Kepler-1523,0.9455,0.0316,0.1102,438.4576,10,859.39,0.0,lower_boundary,high,False
Kepler-1607,1.1909,5.7544,0.0776,223.0535,10,1267.29,0.05,ok,high,False
Kepler-255,0.9727,0.0316,0.4041,930.8337,10,1023.88,0.3386,lower_boundary,high,False
Kepler-335,1.1909,6.4565,0.4041,321.6769,10,1224.72,0.278,ok,high,False
Kepler-1257,0.9182,0.0316,0.0449,922.8281,10,1058.05,-0.09,lower_boundary,high,False
Kepler-817,0.9727,9.5499,0.1429,965.8861,10,1413.33,0.02,ok,high,False
Kepler-1947,0.8909,9.1201,-0.3143,227.5213,10,464.66,-0.44,ok,high,False
Kepler-1502,1.1909,5.6234,0.0776,397.1833,10,1547.71,0.05,ok,high,False
Kepler-80,0.7,9.5499,0.0776,4.0799,10,370.88,0.04,ok,ok,True
Kepler-1724,0.9182,10.0,-0.0857,640.5653,10,1051.67,-0.22,upper_boundary,high,False
Kepler-1738,0.9182,10.0,0.1102,664.5036,10,1252.93,-0.02,upper_boundary,high,False
Kepler-396,0.9455,5.8884,0.2082,13.9299,10,225.45,0.1558,ok,high,False
Kepler-181,0.8636,0.0316,0.0776,356.8961,10,600.66,-0.04,lower_boundary,high,False
Kepler-1585,0.8909,0.0316,0.2082,600.5214,10,994.84,0.08,lower_boundary,high,False
Kepler-900,0.7818,0.0316,0.0122,387.7866,10,482.34,-0.01,lower_boundary,high,False
Kepler-525,1.1364,6.9183,0.0776,160.2264,10,1006.32,0.11,ok,high,False
Kepler-1685,0.9727,0.0316,0.3388,962.5904,10,1165.34,0.21,lower_boundary,high,False
Kepler-1497,1.1909,6.166,0.1429,752.2115,10,3063.25,0.01,ok,high,False
Kepler-15,1.0273,9.7724,0.502,331.2653,10,744.51,0.36,ok,high,False
Kepler-1420,0.8636,0.0316,0.0449,868.6477,10,1017.35,-0.1,lower_boundary,high,False
Kepler-676,0.5364,0.0316,-0.0531,301.5955,10,295.39,-0.02,lower_boundary,high,False
Kepler-1326,1.2455,2.5704,0.0122,0.0161,6,736.09,0.02,ok,ok,True
Kepler-1061,0.9455,9.7724,0.1102,176.4582,10,534.77,-0.03,ok,high,False
Kepler-1739,0.8091,10.0,-0.3796,546.0382,10,771.44,-0.5,upper_boundary,high,False
Kepler-1340,0.9727,9.1201,0.2082,531.4127,10,994.28,0.07,ok,high,False
Kepler-818,0.9455,0.0316,0.0449,637.2932,10,928.05,-0.08,lower_boundary,high,False
HIP 97166,0.8909,4.2658,0.2408,0.8898,10,65.98,0.248,ok,ok,True
Kepler-1886,0.8636,0.0316,-0.151,0.6394,6,1073.22,-0.2,lower_boundary,ok,False
Kepler-1336,1.0525,9.5498,0.1436,275.3837,10,1116.53,0.05,ok,high,False
Kepler-228,1.0,9.5499,0.3061,778.9692,10,1534.53,0.18,ok,high,False
Kepler-1375,1.3273,3.8019,0.0776,257.0929,10,1422.21,0.09,ok,high,False
Kepler-394,0.8909,10.0,-0.151,510.7497,10,1028.04,-0.3,upper_boundary,high,False
Kepler-1182,1.0,9.5499,0.1429,612.0308,10,1466.44,0.01,ok,high,False
Kepler-843,0.9455,10.0,0.1755,205.5434,10,1197.62,0.05,upper_boundary,high,False
Kepler-1037,0.8636,0.0316,0.1102,316.0365,10,445.86,-0.03,lower_boundary,high,False
Kepler-1927,1.2182,5.2481,0.1102,182.4463,10,1021.92,0.14,ok,high,False
Kepler-58,0.9455,9.3325,0.2408,537.6621,10,958.32,0.1,ok,high,False
Kepler-1641,0.9727,9.3325,0.1102,472.5184,10,868.95,-0.02,ok,high,False
Kepler-233,0.8636,0.0316,0.0122,524.8134,10,837.75,-0.09,lower_boundary,high,False
Kepler-1226,1.0,10.0,-0.0204,347.3429,10,1125.47,-0.08,upper_boundary,high,False
Kepler-590,1.0818,8.9125,0.2082,426.6904,10,1388.26,0.07,ok,high,False
Kepler-1289,0.9727,10.0,0.1102,483.9924,10,1059.42,0.02,upper_boundary,high,False
Kepler-731,0.9455,9.7724,0.1755,0.5231,6,1296.24,0.04,ok,ok,True
Kepler-1462,0.9182,0.0316,0.2082,815.6422,10,1007.78,0.06,lower_boundary,high,False
Kepler-873,1.0,9.7724,0.2082,592.6173,10,1199.76,0.07,ok,high,False
Kepler-1935,0.9455,9.5499,-0.0531,570.8918,10,896.17,-0.18,ok,high,False
Kepler-554,0.9182,10.0,0.2735,401.5205,10,688.74,0.14,upper_boundary,high,False
Kepler-534,1.0,10.0,0.1429,269.3169,10,606.09,0.01,upper_boundary,high,False
Kepler-34,1.0818,8.3176,0.0776,397.5686,10,1725.53,-0.07,ok,high,False
Kepler-1857,0.8909,8.7096,-0.4449,618.3771,10,815.53,-0.54,ok,high,False
Kepler-1080,1.3273,3.6308,-0.0204,220.274,10,1360.42,0.09,ok,high,False
Kepler-136,1.0545,8.5114,0.0776,95.6256,10,424.56,0.0002,ok,high,False
Kepler-51,0.9455,0.0316,0.1429,542.1542,10,785.12,0.05,lower_boundary,high,False
Kepler-246,0.8364,0.0365,0.1755,376.0264,10,618.29,0.2,ok,high,False
Kepler-744,0.9455,0.0316,0.1429,222.9508,10,456.0,0.0,lower_boundary,high,False
Kepler-193,0.9727,9.7724,0.1429,556.8605,10,1015.93,0.0,ok,high,False
Kepler-1626,1.0545,8.7096,0.0449,417.0843,10,1366.23,0.04,ok,high,False
Kepler-1944,0.9455,10.0,0.6,864.5485,10,1056.94,0.48,upper_boundary,high,False
Kepler-1611,1.4364,3.0903,0.0449,5.4585,10,2238.02,0.01,ok,ok,True
Kepler-1591,1.0273,10.0,0.1102,492.0234,10,1392.08,0.01,upper_boundary,high,False
Kepler-472,0.8636,0.0316,0.2735,209.3869,10,305.9,0.16,lower_boundary,high,False
Kepler-1008,0.7818,0.0316,-0.151,127.4192,10,281.59,-0.01,lower_boundary,high,False
Kepler-1232,0.8636,0.0316,0.0449,459.092,10,637.96,0.06,lower_boundary,high,False
Kepler-1228,0.7818,0.0316,-0.0857,373.3354,10,511.15,-0.18,lower_boundary,high,False
Kepler-1819,0.9727,10.0,0.3388,840.4362,10,1251.29,0.21,upper_boundary,high,False
Kepler-251,0.8909,1.2303,-0.0204,1.0468,6,880.9,-0.06,ok,ok,True
Kepler-535,1.0273,10.0,0.2408,164.6093,10,679.84,0.13,upper_boundary,high,False
Kepler-1963,0.8909,0.0316,0.0122,246.4282,10,488.34,-0.1,lower_boundary,high,False
Kepler-1847,0.9727,9.5499,-0.0531,1035.4868,10,1771.41,-0.18,ok,high,False
Kepler-1200,0.7273,0.0316,-0.0857,534.1181,10,594.85,0.04,lower_boundary,high,False
Kepler-810,0.9727,10.0,0.2408,1078.395,10,1462.98,0.1,upper_boundary,high,False
Kepler-1941,1.0273,9.7724,0.0776,560.9286,10,1455.28,-0.06,ok,high,False
Kepler-559,0.9455,0.0316,0.1755,9.3386,10,762.14,0.03,lower_boundary,ok,False
Kepler-221,0.8091,4.4668,-0.0531,2.787,10,378.22,0.0616,ok,ok,True
Kepler-1722,0.8909,0.0316,-0.0531,466.1316,10,753.96,-0.2,lower_boundary,high,False
Kepler-1519,1.0273,10.0,0.0776,523.5424,10,1473.56,-0.07,upper_boundary,high,False
Kepler-757,0.9727,10.0,0.1429,629.6986,10,1074.63,0.02,upper_boundary,high,False
HATS-35,1.0545,9.7724,0.3388,148.0549,10,525.34,0.21,ok,high,False
Kepler-1729,0.7273,0.0316,-0.151,448.0649,10,576.8,-0.06,lower_boundary,high,False
Kepler-1681,1.0,10.0,0.2408,522.1168,10,950.7,0.1064,upper_boundary,high,False
Kepler-1824,0.9727,10.0,0.3388,443.3495,10,1011.68,0.2,upper_boundary,high,False
Kepler-1820,0.9455,10.0,0.2082,1041.4664,10,1380.53,0.07,upper_boundary,high,False
Kepler-1150,0.7818,0.0365,0.1429,226.3183,10,356.47,0.01,ok,high,False
Kepler-1884,0.9727,9.5499,-0.0531,672.6773,10,1436.66,-0.2,ok,high,False
Kepler-963,0.9182,0.0316,0.1102,546.08,10,751.93,-0.02,lower_boundary,high,False
Kepler-1862,0.8636,10.0,-0.1184,1177.2891,10,1268.72,-0.24,upper_boundary,high,False
Kepler-998,1.0,9.7724,0.2082,370.1952,10,994.92,0.07,ok,high,False
Kepler-1046,1.0,10.0,0.1429,177.1187,10,635.76,0.0,upper_boundary,high,False
Kepler-171,1.0,0.0316,0.3061,506.3106,10,845.73,0.17,lower_boundary,high,False
Kepler-1875,0.8909,10.0,-0.4122,663.8822,10,1261.33,-0.5,upper_boundary,high,False
Kepler-361,1.0545,9.3325,0.1755,224.1035,10,927.7,0.04,ok,high,False
Kepler-1720,0.8364,0.0316,-0.0857,396.9052,10,617.43,-0.04,lower_boundary,high,False
Kepler-40,1.3818,3.4674,0.1102,492.6068,10,2093.97,0.1,ok,high,False
Kepler-482,0.7818,0.0316,-0.0857,104.5448,10,307.18,-0.13,lower_boundary,high,False
Kepler-1708,0.9727,10.0,0.1102,841.1172,10,1626.69,0.0,upper_boundary,high,False
Kepler-6,1.0273,9.5499,0.4694,223.937,10,574.98,0.34,ok,high,False
Kepler-564,0.9182,9.5499,0.1102,613.0463,10,856.63,-0.01,ok,high,False
Kepler-1755,0.9455,9.5499,-0.1184,573.5863,10,964.84,-0.26,ok,high,False
Kepler-1816,0.7273,0.0316,-0.3796,277.3195,10,440.9,-0.24,lower_boundary,high,False
Kepler-366,1.1909,5.7544,0.0776,533.775,10,1951.88,-0.06,ok,high,False
Kepler-1212,1.0,9.7724,0.1755,638.6505,10,1328.95,0.03,ok,high,False
Kepler-353,0.6455,0.0316,-0.0857,426.4554,10,383.16,-0.12,lower_boundary,high,False
Kepler-524,1.0273,10.0,0.1102,282.2791,10,1034.78,0.02,upper_boundary,high,False
Kepler-755,0.8636,0.0316,0.1102,226.3029,10,401.05,-0.01,lower_boundary,high,False
Kepler-631,1.0273,10.0,0.3388,247.2899,10,760.33,0.23,upper_boundary,high,False
Kepler-1249,1.0545,9.5499,0.1429,622.6218,10,1973.23,0.06,ok,high,False
Kepler-1532,0.9182,0.0316,0.0449,495.2348,10,804.48,-0.1,lower_boundary,high,False
Kepler-1561,0.9727,0.0316,0.1755,510.2234,10,816.18,0.04,lower_boundary,high,False
Kepler-932,0.8636,0.0316,0.0449,258.5094,10,464.43,-0.01,lower_boundary,high,False
Kepler-984,0.9182,5.8884,0.1429,2.3507,10,449.73,0.04,ok,ok,True
Kepler-39,1.0273,9.5499,0.2408,584.0582,10,1046.27,0.1,ok,high,False
Kepler-1112,1.0818,8.1283,0.0776,605.26,10,1651.55,0.04,ok,high,False
Kepler-112,0.8091,9.1201,-0.3796,230.0968,10,508.6,-0.5221,ok,high,False
Kepler-249,0.4273,0.0365,-0.3469,108.0809,10,190.03,-0.34,ok,high,False
Kepler-623,0.8909,0.0316,0.0776,574.2055,10,736.02,-0.03,lower_boundary,high,False
Kepler-1363,0.7818,0.0316,0.0449,523.1594,10,544.63,-0.09,lower_boundary,high,False
Kepler-123,1.0,9.5499,0.0449,502.2181,10,978.5,-0.08,ok,high,False
Kepler-670,0.9182,10.0,0.2082,601.0461,10,932.88,0.07,upper_boundary,high,False
Kepler-507,1.0273,9.1201,0.1755,115.731,10,386.01,0.06,ok,high,False
Kepler-1119,1.0545,9.5499,0.1429,611.1879,10,1721.06,0.03,ok,high,False
Kepler-1342,0.8909,0.0316,0.1102,507.3471,10,860.34,0.03,lower_boundary,high,False
Kepler-1783,0.8091,0.0316,-0.0857,81.2836,10,263.19,-0.16,lower_boundary,high,False
Kepler-665,0.8091,0.0316,0.1102,573.4349,10,601.42,-0.03,lower_boundary,high,False
Kepler-107,1.0545,9.7724,0.4041,97.3621,10,515.29,0.321,ok,high,False
Kepler-1983,0.7818,0.0422,0.0449,428.717,10,421.47,0.12,ok,high,False
KIC 9663113,1.4091,3.3113,0.1102,303.0438,10,1635.77,0.1436,ok,high,False
Kepler-734,1.0,10.0,-0.0204,516.9182,10,1143.08,-0.17,upper_boundary,high,False
Kepler-654,1.0273,10.0,0.0776,207.3794,10,952.45,0.04,upper_boundary,high,False
Kepler-96,0.9182,6.166,-0.0857,0.4228,10,122.87,0.04,ok,ok,True
Kepler-159,0.6727,9.1201,-0.0204,4.8713,10,369.7,-0.04,ok,ok,True
Kepler-1220,0.9455,0.0316,0.0776,481.5774,10,920.49,-0.04,lower_boundary,high,False
Kepler-1331,0.6727,1.0715,0.0449,413.7316,10,322.66,0.05,ok,high,False
Kepler-1680,0.7818,1.6218,-0.0857,194.1671,10,310.66,-0.07,ok,high,False
Kepler-203,0.9455,10.0,0.1755,312.4449,10,702.87,0.08,upper_boundary,high,False
Kepler-991,0.6455,5.3703,-0.1837,4.9964,10,390.9,-0.25,ok,ok,True
Kepler-11,0.9455,10.0,0.1755,247.1685,10,634.54,0.05,upper_boundary,high,False
Kepler-1543,1.0273,9.3325,0.0122,289.4082,10,942.66,0.07,ok,high,False
Kepler-1994,0.9455,9.3325,0.3061,27.5772,10,240.36,0.16,ok,high,False
Kepler-1889,0.9182,10.0,-0.151,842.1232,10,1371.86,-0.28,upper_boundary,high,False
Kepler-501,0.9727,10.0,0.1102,570.7898,10,1129.23,-0.03,upper_boundary,high,False
Kepler-797,1.0273,10.0,0.0776,431.4351,10,1269.99,-0.02,upper_boundary,high,False
Kepler-1642,0.8364,0.0316,0.0449,281.617,10,410.58,-0.01,lower_boundary,high,False
TOI-1181,1.4091,3.02,0.4041,0.8493,10,309.39,0.38,ok,ok,True
Kepler-1219,1.4636,3.1623,0.1755,53.2371,10,858.22,0.05,ok,high,False
Kepler-348,1.0,9.3325,-0.0204,232.2763,10,576.33,-0.03,ok,high,False
Kepler-655,1.0,10.0,0.1429,266.5076,10,748.53,0.0,upper_boundary,high,False
Kepler-966,1.0,10.0,0.1755,433.4622,10,1031.53,0.04,upper_boundary,high,False
Kepler-1716,0.7,8.9125,-0.151,3.7145,10,193.31,-0.24,ok,ok,True
Kepler-133,1.1091,8.3176,0.3061,91.9446,10,681.39,0.282,ok,high,False
Kepler-162,0.9727,10.0,0.2408,331.7489,10,833.14,0.1,upper_boundary,high,False
Kepler-1544,0.7818,0.0365,0.0449,194.9416,10,335.77,0.02,ok,high,False
Kepler-1822,0.7818,0.0316,-0.2816,63.4841,10,876.54,-0.32,lower_boundary,high,False
Kepler-367,0.7818,5.1286,0.3061,26.5033,10,186.14,0.1974,ok,high,False
Kepler-875,0.9182,10.0,0.1755,35.2271,10,1113.19,0.03,upper_boundary,high,False
Kepler-257,0.9182,0.0316,0.502,506.1934,10,767.4,0.4,lower_boundary,high,False
HAT-P-41,1.2182,5.1286,0.2408,9.4484,10,346.92,0.21,ok,ok,True
Kepler-1622,1.0273,9.3325,0.1755,189.3503,10,758.81,0.04,ok,high,False
KOI-94,1.0273,9.3325,0.1102,49.3068,10,471.03,0.0228,ok,high,False
Kepler-1305,0.9455,10.0,0.1429,909.637,10,1414.74,0.01,upper_boundary,high,False
Kepler-1668,0.9182,10.0,0.2082,0.2128,6,1388.93,0.07,upper_boundary,ok,False
Kepler-99,0.8091,0.0422,0.3061,51.5618,10,207.44,0.18,ok,high,False
Kepler-1004,1.2455,4.7863,0.0122,213.4661,10,1141.17,-0.04,ok,high,False
Kepler-1378,0.6182,9.5499,-0.0857,1.863,6,495.8,0.03,ok,ok,True
Kepler-1233,1.0,10.0,0.1429,646.9834,10,1179.3,0.02,upper_boundary,high,False
Kepler-852,1.3545,4.0738,0.3061,385.7011,10,1525.55,0.22,ok,high,False
Kepler-764,0.9455,0.0316,0.0776,829.9345,10,1011.75,-0.06,lower_boundary,high,False
TOI-1443,0.7545,0.0365,-0.3469,1.1811,10,85.66,-0.294,ok,ok,True
Kepler-1011,0.8909,0.0316,0.1755,513.9273,10,749.21,0.08,lower_boundary,high,False
Kepler-1527,1.043,9.7724,0.2082,572.8885,10,1592.81,0.07,ok,high,False
Kepler-1669,0.7,0.0316,-0.1184,537.2201,10,532.98,-0.2,lower_boundary,high,False
Kepler-1057,0.9727,0.0316,0.1429,703.3623,10,1183.8,0.01,lower_boundary,high,False
KOI-12,1.2727,3.3884,0.0776,34.6666,10,397.68,0.0815,ok,high,False
Kepler-711,0.8091,0.0316,0.0449,376.8007,10,622.53,-0.04,lower_boundary,high,False
Kepler-1215,0.9182,0.0316,0.0776,331.0391,10,654.68,0.01,lower_boundary,high,False
Kepler-289,0.9455,10.0,0.1755,431.9302,10,711.58,0.05,upper_boundary,high,False
Kepler-1154,1.0,9.7724,0.0449,0.1217,6,1493.32,0.04,ok,ok,True
Kepler-1645,1.0,10.0,0.1102,10.886,10,1173.09,0.04,upper_boundary,high,False
Kepler-1997,0.9727,10.0,0.0449,941.1929,10,1472.36,-0.06,upper_boundary,high,False
Kepler-899,0.9182,10.0,0.0776,716.8204,10,1214.32,-0.06,upper_boundary,high,False
Kepler-538,0.8364,8.9125,-0.151,1.1318,10,154.77,-0.09,ok,ok,True
Kepler-1229,0.5364,0.0316,-0.1837,292.9562,10,265.7,-0.06,lower_boundary,high,False
Kepler-582,0.8636,0.0316,0.1102,373.0951,10,607.84,0.01,lower_boundary,high,False
Kepler-1630,0.7,0.0316,-0.3796,143.2814,10,327.29,-0.46,lower_boundary,high,False
Kepler-309,0.8636,0.0316,0.4041,525.1267,10,543.71,0.27,lower_boundary,high,False
Kepler-1930,0.7818,9.7724,0.1429,37.8486,10,272.81,0.22,ok,high,False
Kepler-913,0.7818,0.0316,-0.3796,666.113,10,963.36,-0.52,lower_boundary,high,False
Kepler-1546,0.9182,0.0316,0.1429,539.5038,10,893.84,0.01,lower_boundary,high,False
Kepler-1621,1.0273,10.0,0.1755,631.6793,10,1542.39,0.03,upper_boundary,high,False
Kepler-433,1.3273,3.9811,0.1102,486.9707,10,1852.83,-0.01,ok,high,False
Kepler-1428,1.4909,3.2359,0.3061,203.9224,10,1508.27,0.35,ok,high,False
Kepler-526,1.0545,10.0,0.3061,151.7653,10,682.03,0.34,upper_boundary,high,False
Kepler-1800,0.9455,0.0316,0.2082,6.7044,10,352.61,0.08,lower_boundary,ok,False
Kepler-863,0.9727,10.0,0.1102,828.3521,10,1445.75,-0.03,upper_boundary,high,False
Kepler-567,0.8636,0.0316,0.1102,334.6599,10,559.57,0.0,lower_boundary,high,False
Kepler-550,0.8636,0.0316,0.1102,320.6466,10,521.61,-0.02,lower_boundary,high,False
HAT-P-11,0.8364,1.2882,0.4041,0.1882,6,37.81,0.31,ok,ok,True
Kepler-1436,1.3545,3.5481,0.0449,475.4949,10,2410.01,-0.01,ok,high,False
Kepler-115,0.9455,10.0,0.0449,218.9208,10,610.85,-0.0499,upper_boundary,high,False
Kepler-1092,0.9455,9.7724,0.0449,644.3308,10,974.72,-0.09,ok,high,False
Kepler-865,0.8909,0.0316,0.1102,365.103,10,579.02,-0.01,lower_boundary,high,False
Kepler-1650,0.2364,0.0365,-0.249,257.2579,10,133.37,-0.11,ok,high,False
Kepler-536,0.9455,0.0316,0.1429,208.2188,10,476.66,0.0,lower_boundary,high,False
Kepler-1757,0.8091,0.0316,-0.151,612.7581,10,798.88,-0.24,lower_boundary,high,False
Kepler-862,0.9455,0.0316,0.1755,658.5896,10,939.84,0.04,lower_boundary,high,False
Kepler-1121,1.0545,8.3176,0.0449,92.4458,10,483.58,0.12,ok,high,False
Kepler-307,0.9727,0.0316,0.3061,256.2977,10,574.36,0.19,lower_boundary,high,False
Kepler-1758,1.0545,10.0,0.2735,641.2757,10,1471.7,0.16,upper_boundary,high,False
Kepler-663,0.9182,0.0316,0.1755,763.5097,10,1028.09,0.03,lower_boundary,high,False
Kepler-1259,0.8909,0.0316,0.0776,739.4548,10,791.97,-0.07,lower_boundary,high,False
Kepler-32,0.5636,0.0365,-0.1184,271.1079,10,319.73,0.0,ok,high,False
Kepler-1238,1.0545,9.1201,0.1755,48.799,10,1591.09,0.05,ok,high,False
Kepler-87,0.9727,10.0,-0.0857,476.6099,10,1240.83,-0.17,upper_boundary,high,False
Kepler-1176,0.9182,0.0316,0.1102,575.6066,10,835.96,-0.01,lower_boundary,high,False
Kepler-990,0.9727,0.0316,0.1429,373.7184,10,787.02,0.01,lower_boundary,high,False
Kepler-1672,1.0,2.0417,-0.3469,312.557,10,392.63,-0.25,ok,high,False
Kepler-1383,1.0545,9.3325,0.1429,352.1017,10,1016.77,0.03,ok,high,False
Kepler-1666,0.9727,10.0,-0.0531,838.0798,10,1418.29,-0.2,upper_boundary,high,False
Kepler-1565,0.7273,8.9125,-0.0204,0.2072,6,625.26,-0.16,ok,ok,True
Kepler-1784,0.9455,0.0316,0.2408,47.6095,10,876.45,0.1,lower_boundary,high,False
Kepler-414,0.9727,0.0316,0.3061,136.7371,10,408.76,0.18,lower_boundary,high,False
Kepler-141,0.8909,0.0316,0.3061,207.4208,10,301.32,0.2643,lower_boundary,high,False
Kepler-1954,0.8909,10.0,-0.1184,939.051,10,1369.45,-0.24,upper_boundary,high,False
Kepler-1765,0.9182,0.0316,0.1102,489.9766,10,756.67,0.04,lower_boundary,high,False
Kepler-315,0.8636,10.0,-0.1837,719.8959,10,1112.95,-0.27,upper_boundary,high,False
Kepler-143,1.0,9.7724,0.1102,278.5209,10,800.15,-0.01,ok,high,False
Kepler-18,0.9727,0.0316,0.3388,173.7942,10,431.23,0.19,lower_boundary,high,False
Kepler-1923,2.7455,0.487,0.0122,342.8895,10,11352.9,0.16,ok,high,False
Kepler-1812,1.0,10.0,0.2408,656.6248,10,1430.54,0.1,upper_boundary,high,False
Kepler-1485,1.0,9.5499,0.1429,175.5936,10,610.36,0.02,ok,high,False
Kepler-568,0.5364,0.075,-0.0204,51.5929,10,130.54,0.11,ok,high,False
Kepler-912,1.0818,8.7096,0.1429,628.7243,10,2064.05,0.02,ok,high,False
Kepler-919,1.0,10.0,0.2082,575.0735,10,1141.37,0.07,upper_boundary,high,False
Kepler-1508,1.0273,10.0,0.0776,303.0068,10,1264.23,0.01,upper_boundary,high,False
Kepler-1647,1.1091,6.166,-0.1837,11.1933,10,1175.76,-0.14,ok,high,False
Kepler-918,0.9455,9.1201,0.2082,581.0532,10,988.74,0.06,ok,high,False
Kepler-1586,1.0,9.1201,0.2082,50.9624,10,556.19,0.06,ok,high,False
PH1,1.5455,2.8184,0.2408,256.1431,10,1910.42,0.21,ok,high,False
Kepler-125,0.5636,0.2054,-0.0204,4.3179,10,183.25,-0.14,ok,ok,True
Kepler-512,1.0273,9.1201,0.3388,153.199,10,470.72,0.22,ok,high,False
Kepler-313,1.1636,7.0795,0.3061,371.2151,10,1244.41,0.26,ok,high,False
Kepler-1167,0.8091,0.0316,0.0449,645.0191,10,812.69,-0.05,lower_boundary,high,False
Kepler-930,1.0,10.0,0.1429,8.1677,10,853.33,0.04,upper_boundary,ok,False
Kepler-223,1.0545,10.0,0.2408,579.4662,10,1922.38,0.1,upper_boundary,high,False
Kepler-1039,0.7818,0.0365,0.1429,178.9854,10,305.18,0.01,ok,high,False
Kepler-29,0.8091,0.0316,-0.3143,531.4046,10,875.27,-0.44,lower_boundary,high,False
KOI-1599,1.0,9.3325,0.2082,722.5436,10,1106.15,0.06,ok,high,False
Kepler-614,0.8364,0.0316,0.0122,462.3171,10,527.43,-0.07,lower_boundary,high,False
Kepler-17,0.9727,8.9125,0.4041,491.6398,10,695.77,0.26,ok,high,False
Kepler-312,1.1091,7.7625,0.1755,134.333,10,772.21,0.15,ok,high,False
Kepler-1893,0.9727,10.0,0.2735,622.668,10,1062.37,0.16,upper_boundary,high,False
Kepler-1189,0.9455,10.0,0.2082,417.8738,10,768.13,0.08,upper_boundary,high,False
Kepler-1683,0.9455,0.0316,0.3061,405.0625,10,728.95,0.16,lower_boundary,high,False
Kepler-666,1.0,10.0,0.1429,757.4471,10,1565.99,0.01,upper_boundary,high,False
Kepler-1759,0.7818,0.0316,-0.0531,289.1715,10,382.96,-0.02,lower_boundary,high,False
Kepler-929,1.0273,10.0,0.0776,467.7731,10,1298.28,-0.04,upper_boundary,high,False
Kepler-318,0.9727,9.1201,0.4694,278.4175,10,486.57,0.332,ok,high,False
Kepler-1677,1.0,10.0,0.2408,351.6435,10,744.01,0.108,upper_boundary,high,False
Kepler-965,0.9455,9.7724,0.0776,24.7207,10,574.35,0.03,ok,high,False
Kepler-553,0.9182,0.0316,0.2082,412.8478,10,731.48,0.152,lower_boundary,high,False
Kepler-911,1.2182,5.1286,0.1102,39.0618,10,562.3,0.03,ok,high,False
Kepler-1840,0.8364,0.0316,0.2735,393.4114,10,508.2,0.14,lower_boundary,high,False
Kepler-949,0.8364,0.0316,0.0776,396.8544,10,478.46,0.01,lower_boundary,high,False
Kepler-424,0.9455,10.0,0.5673,340.714,10,690.75,0.44,upper_boundary,high,False
Kepler-720,0.9182,10.0,0.1429,200.5847,10,1057.67,0.0,upper_boundary,high,False
Kepler-186,0.5091,0.0487,-0.3796,91.8384,10,176.55,-0.28,ok,high,False
Kepler-532,0.8091,9.7724,0.1429,191.5025,10,310.37,0.0,ok,high,False
Kepler-1390,0.9727,0.0316,0.1102,413.4794,10,730.17,-0.01,lower_boundary,high,False
Kepler-1416,1.0,9.7724,0.1755,376.8561,10,937.88,0.03,ok,high,False
Kepler-179,0.9182,0.0316,0.2408,378.0605,10,601.78,0.12,lower_boundary,high,False
Kepler-1309,0.8364,0.0316,0.1102,710.5654,10,799.46,-0.03,lower_boundary,high,False
Kepler-445,0.2364,0.1,0.1429,215.1295,10,122.16,0.27,ok,high,False
Kepler-521,1.2182,5.4954,0.3061,150.8203,10,828.67,0.25,ok,high,False
Kepler-1316,0.9727,9.7724,0.1755,61.3324,10,777.89,0.03,ok,high,False
Kepler-1066,0.9182,0.0316,0.1102,87.859,10,340.1,-0.03,lower_boundary,high,False
Kepler-1545,0.8909,0.0316,0.0776,738.5745,10,728.08,-0.06,lower_boundary,high,False
Kepler-463,0.8636,10.0,-0.1837,142.0143,10,392.51,-0.28,upper_boundary,high,False
Kepler-1252,0.9182,0.0316,0.1102,378.0713,10,648.86,0.03,lower_boundary,high,False
Kepler-1510,1.0273,10.0,0.0776,685.635,10,1661.09,0.04,upper_boundary,high,False
Kepler-1038,0.8636,0.0316,0.2082,392.3596,10,562.81,0.16,lower_boundary,high,False
Kepler-1838,1.0545,8.5114,0.0122,42.0913,10,448.51,0.04,ok,high,False
Kepler-917,0.9455,10.0,-0.249,938.3525,10,1716.97,-0.38,upper_boundary,high,False
Kepler-1161,0.7,0.0316,-0.2163,462.9045,10,556.98,-0.35,lower_boundary,high,False
Kepler-1892,0.8364,0.0316,-0.1184,751.3124,10,868.24,-0.22,lower_boundary,high,False
Kepler-471,1.1909,6.0256,0.2082,387.1671,10,1270.78,0.07,ok,high,False
Kepler-539,0.9182,8.3176,0.1102,67.3202,10,303.22,-0.01,ok,high,False
Kepler-272,0.9455,10.0,0.1755,488.746,10,898.51,0.04,upper_boundary,high,False
Kepler-382,0.9455,10.0,0.2082,551.5996,10,911.59,0.082,upper_boundary,high,False
Kepler-1967,0.8364,0.0365,0.3714,255.3593,10,248.21,0.32,ok,high,False
Kepler-48,0.9182,0.0316,0.2408,176.9096,10,307.05,0.17,lower_boundary,high,False
TOI-2194,0.6727,9.5499,-0.249,0.335,6,19.53,-0.372,ok,ok,True
Kepler-1876,1.0273,8.5114,-0.0204,13.0476,10,258.53,0.01,ok,high,False
Kepler-1267,0.9455,10.0,0.2082,1051.1096,10,1365.68,0.07,upper_boundary,high,False
Kepler-703,0.9182,10.0,0.1429,37.1957,10,1170.83,0.05,upper_boundary,high,False
Kepler-118,0.8636,5.0119,0.2735,378.1354,10,571.61,0.18,ok,high,False
Kepler-803,0.9727,9.3325,0.1429,362.0649,10,635.33,0.02,ok,high,False
Kepler-305,0.8636,0.0316,0.1755,556.4854,10,852.95,0.09,lower_boundary,high,False
Kepler-1114,0.8636,0.0316,0.0122,255.0602,10,416.24,-0.08,lower_boundary,high,False
Kepler-1770,0.9455,0.0316,0.2408,278.6377,10,581.16,0.1,lower_boundary,high,False
Kepler-329,0.6727,0.0316,-0.3143,431.7792,10,436.42,-0.44,lower_boundary,high,False
Kepler-1911,0.9182,9.1201,0.1429,93.2027,10,270.03,0.0,ok,high,False
Kepler-695,0.9455,0.0316,0.1102,797.6061,10,834.34,-0.01,lower_boundary,high,False
Kepler-519,0.8909,0.0316,0.1102,84.7526,10,245.65,0.01,lower_boundary,high,False
Kepler-1938,0.7,0.0316,-0.2816,397.0867,10,421.24,-0.22,lower_boundary,high,False
Kepler-1848,0.8364,0.0316,0.1102,204.631,10,308.7,0.0,lower_boundary,high,False
Kepler-5,1.1091,7.7625,0.1755,42.0549,10,875.61,0.04,ok,high,False
TOI-1899,0.6182,7.5858,0.1429,12.4086,10,127.95,0.28,ok,high,False
Kepler-399,1.0,10.0,0.2735,502.3588,10,890.32,0.14,upper_boundary,high,False
Kepler-1056,0.9727,9.7724,0.1429,421.3392,10,966.65,0.02,ok,high,False
Kepler-1955,1.0,10.0,0.2735,86.9126,10,441.59,0.14,upper_boundary,high,False
Kepler-718,0.9727,10.0,0.2082,786.8283,10,1234.23,0.06,upper_boundary,high,False
Kepler-1929,1.0271,8.7096,-0.1182,44.1672,10,505.32,-0.02,ok,high,False
TOI-6002,0.2091,0.1778,-0.249,0.2625,6,32.04,-0.18,ok,ok,True
Kepler-999,1.0273,8.9125,-0.0531,55.9576,10,547.39,0.05,ok,high,False
Kepler-1397,1.0549,9.3118,0.1103,269.728,10,1184.77,0.0,ok,high,False
Kepler-1990,1.0,9.3325,0.3388,146.8697,10,394.6,0.21,ok,high,False
Kepler-1091,0.9182,10.0,0.1102,569.0959,10,901.95,0.0,upper_boundary,high,False
Kepler-187,1.0273,10.0,0.0776,373.5999,10,1118.36,-0.04,upper_boundary,high,False
Kepler-462,1.3818,2.0893,-0.0857,93.5487,10,592.49,0.05,ok,high,False
Kepler-267,0.5364,0.1334,-0.151,3.2595,10,268.52,-0.18,ok,ok,True
Kepler-1832,0.7545,0.0316,-0.4122,397.1171,10,492.17,-0.54,lower_boundary,high,False
Kepler-1570,1.0273,10.0,0.0776,317.9994,10,917.68,-0.04,upper_boundary,high,False
Kepler-352,0.7818,0.0365,-0.1184,129.0791,10,249.31,-0.11,ok,high,False
Kepler-749,0.8091,0.0316,0.0122,617.0006,10,747.4,-0.11,lower_boundary,high,False
Kepler-548,0.8909,0.0316,0.0776,412.1686,10,754.97,0.0,lower_boundary,high,False
Kepler-1768,1.0,9.1201,0.2735,214.2468,10,630.13,0.14,ok,high,False
Kepler-1118,0.9727,0.0316,0.1429,677.034,10,893.47,0.0,lower_boundary,high,False
Kepler-44,1.0,10.0,0.2408,508.3755,10,1114.19,0.15,upper_boundary,high,False
Kepler-1815,0.9182,0.0316,0.0776,812.9082,10,934.72,-0.06,lower_boundary,high,False
HD 189733,0.7818,7.0795,-0.0531,0.0999,6,19.76,-0.02,ok,ok,True
Kepler-560,0.2636,0.0316,-0.5102,99.0868,10,109.02,-0.39,lower_boundary,high,False
Kepler-1802,0.7273,0.0316,-0.0857,304.975,4,634.75,0.0,lower_boundary,high,False
Kepler-1921,1.0818,7.0795,-0.1184,258.4069,10,879.09,0.02,ok,high,False
Kepler-1518,1.1091,7.7625,0.1755,334.7367,10,919.05,0.06,ok,high,False
Kepler-1360,1.3,4.3652,0.2082,274.748,10,1485.89,0.06,ok,high,False
Kepler-979,0.8636,0.0316,0.1102,381.2683,10,551.87,-0.02,lower_boundary,high,False
Kepler-1779,0.9455,9.5499,0.3061,538.2153,10,946.21,0.16,ok,high,False
Kepler-1643,0.8636,0.0316,0.1102,169.5287,10,340.23,-0.01,lower_boundary,high,False
Kepler-1593,0.7273,0.0316,-0.1184,553.0965,10,635.41,0.02,lower_boundary,high,False
Kepler-79,1.0,10.0,0.0449,282.8248,10,997.15,-0.0731,upper_boundary,high,False
HD 235088,0.7818,7.5858,-0.0857,2.8839,10,41.21,-0.02,ok,ok,True
Kepler-1794,0.7818,0.0365,0.1429,413.4374,10,560.5,0.02,ok,high,False
Kepler-1878,0.9182,10.0,-0.151,842.4008,10,1406.89,-0.26,upper_boundary,high,False
Kepler-106,0.9182,10.0,-0.0204,159.6861,10,439.14,-0.12,upper_boundary,high,False
Kepler-946,0.9455,10.0,0.0449,658.5903,10,1116.8,-0.09,upper_boundary,high,False
Kepler-1571,0.9727,9.7724,0.1755,373.6936,10,665.0,0.04,ok,high,False
Kepler-1915,0.9455,10.0,0.0776,1114.0594,10,1465.34,-0.06,upper_boundary,high,False
Kepler-1804,0.8091,0.0365,0.1429,211.8804,10,423.1,0.1,ok,high,False
Kepler-1796,0.9182,8.9125,-0.0204,544.8579,10,796.23,-0.16,ok,high,False
Kepler-1705,0.9455,9.1201,-0.0531,25.0254,6,1589.68,-0.2,ok,high,False
TOI-5799,0.3727,0.3162,-0.1184,7.214,6,27.85,0.01,ok,ok,True
Kepler-436,0.6727,0.0649,0.0122,70.6096,10,576.79,0.01,ok,high,False
HD 191939,0.8636,9.5499,-0.0204,1.7697,10,53.44,-0.15,ok,ok,True
TOI-2093,0.7,9.1201,0.0122,0.7957,10,82.39,-0.08,ok,ok,True
TOI-5542,0.9182,9.7724,-0.0857,142.0431,10,353.67,-0.21,ok,high,False
WASP-80,0.6182,6.4565,0.0122,0.5476,10,49.64,-0.13,ok,ok,True
HAT-P-34,1.3,2.6303,0.0776,18.3869,10,251.91,0.22,ok,high,False
Qatar-1,0.8364,0.0422,0.3061,21.9786,10,187.06,0.171,ok,high,False
WASP-81,0.9182,10.0,-0.2163,208.6809,10,398.94,-0.36,upper_boundary,high,False
TOI-3523 A,0.9715,9.7707,-0.2163,142.8825,10,603.67,-0.366,ok,high,False
WASP-74,1.2182,4.7863,0.3714,0.5569,10,148.75,0.39,ok,ok,True
KELT-21,1.4364,1.8197,-0.5102,32.6172,10,483.25,-0.405,ok,high,False
TOI-5795,0.8909,10.0,-0.151,22.4556,10,160.8,-0.27,upper_boundary,high,False
TOI-5800,0.7818,0.0365,-0.0857,0.9199,10,42.68,-0.04,ok,ok,True
WASP-68,1.0818,8.3176,0.1755,0.8469,10,228.37,0.22,ok,ok,True
TrES-5,0.9182,0.0316,0.2735,165.3605,10,358.57,0.2,lower_boundary,high,False
HAT-P-49,1.4909,1.9055,0.0776,9.2834,10,344.41,0.07,ok,ok,True
TOI-5261,1.1364,8.3176,0.3061,1021.8514,8,4635.32,0.254,ok,high,False
TOI-1444,0.9182,6.3096,0.1429,0.6103,10,125.12,0.146,ok,ok,True
Ross 176,0.5636,8.3176,-0.249,0.1093,6,46.45,-0.19,ok,ok,True
TIC 365102760,1.0818,8.9125,0.1429,27.5869,10,556.98,0.09,ok,high,False
WASP-110,0.8909,0.0316,-0.0204,191.9861,10,275.33,-0.15,lower_boundary,high,False
HAT-P-23,1.0,9.5499,0.2735,86.4748,10,362.72,0.15,ok,high,False
TOI-4487 A,1.1364,7.5858,0.3388,117.5641,10,477.21,0.216,ok,high,False
HD 332231,1.0545,5.6234,-0.0857,1.2874,10,80.47,0.043,ok,ok,True
GJ 1252,0.4273,0.3162,-0.0204,5.67,6,20.38,0.1,ok,ok,True
NGTS-25,0.9182,0.0316,0.1755,342.3695,10,514.81,0.12,lower_boundary,high,False
TOI-2207,1.1364,6.7608,0.2408,75.1533,10,370.49,0.181,ok,high,False
WASP-2,0.8909,0.0365,0.2408,1.3718,10,151.01,0.12,ok,ok,True
KELT-9,2.1182,0.6494,-0.0204,0.9867,10,206.18,-0.03,ok,ok,True
WASP-88,1.2727,3.8905,-0.0204,1.607,10,548.77,-0.08,ok,ok,True
TOI-1075,0.5636,4.5709,-0.1837,0.5064,10,61.42,-0.08,ok,ok,True
TIC 393818343,1.0,6.4565,0.1755,1.6428,10,93.94,0.318,ok,ok,True
TOI-6008,0.2364,0.6494,0.1755,18.9574,10,22.99,0.3,ok,high,False
WASP-7,1.2182,2.7542,-0.1184,0.2164,10,160.8,0.0,ok,ok,True
HATS-15,1.0273,9.5499,0.1429,617.9145,10,1098.31,0.0,ok,high,False
NGTS-21,0.7545,0.0316,-0.151,520.9562,10,572.45,-0.26,lower_boundary,high,False
GJ 806,0.3727,0.0649,-0.3796,0.5218,6,12.06,-0.28,ok,ok,True
AU Mic,0.6727,0.0422,0.1102,1.0991,6,9.71,0.23,ok,ok,True
WASP-182,1.0273,8.9125,0.4041,120.5966,10,325.26,0.27,ok,high,False
TOI-5882,1.2727,4.4668,0.1102,20.5938,10,412.9,0.18,ok,high,False
TOI-2196,0.9455,10.0,0.2408,155.8105,10,261.72,0.14,upper_boundary,high,False
SPECULOOS-3,0.1,0.3162,-0.0531,16.318,6,16.73,0.07,ok,high,False
HATS-62,0.9727,0.0316,0.2735,336.6716,10,510.0,0.133,lower_boundary,high,False
HATS-3,0.9727,9.7724,-0.1184,126.6366,10,414.88,-0.157,ok,high,False
TOI-1288,0.9182,8.9125,0.3061,0.7135,10,114.5,0.257,ok,ok,True
HATS-14,1.0,0.0316,0.4694,310.4645,10,503.85,0.33,lower_boundary,high,False
TOI-1408,1.3,2.3442,0.3061,0.4474,10,139.36,0.25,ok,ok,True
WASP-176,1.2182,5.1286,0.0776,173.9335,10,585.76,0.164,ok,high,False
TOI-2193 A,1.0,10.0,0.1755,132.8516,10,337.52,0.027,upper_boundary,high,False
TOI-5205,0.2636,0.0365,-0.0531,77.7204,10,86.83,0.0,ok,high,False
WASP-94 A,1.1909,4.5709,0.1429,1.7204,10,209.22,0.26,ok,ok,True
WASP-89,0.9182,0.0316,0.2735,148.0379,10,284.97,0.15,lower_boundary,high,False
KELT-16,1.0,8.7096,-0.151,71.2599,10,434.82,-0.002,ok,high,False
TOI-5210,1.0,9.7724,0.4694,33.8742,10,300.41,0.324,ok,high,False
WASP-133,1.0545,9.7724,0.4367,138.9084,10,545.05,0.29,ok,high,False
WASP-69,0.8364,8.3176,0.4694,1.0532,10,50.2,0.35,ok,ok,True
WASP-70 A,1.0,9.5499,0.1429,63.6689,10,228.31,-0.006,ok,high,False
WASP-90,1.2455,4.8978,0.2082,124.4536,10,469.88,0.11,ok,high,False
HAT-P-65,1.1091,8.3176,0.3061,238.1876,10,741.46,0.208,ok,high,False
TOI-4479,0.4,0.075,-0.1184,19.5574,10,80.3,0.0,ok,high,False
TOI-1431,1.6545,1.122,0.0449,0.8406,10,149.1,0.09,ok,ok,True
TOI-1448,0.4273,0.4217,0.2408,24.4031,10,73.4,0.37,ok,high,False
TOI-172,1.1091,7.4131,0.1102,0.9128,10,354.3,0.148,ok,ok,True
HATS-13,0.9182,0.0316,0.1755,300.5304,10,430.8,0.05,lower_boundary,high,False
MASCARA-1,1.7091,1.0965,0.0449,0.538,10,180.94,0.15,ok,ok,True
TOI-6034,0.4818,0.0866,-0.151,24.3867,10,117.06,-0.09,ok,high,False
WASP-46,0.8636,8.9125,-0.151,145.0965,10,368.23,-0.3,ok,high,False
TOI-2374,0.7818,0.0422,0.0449,54.6946,10,135.29,0.15,ok,high,False
HD 202772 A,1.6818,2.138,0.4367,1.3759,10,162.26,0.3,ok,ok,True
WASP-73,1.4364,3.1623,0.2082,5.1829,10,315.41,0.14,ok,ok,True
TOI-1278,0.5636,0.2054,-0.0531,12.3718,10,75.4,-0.01,ok,high,False
WASP-144,0.9727,0.0316,0.2735,139.2839,10,333.41,0.18,lower_boundary,high,False
WASP-145 A,0.7273,7.2444,0.0122,14.2093,10,90.93,-0.04,ok,high,False
TOI-5817,0.9727,9.1201,-0.1184,5.3923,10,80.14,-0.24,ok,ok,True
TOI-3568,0.7818,0.0316,-0.1184,46.4012,10,197.38,-0.01,lower_boundary,high,False
TOI-1420,0.9727,3.3884,0.4041,12.5532,10,201.88,0.28,ok,high,False
HAT-P-17,0.8636,8.5114,0.1429,0.9285,10,92.16,0.0,ok,ok,True
TOI-1333,1.3545,2.7542,0.0122,1.6933,6,195.39,0.119,ok,ok,True
HD 207897,0.8091,2.7542,-0.0857,0.0187,6,28.26,-0.03,ok,ok,True
TOI-4155,0.9727,6.7608,0.2408,26.0207,10,237.26,0.11,ok,high,False
TOI-1759,0.6455,0.154,0.1429,0.5245,10,40.08,0.05,ok,ok,True
BD+05 4868 A,0.7273,0.0365,-0.151,5.4021,10,43.54,-0.05,ok,ok,True
WASP-114,1.0273,10.0,0.2408,324.7402,10,502.65,0.14,upper_boundary,high,False
WASP-154,0.8636,0.0365,0.3061,73.175,10,224.86,0.2,ok,high,False
NGTS-14 A,0.9182,0.0316,0.2082,213.3325,10,316.48,0.1,lower_boundary,high,False
HD 207496,0.8364,0.3652,0.1755,0.1785,6,23.64,0.095,ok,ok,True
TOI-3540 A,1.0273,10.0,0.3061,59.3713,10,274.91,0.176,upper_boundary,high,False
NGTS-8,0.9727,0.0316,0.3388,245.8576,10,423.67,0.24,lower_boundary,high,False
TOI-4329,1.3,4.6774,0.2735,22.7963,10,686.84,0.29,ok,high,False
K2-369,0.8909,5.4954,-0.1837,0.76,10,189.14,-0.234,ok,ok,True
HD 209458,1.0273,5.4954,-0.0857,1.5618,10,48.07,0.01,ok,ok,True
TOI-6324,0.2909,0.1778,-0.2163,2.7791,6,20.56,-0.32,ok,ok,True
TOI-2031 A,0.9455,8.3176,-0.3469,11.1432,10,276.5,-0.24,ok,high,False
WASP-47,1.0,8.5114,0.5673,54.8906,10,267.25,0.43,ok,high,False
EPIC 206024342,0.8909,0.0316,-0.0857,344.655,10,361.75,-0.22,lower_boundary,high,False
TOI-6255,0.2909,0.0649,-0.2816,0.4317,6,20.38,-0.14,ok,ok,True
TOI-3593,0.9727,0.0316,0.3061,26.8329,10,224.64,0.384,lower_boundary,high,False
K2-66,1.0545,8.3176,-0.0204,80.4791,10,500.87,-0.047,ok,high,False
K2-171,1.0273,9.7724,0.0158,69.0842,10,592.58,-0.09,ok,high,False
TOI-2285,0.4545,0.1334,-0.1184,7.2877,10,42.47,-0.05,ok,ok,True
K2-368,0.7,0.0422,-0.2163,242.0453,10,205.84,-0.25,ok,high,False
WASP-124,0.9727,10.0,0.0776,185.6833,10,469.57,-0.02,upper_boundary,high,False
K2-168,0.9182,0.0316,0.0122,91.8764,10,243.66,-0.13,lower_boundary,high,False
K2-55,0.7273,0.0562,0.3061,118.7382,10,157.83,0.376,ok,high,False
K2-58,0.8091,9.7724,0.1429,26.5264,10,181.3,0.11,ok,high,False
K2-68,0.7,0.0487,-0.1837,105.1357,10,168.89,-0.21,ok,high,False
K2-62,0.7,0.0649,0.0449,38.4091,10,112.28,-0.1,ok,high,False
TOI-1386,0.9727,6.3096,0.0776,0.2191,10,147.8,0.149,ok,ok,True
WASP-177,0.8636,5.0119,0.2735,101.5428,10,171.26,0.25,ok,high,False
TOI-1410,0.7818,4.3652,0.4041,0.6096,10,72.45,0.328,ok,ok,True
K2-73,0.9727,8.9125,0.1755,55.752,10,271.45,0.04,ok,high,False
EPIC 206215704,0.1545,0.0487,-0.3469,368.6958,10,110.26,-0.33,ok,high,False
K2-172,0.8364,8.9125,-0.0857,3.6926,10,247.23,-0.06,ok,ok,True
TOI-4153,1.1909,5.8884,0.4041,46.3621,10,419.04,0.317,ok,high,False
K2-170,0.9455,9.1201,0.0122,177.7587,10,389.56,-0.11,ok,high,False
HAT-P-40,1.2727,4.4668,0.1102,78.6752,10,476.47,0.22,ok,high,False
K2-28,0.3455,0.2054,0.1429,1.4726,6,62.8,0.26,ok,ok,True
K2-116,0.7,0.0649,0.0776,0.8062,10,49.76,0.01,ok,ok,True
TOI-139,0.6455,0.0649,-0.1837,0.564,10,42.37,-0.238,ok,ok,True
K2-167,0.9727,7.9433,-0.3796,0.6923,10,80.27,-0.456,ok,ok,True
K2-169,0.9182,9.3325,0.3388,40.9675,10,232.75,0.26,ok,high,False
WASP-95,1.0,8.5114,0.1102,0.6539,10,137.74,0.14,ok,ok,True
TOI-1052,1.1364,4.1687,0.1102,0.9901,10,129.0,0.14,ok,ok,True
EPIC 206042996,0.7,0.0316,0.0776,648.2975,10,457.73,0.006,lower_boundary,high,False
EPIC 206317286,0.8364,0.0316,0.1429,224.1954,10,316.27,0.019,lower_boundary,high,False
K2-367,0.6182,0.0422,-0.4449,104.8316,10,177.39,-0.351,ok,high,False
K2-54,0.6182,9.3325,0.0122,0.2793,6,172.85,-0.02,ok,ok,True
K2-39,1.1909,6.6069,0.3061,0.5942,10,305.69,0.32,ok,ok,True
TOI-132,0.9182,6.0256,0.2082,0.9997,10,163.66,0.16,ok,ok,True
K2-70,0.8091,9.7724,0.1429,100.2196,10,237.25,0.06,ok,high,False
K2-60,1.0,10.0,0.1429,145.7006,10,475.17,0.01,upper_boundary,high,False
K2-75,1.0545,9.5499,0.2408,171.078,10,578.09,0.3,ok,high,False
HD 213885,0.9455,9.7724,0.0122,2.8184,10,47.73,-0.04,ok,ok,True
HATS-72,0.7545,0.0487,0.1755,1.1851,10,126.46,0.099,ok,ok,True
TOI-6130,1.0273,8.7096,0.3388,86.599,10,218.15,0.28,ok,high,False
K2-61,0.9455,9.1201,0.1755,241.8246,10,410.58,0.03,ok,high,False
K2-74,0.9182,9.7724,-0.0857,240.4685,10,375.04,-0.21,ok,high,False
TOI-1516,1.1364,3.02,-0.0857,0.4697,10,245.82,-0.05,ok,ok,True
K2-21,0.6182,5.4954,-0.0857,0.7674,10,83.5,-0.11,ok,ok,True
HATS-60,1.0545,8.9125,0.4367,1.9085,10,476.62,0.335,ok,ok,True
K2-265,0.9455,0.0316,0.1429,9.0426,10,139.04,0.033,lower_boundary,ok,False
WASP-75,1.0545,7.9433,0.2082,33.0386,10,295.77,0.07,ok,high,False
K2-57,0.7273,0.0316,0.0122,272.3276,10,262.02,0.08,lower_boundary,high,False
HAT-P-8,1.0818,6.3096,-0.0857,0.4925,10,213.33,0.01,ok,ok,True
HIP 113103,0.7273,0.0487,-0.1184,1.7973,10,46.19,-0.1,ok,ok,True
HAT-P-1,0.9727,10.0,0.0449,5.6931,10,159.61,0.13,upper_boundary,ok,False
WASP-164,0.9182,9.3325,0.1102,119.8855,10,324.11,-0.01,ok,high,False
HATS-32,0.9727,9.7724,0.5347,477.5637,10,749.05,0.39,ok,high,False
TRAPPIST-1,0.1,4.3652,0.1755,6.5612,6,12.45,0.052,ok,ok,True
WASP-21,0.9182,10.0,-0.151,85.843,10,252.67,-0.22,upper_boundary,high,False
K2-238,1.6273,2.6303,0.4041,264.4667,10,3999.89,0.34,ok,high,False
TOI-332,0.9727,0.0316,0.4041,58.8541,10,219.44,0.256,lower_boundary,high,False
WASP-6,0.8364,0.0316,-0.1837,118.0073,10,198.44,-0.15,lower_boundary,high,False
HD 219134,0.8364,0.1334,0.2082,0.2487,6,6.54,0.11,ok,ok,True
WASP-52,0.8636,0.0316,0.0449,73.3932,10,173.57,0.03,lower_boundary,high,False
K2-393,0.9727,7.4131,0.1755,2.3511,10,262.27,0.076,ok,ok,True
K2-138,0.9182,3.2359,0.2735,44.5942,10,200.96,0.14,ok,high,False
WASP-10,0.7545,9.7724,0.1755,15.4871,10,141.15,0.03,ok,high,False
WASP-151,1.0,10.0,0.2408,237.0999,10,454.59,0.1,upper_boundary,high,False
TOI-238,0.7545,9.5499,-0.1184,1.1996,10,79.98,-0.114,ok,ok,True
K2-285,0.8364,1.7783,0.0122,1.1012,10,154.5,0.0,ok,ok,True
HD 219666,0.9727,5.8884,0.1429,0.1079,6,93.96,0.04,ok,ok,True
WASP-59,0.6727,0.0422,-0.249,13.0108,10,115.91,-0.15,ok,high,False
L 168-9,0.5909,9.3325,0.1102,0.4166,6,25.16,-0.03,ok,ok,True
K2-141,0.7,7.9433,-0.0204,0.7311,10,61.83,0.0,ok,ok,True
K2-329,0.8636,0.0365,0.0776,65.4529,10,231.89,0.098,ok,high,False
TOI-329,1.0545,9.7724,0.3388,62.7335,10,282.58,0.205,ok,high,False
K2-293,0.9727,0.0316,0.2735,183.3672,10,393.43,0.218,lower_boundary,high,False
K2-414,0.7,0.0316,-0.249,206.3356,10,255.88,-0.102,lower_boundary,high,False
GJ 9827,0.6182,1.0965,-0.249,0.2491,6,29.61,-0.29,ok,ok,True
K2-294,0.9727,8.7096,0.2082,1.9069,10,356.69,0.194,ok,ok,True
TOI-181,0.8091,6.0256,0.2735,3.3009,10,96.07,0.272,ok,ok,True
TOI-1518,1.6273,1.2589,-0.0204,1.0331,10,228.25,-0.1,ok,ok,True
K2-388,0.9727,0.0316,0.3061,121.3709,10,299.37,0.24,lower_boundary,high,False
HD 221416,1.2727,4.4668,0.0449,2.3286,10,95.06,-0.08,ok,ok,True
TOI-251,0.9455,4.6774,-0.1184,0.5886,10,100.75,-0.106,ok,ok,True
TOI-333,1.0,8.7096,0.1102,78.3344,10,349.59,0.01,ok,high,False
K2-413,0.7,0.0316,-0.1184,282.9434,10,292.52,-0.205,lower_boundary,high,False
WASP-4,0.9455,0.0316,0.0776,156.0631,10,271.69,-0.05,lower_boundary,high,False
WASP-28,0.9455,9.3325,-0.0531,184.3671,10,337.98,-0.2,ok,high,False
HIP 116454,0.7545,10.0,-0.1184,0.4972,10,62.48,0.0,upper_boundary,ok,False
WASP-173 A,0.9727,10.0,0.2735,59.9089,10,233.73,0.16,upper_boundary,high,False
TOI-1422,0.8909,9.7724,-0.151,3.6443,10,154.56,-0.028,ok,ok,True
K2-392,0.8909,10.0,-0.1184,164.8648,10,391.62,-0.238,upper_boundary,high,False
TOI-1758,0.8113,7.867,-0.0088,0.4613,10,95.77,-0.02,ok,ok,True
HAT-P-6,1.1636,4.1687,-0.2163,17.0617,10,272.18,-0.13,ok,high,False
DS Tuc A,0.8909,10.0,0.1429,0.6272,10,44.15,0.0,upper_boundary,ok,False
K2-389,0.9455,10.0,0.0776,55.5209,10,260.42,-0.034,upper_boundary,high,False
K2-390,0.8909,9.1201,0.0122,248.9986,10,451.28,-0.116,ok,high,False
TOI-5293 A,0.4273,0.0316,-0.151,138.3738,10,160.82,-0.03,lower_boundary,high,False
TOI-6223,0.5909,0.0487,-0.1837,90.9052,10,133.46,-0.12,ok,high,False
K2-391,0.9182,10.0,-0.4776,250.3966,10,510.95,-0.543,upper_boundary,high,False
TOI-2382,1.1364,5.7544,0.2082,3.0319,10,424.67,0.249,ok,ok,True
TOI-5300,0.6727,0.0316,-0.2816,132.6765,10,161.64,-0.17,lower_boundary,high,False
WASP-60,1.0,10.0,0.0449,118.9543,10,424.07,-0.04,upper_boundary,high,False
WASP-165,1.0818,8.9125,0.2408,181.5598,10,583.55,0.33,ok,high,False
TOI-7041,1.2455,5.7544,0.3714,2.7067,10,437.97,0.25,ok,ok,True
WASP-91,0.8636,6.9183,0.3061,0.7054,10,150.62,0.19,ok,ok,True
WASP-29,0.7818,0.0422,0.0449,1.269,10,87.27,0.11,ok,ok,True
TOI-2379,0.6727,0.3652,0.4041,191.1981,10,208.47,0.501,ok,high,False
Qatar-7,1.0545,10.0,0.4041,196.6152,10,643.21,0.276,upper_boundary,high,False
HATS-16,0.9727,9.5499,0.0449,384.5726,10,716.67,-0.1,ok,high,False
HD 224018,1.0,7.7625,0.1429,0.6148,10,106.15,0.05,ok,ok,True
LTT 9779.00,1.0,2.7542,0.3714,1.3474,10,80.88,0.27,ok,ok,True
Qatar-3,1.0273,10.0,0.0776,107.6082,10,623.83,-0.041,upper_boundary,high,False
WASP-147,1.0273,10.0,0.2082,97.6928,10,458.69,0.092,upper_boundary,high,False
WASP-5,0.9727,9.5499,0.2082,101.2182,10,310.88,0.09,ok,high,False
TOI-3629,0.6182,0.0866,0.3388,52.7736,10,129.69,0.4,ok,high,False
WASP-8,0.9455,9.7724,0.3061,4.8129,10,89.86,0.17,ok,ok,True
